"tailnum","year","type","manufacturer","model","engines","seats","speed","engine"
"N101HQ",2007,"Fixed wing multi engine","EMBRAER-EMPRESA BRASILEIRA DE","ERJ 170-200 LR",2,80,0,"Turbo-fan"
"N102HQ",2007,"Fixed wing multi engine","EMBRAER-EMPRESA BRASILEIRA DE","ERJ 170-200 LR",2,80,0,"Turbo-fan"
"N102UW",1998,"Fixed wing multi engine","AIRBUS INDUSTRIE","A320-214",2,182,0,"Turbo-fan"
"N103HQ",2007,"Fixed wing multi engine","EMBRAER-EMPRESA BRASILEIRA DE","ERJ 170-200 LR",2,80,0,"Turbo-fan"
"N103SY",2014,"Fixed wing multi engine","EMBRAER S A","ERJ 170-200 LL",2,88,0,"Turbo-fan"
"N103US",1999,"Fixed wing multi engine","AIRBUS INDUSTRIE","A320-214",2,182,0,"Turbo-fan"
"N104HQ",2007,"Fixed wing multi engine","EMBRAER-EMPRESA BRASILEIRA DE","ERJ 170-200 LR",2,80,0,"Turbo-fan"
"N104UW",1999,"Fixed wing multi engine","AIRBUS INDUSTRIE","A320-214",2,182,0,"Turbo-fan"
"N105HQ",2007,"Fixed wing multi engine","EMBRAER","ERJ 170-200 LR",2,88,0,"Turbo-fan"
"N105SY",2014,"Fixed wing multi engine","EMBRAER S A","ERJ 170-200 LL",2,88,0,"Turbo-fan"
"N105UW",1999,"Fixed wing multi engine","AIRBUS INDUSTRIE","A320-214",2,182,0,"Turbo-fan"
"N106HQ",2007,"Fixed wing multi engine","EMBRAER","ERJ 170-200 LR",2,88,0,"Turbo-fan"
"N106SY",2014,"Fixed wing multi engine","EMBRAER S A","ERJ 170-200 LR",2,88,0,"Turbo-fan"
"N107HQ",2007,"Fixed wing multi engine","EMBRAER-EMPRESA BRASILEIRA DE","ERJ 170-200 LR",2,80,0,"Turbo-fan"
"N107SY",2014,"Fixed wing multi engine","EMBRAER S A","ERJ 170-200 LR",2,88,0,"Turbo-fan"
"N107US",1999,"Fixed wing multi engine","AIRBUS INDUSTRIE","A320-214",2,182,0,"Turbo-fan"
"N108HQ",2007,"Fixed wing multi engine","EMBRAER-EMPRESA BRASILEIRA DE","ERJ 170-200 LR",2,80,0,"Turbo-fan"
"N108SY",2014,"Fixed wing multi engine","EMBRAER S A","ERJ 170-200 LL",2,88,0,"Turbo-fan"
"N108UW",1999,"Fixed wing multi engine","AIRBUS INDUSTRIE","A320-214",2,182,0,"Turbo-fan"
"N109HQ",2007,"Fixed wing multi engine","EMBRAER-EMPRESA BRASILEIRA DE","ERJ 170-200 LR",2,80,0,"Turbo-fan"
"N109SY",2014,"Fixed wing multi engine","EMBRAER S A","ERJ 170-200 LR",2,88,0,"Turbo-fan"
"N109UW",1999,"Fixed wing multi engine","AIRBUS INDUSTRIE","A320-214",2,182,0,"Turbo-fan"
"N110HQ",2007,"Fixed wing multi engine","EMBRAER-EMPRESA BRASILEIRA DE","ERJ 170-200 LR",2,80,0,"Turbo-fan"
"N110SY",2014,"Fixed wing multi engine","EMBRAER S A","ERJ 170-200 LL",2,88,0,"Turbo-fan"
"N110UW",1999,"Fixed wing multi engine","AIRBUS INDUSTRIE","A320-214",2,182,0,"Turbo-fan"
"N11107",2002,"Fixed wing multi engine","EMBRAER","EMB-145XR",2,55,0,"Turbo-fan"
"N11165",2004,"Fixed wing multi engine","EMBRAER","EMB-145XR",2,55,0,"Turbo-fan"
"N11184",2005,"Fixed wing multi engine","EMBRAER","EMB-145XR",2,55,0,"Turbo-fan"
"N11189",2005,"Fixed wing multi engine","EMBRAER","EMB-145XR",2,55,0,"Turbo-fan"
"N11192",2005,"Fixed wing multi engine","EMBRAER","EMB-145XR",2,55,0,"Turbo-fan"
"N111HQ",2007,"Fixed wing multi engine","EMBRAER-EMPRESA BRASILEIRA DE","ERJ 170-200 LR",2,80,0,"Turbo-fan"
"N111US",1999,"Fixed wing multi engine","AIRBUS INDUSTRIE","A320-214",2,182,0,"Turbo-fan"
"N11206",2000,"Fixed wing multi engine","BOEING","737-824",2,149,0,"Turbo-fan"
"N112HQ",2007,"Fixed wing multi engine","EMBRAER","ERJ 170-200 LR",2,88,0,"Turbo-fan"
"N112US",1999,"Fixed wing multi engine","AIRBUS INDUSTRIE","A320-214",2,182,0,"Turbo-fan"
"N113HQ",2007,"Fixed wing multi engine","EMBRAER-EMPRESA BRASILEIRA DE","ERJ 170-200 LR",2,80,0,"Turbo-fan"
"N113SY",2014,"Fixed wing multi engine","EMBRAER S A","ERJ 170-200 LL",2,88,0,"Turbo-fan"
"N114HQ",2007,"Fixed wing multi engine","EMBRAER-EMPRESA BRASILEIRA DE","ERJ 170-200 LR",2,80,0,"Turbo-fan"
"N114SY",2014,"Fixed wing multi engine","EMBRAER","ERJ 170-200 LR",2,88,0,"Turbo-fan"
"N114UW",1999,"Fixed wing multi engine","AIRBUS INDUSTRIE","A320-214",2,182,0,"Turbo-fan"
"N11535",2001,"Fixed wing multi engine","EMBRAER","EMB-145LR",2,55,0,"Turbo-fan"
"N11536",2001,"Fixed wing multi engine","EMBRAER","EMB-145LR",2,55,0,"Turbo-fan"
"N115HQ",2007,"Fixed wing multi engine","EMBRAER-EMPRESA BRASILEIRA DE","ERJ 170-200 LR",2,80,0,"Turbo-fan"
"N116HQ",2007,"Fixed wing multi engine","EMBRAER-EMPRESA BRASILEIRA DE","ERJ 170-200 LR",2,80,0,"Turbo-fan"
"N116SY",2014,"Fixed wing multi engine","EMBRAER S A","ERJ 170-200 LL",2,88,0,"Turbo-fan"
"N117HQ",2007,"Fixed wing multi engine","EMBRAER-EMPRESA BRASILEIRA DE","ERJ 170-200 LR",2,80,0,"Turbo-fan"
"N117SY",2014,"Fixed wing multi engine","EMBRAER S A","ERJ 170-200 LR",2,88,0,"Turbo-fan"
"N117UW",2000,"Fixed wing multi engine","AIRBUS INDUSTRIE","A320-214",2,182,0,"Turbo-fan"
"N118HQ",2007,"Fixed wing multi engine","EMBRAER","ERJ 170-200 LR",2,88,0,"Turbo-fan"
"N118NN",2014,"Fixed wing multi engine","AIRBUS INDUSTRIE","A321-231",2,379,0,"Turbo-fan"
"N118SY",2014,"Fixed wing multi engine","EMBRAER S A","ERJ 170-200 LR",2,88,0,"Turbo-fan"
"N118US",2000,"Fixed wing multi engine","AIRBUS INDUSTRIE","A320-214",2,182,0,"Turbo-fan"
"N119HQ",2007,"Fixed wing multi engine","EMBRAER-EMPRESA BRASILEIRA DE","ERJ 170-200 LR",2,80,0,"Turbo-fan"
"N119NN",2014,"Fixed wing multi engine","AIRBUS","A321-231",2,379,0,"Turbo-fan"
"N119SY",2014,"Fixed wing multi engine","EMBRAER S A","ERJ 170-200 LR",2,88,0,"Turbo-fan"
"N119US",2000,"Fixed wing multi engine","AIRBUS INDUSTRIE","A320-214",2,182,0,"Turbo-fan"
"N120EE",2014,"Fixed wing multi engine","AIRBUS INDUSTRIE","A321-231",2,379,0,"Turbo-fan"
"N120HQ",2007,"Fixed wing multi engine","EMBRAER-EMPRESA BRASILEIRA DE","ERJ 170-200 LR",2,80,0,"Turbo-fan"
"N120SY",2014,"Fixed wing multi engine","EMBRAER S A","ERJ 170-200 LR",2,88,0,"Turbo-fan"
"N12135",2003,"Fixed wing multi engine","EMBRAER","EMB-145XR",2,55,0,"Turbo-fan"
"N12163",2004,"Fixed wing multi engine","EMBRAER","EMB-145XR",2,55,0,"Turbo-fan"
"N121AN",2014,"Fixed wing multi engine","AIRBUS","A321-231",2,379,0,"Turbo-fan"
"N121HQ",2007,"Fixed wing multi engine","EMBRAER-EMPRESA BRASILEIRA DE","ERJ 170-200 LR",2,80,0,"Turbo-fan"
"N121SY",2014,"Fixed wing multi engine","EMBRAER S A","ERJ 170-200 LR",2,88,0,"Turbo-fan"
"N121UW",2000,"Fixed wing multi engine","AIRBUS INDUSTRIE","A320-214",2,182,0,"Turbo-fan"
"N12216",1998,"Fixed wing multi engine","BOEING","737-824",2,149,0,"Turbo-fan"
"N12218",1998,"Fixed wing multi engine","BOEING","737-824",2,149,0,"Turbo-fan"
"N12221",1998,"Fixed wing multi engine","BOEING","737-824",2,149,0,"Turbo-fan"
"N12225",1998,"Fixed wing multi engine","BOEING","737-824",2,149,0,"Turbo-fan"
"N12238",1999,"Fixed wing multi engine","BOEING","737-824",2,149,0,"Turbo-fan"
"N122HQ",2007,"Fixed wing multi engine","EMBRAER","ERJ 170-200 LR",2,88,0,"Turbo-fan"
"N122SY",2014,"Fixed wing multi engine","EMBRAER S A","ERJ 170-200 LR",2,88,0,"Turbo-fan"
"N122US",2000,"Fixed wing multi engine","AIRBUS INDUSTRIE","A320-214",2,182,0,"Turbo-fan"
"N123HQ",2007,"Fixed wing multi engine","EMBRAER","ERJ 170-200 LR",2,88,0,"Turbo-fan"
"N123NN",2014,"Fixed wing multi engine","AIRBUS","A321-231",2,379,0,"Turbo-fan"
"N123UW",2000,"Fixed wing multi engine","AIRBUS INDUSTRIE","A320-214",2,182,0,"Turbo-fan"
"N124HQ",2007,"Fixed wing multi engine","EMBRAER-EMPRESA BRASILEIRA DE","ERJ 170-200 LR",2,80,0,"Turbo-fan"
"N124SY",2014,"Fixed wing multi engine","EMBRAER S A","ERJ 170-200 LR",2,88,0,"Turbo-fan"
"N124US",2000,"Fixed wing multi engine","AIRBUS INDUSTRIE","A320-214",2,182,0,"Turbo-fan"
"N12540",2001,"Fixed wing multi engine","EMBRAER","EMB-145LR",2,55,0,"Turbo-fan"
"N125AA",2014,"Fixed wing multi engine","AIRBUS","A321-231",2,379,0,"Turbo-fan"
"N125HQ",2007,"Fixed wing multi engine","EMBRAER-EMPRESA BRASILEIRA DE","ERJ 170-200 LR",2,80,0,"Turbo-fan"
"N125SY",2014,"Fixed wing multi engine","EMBRAER S A","ERJ 170-200 LR",2,88,0,"Turbo-fan"
"N125UW",2009,"Fixed wing multi engine","AIRBUS","A320-214",2,182,0,"Turbo-fan"
"N126AN",2014,"Fixed wing multi engine","AIRBUS","A321-231",2,379,0,"Turbo-fan"
"N126HQ",2008,"Fixed wing multi engine","EMBRAER-EMPRESA BRASILEIRA DE","ERJ 170-200 LR",2,80,0,"Turbo-fan"
"N126UW",2009,"Fixed wing multi engine","AIRBUS","A320-214",2,182,0,"Turbo-fan"
"N12754",2002,"Fixed wing multi engine","BOEING","737-7V3",2,149,0,"Turbo-fan"
"N127AA",2014,"Fixed wing multi engine","AIRBUS","A321-231",2,379,0,"Turbo-fan"
"N127HQ",2008,"Fixed wing multi engine","EMBRAER-EMPRESA BRASILEIRA DE","ERJ 170-200 LR",2,80,0,"Turbo-fan"
"N127SY",2014,"Fixed wing multi engine","EMBRAER S A","ERJ 170-200 LR",2,88,0,"Turbo-fan"
"N127UW",2010,"Fixed wing multi engine","AIRBUS","A320-214",2,182,0,"Turbo-fan"
"N128AN",2014,"Fixed wing multi engine","AIRBUS","A321-231",2,379,0,"Turbo-fan"
"N128HQ",2008,"Fixed wing multi engine","EMBRAER-EMPRESA BRASILEIRA DE","ERJ 170-200 LR",2,80,0,"Turbo-fan"
"N128SY",2014,"Fixed wing multi engine","EMBRAER S A","ERJ 170-200 LR",2,88,0,"Turbo-fan"
"N128UW",2010,"Fixed wing multi engine","AIRBUS","A320-214",2,182,0,"Turbo-fan"
"N129AA",2014,"Fixed wing multi engine","AIRBUS","A321-231",2,379,0,"Turbo-fan"
"N129HQ",2008,"Fixed wing multi engine","EMBRAER-EMPRESA BRASILEIRA DE","ERJ 170-200 LR",2,80,0,"Turbo-fan"
"N130AN",2014,"Fixed wing multi engine","AIRBUS","A321-231",2,379,0,"Turbo-fan"
"N130HQ",2008,"Fixed wing multi engine","EMBRAER","ERJ 170-200 LR",2,88,0,"Turbo-fan"
"N130SY",2015,"Fixed wing multi engine","EMBRAER S A","ERJ 170-200 LR",2,88,0,"Turbo-fan"
"N131EV",2009,"Fixed wing multi engine","BOMBARDIER INC","CL-600-2D24",2,95,0,"Turbo-fan"
"N131HQ",2008,"Fixed wing multi engine","EMBRAER-EMPRESA BRASILEIRA DE","ERJ 170-200 LR",2,80,0,"Turbo-fan"
"N131NN",2015,"Fixed wing multi engine","AIRBUS","A321-231",2,379,0,"Turbo-fan"
"N131SY",2015,"Fixed wing multi engine","EMBRAER S A","ERJ 170-200 LR",2,88,0,"Turbo-fan"
"N13227",1999,"Fixed wing multi engine","BOEING","737-824",2,149,0,"Turbo-fan"
"N13248",1999,"Fixed wing multi engine","BOEING","737-824",2,149,0,"Turbo-fan"
"N132AN",2015,"Fixed wing multi engine","AIRBUS","A321-231",2,379,0,"Turbo-fan"
"N132EV",2009,"Fixed wing multi engine","BOMBARDIER INC","CL-600-2D24",2,95,0,"Turbo-fan"
"N132HQ",2008,"Fixed wing multi engine","EMBRAER-EMPRESA BRASILEIRA DE","ERJ 170-200 LR",2,80,0,"Turbo-fan"
"N132SY",2015,"Fixed wing multi engine","EMBRAER S A","ERJ 170-200 LR",2,88,0,"Turbo-fan"
"N133AN",2015,"Fixed wing multi engine","AIRBUS","A321-231",2,379,0,"Turbo-fan"
"N133EV",2009,"Fixed wing multi engine","BOMBARDIER INC","CL-600-2D24",2,95,0,"Turbo-fan"
"N133HQ",2008,"Fixed wing multi engine","EMBRAER","ERJ 170-200 LR",2,88,0,"Turbo-fan"
"N133SY",2015,"Fixed wing multi engine","EMBRAER S A","ERJ 170-200 LR",2,88,0,"Turbo-fan"
"N134AN",2015,"Fixed wing multi engine","AIRBUS","A321-231",2,379,0,"Turbo-fan"
"N134EV",2009,"Fixed wing multi engine","BOMBARDIER INC","CL-600-2D24",2,95,0,"Turbo-fan"
"N134HQ",2008,"Fixed wing multi engine","EMBRAER-EMPRESA BRASILEIRA DE","ERJ 170-200 LR",2,80,0,"Turbo-fan"
"N134SY",2015,"Fixed wing multi engine","EMBRAER S A","ERJ 170-200 LR",2,88,0,"Turbo-fan"
"N135EV",2009,"Fixed wing multi engine","BOMBARDIER INC","CL-600-2D24",2,95,0,"Turbo-fan"
"N135HQ",2008,"Fixed wing multi engine","EMBRAER-EMPRESA BRASILEIRA DE","ERJ 170-200 LR",2,80,0,"Turbo-fan"
"N135NN",2015,"Fixed wing multi engine","AIRBUS","A321-231",2,379,0,"Turbo-fan"
"N135SY",2015,"Fixed wing multi engine","EMBRAER S A","ERJ 170-200 LR",2,88,0,"Turbo-fan"
"N136AN",2015,"Fixed wing multi engine","AIRBUS","A321-231",2,379,0,"Turbo-fan"
"N136EV",2009,"Fixed wing multi engine","BOMBARDIER INC","CL-600-2D24",2,95,0,"Turbo-fan"
"N136HQ",2008,"Fixed wing multi engine","EMBRAER-EMPRESA BRASILEIRA DE","ERJ 170-200 LR",2,80,0,"Turbo-fan"
"N136SY",2015,"Fixed wing multi engine","EMBRAER S A","ERJ 170-200 LR",2,88,0,"Turbo-fan"
"N13716",1998,"Fixed wing multi engine","BOEING","737-724",2,149,0,"Turbo-fan"
"N13718",1999,"Fixed wing multi engine","BOEING","737-724",2,149,0,"Turbo-fan"
"N13720",1999,"Fixed wing multi engine","BOEING","737-724",2,149,0,"Turbo-fan"
"N13750",1999,"Fixed wing multi engine","BOEING","737-724",2,149,0,"Turbo-fan"
"N137AA",2015,"Fixed wing multi engine","AIRBUS","A321-231",2,379,0,"Turbo-fan"
"N137EV",2009,"Fixed wing multi engine","BOMBARDIER INC","CL-600-2D24",2,95,0,"Turbo-fan"
"N137HQ",2008,"Fixed wing multi engine","EMBRAER-EMPRESA BRASILEIRA DE","ERJ 170-200 LR",2,80,0,"Turbo-fan"
"N138AN",2015,"Fixed wing multi engine","AIRBUS","A321-231",2,379,0,"Turbo-fan"
"N138EV",2009,"Fixed wing multi engine","BOMBARDIER INC","CL-600-2D24",2,95,0,"Turbo-fan"
"N138HQ",2008,"Fixed wing multi engine","EMBRAER-EMPRESA BRASILEIRA DE","ERJ 170-200 LR",2,80,0,"Turbo-fan"
"N138SY",2015,"Fixed wing multi engine","EMBRAER S A","ERJ 170-200 LR",2,88,0,"Turbo-fan"
"N13975",1999,"Fixed wing multi engine","EMBRAER","EMB-145LR",2,55,0,"Turbo-fan"
"N13978",1999,"Fixed wing multi engine","EMBRAER","EMB-145LR",2,55,0,"Turbo-fan"
"N13988",2000,"Fixed wing multi engine","EMBRAER","EMB-145LR",2,55,0,"Turbo-fan"
"N13989",2000,"Fixed wing multi engine","EMBRAER","EMB-145LR",2,55,0,"Turbo-fan"
"N139AN",2015,"Fixed wing multi engine","AIRBUS","A321-231",2,379,0,"Turbo-fan"
"N139SY",2015,"Fixed wing multi engine","EMBRAER S A","ERJ 170-200 LR",2,88,0,"Turbo-fan"
"N140AN",2015,"Fixed wing multi engine","AIRBUS","A321-231",2,379,0,"Turbo-fan"
"N140SY",2015,"Fixed wing multi engine","EMBRAER S A","ERJ 170-200 LR",2,88,0,"Turbo-fan"
"N14105",2002,"Fixed wing multi engine","EMBRAER","EMB-145XR",2,55,0,"Turbo-fan"
"N14158",2004,"Fixed wing multi engine","EMBRAER","EMB-145XR",2,55,0,"Turbo-fan"
"N14180",2005,"Fixed wing multi engine","EMBRAER","EMB-145XR",2,55,0,"Turbo-fan"
"N141NN",2015,"Fixed wing multi engine","AIRBUS","A321-231",2,379,0,"Turbo-fan"
"N141SY",2015,"Fixed wing multi engine","EMBRAER S A","ERJ 170-200 LR",2,88,0,"Turbo-fan"
"N14203",2006,"Fixed wing multi engine","EMBRAER","EMB-145XR",2,55,0,"Turbo-fan"
"N14214",1998,"Fixed wing multi engine","BOEING","737-824",2,149,0,"Turbo-fan"
"N14219",1998,"Fixed wing multi engine","BOEING","737-824",2,149,0,"Turbo-fan"
"N14228",1999,"Fixed wing multi engine","BOEING","737-824",2,149,0,"Turbo-fan"
"N14230",1999,"Fixed wing multi engine","BOEING","737-824",2,149,0,"Turbo-fan"
"N14231",1999,"Fixed wing multi engine","BOEING","737-824",2,149,0,"Turbo-fan"
"N14235",1999,"Fixed wing multi engine","BOEING","737-824",2,149,0,"Turbo-fan"
"N14237",1999,"Fixed wing multi engine","BOEING","737-824",2,149,0,"Turbo-fan"
"N14240",1999,"Fixed wing multi engine","BOEING","737-824",2,149,0,"Turbo-fan"
"N14242",1999,"Fixed wing multi engine","BOEING","737-824",2,149,0,"Turbo-fan"
"N14249",1999,"Fixed wing multi engine","BOEING","737-824",2,149,0,"Turbo-fan"
"N14250",1999,"Fixed wing multi engine","BOEING","737-824",2,149,0,"Turbo-fan"
"N142AN",2015,"Fixed wing multi engine","AIRBUS","A321-231",2,379,0,"Turbo-fan"
"N142SY",2015,"Fixed wing multi engine","EMBRAER S A","ERJ 170-200 LR",2,88,0,"Turbo-fan"
"N143AN",2015,"Fixed wing multi engine","AIRBUS","A321-231",2,379,0,"Turbo-fan"
"N143SY",2015,"Fixed wing multi engine","EMBRAER S A","ERJ 170-200 LR",2,88,0,"Turbo-fan"
"N144AN",2015,"Fixed wing multi engine","AIRBUS","A321-231",2,379,0,"Turbo-fan"
"N144SY",2015,"Fixed wing multi engine","EMBRAER S A","ERJ 170-200 LR",2,88,0,"Turbo-fan"
"N14542",2001,"Fixed wing multi engine","EMBRAER","EMB-145LR",2,55,0,"Turbo-fan"
"N145AN",2015,"Fixed wing multi engine","AIRBUS","A321-231",2,379,0,"Turbo-fan"
"N145SY",2015,"Fixed wing multi engine","EMBRAER S A","ERJ 170-200 LR",2,88,0,"Turbo-fan"
"N146AA",2015,"Fixed wing multi engine","AIRBUS","A321-231",2,379,0,"Turbo-fan"
"N146PQ",2007,"Fixed wing multi engine","BOMBARDIER INC","CL-600-2D24",2,95,0,"Turbo-fan"
"N146SY",2015,"Fixed wing multi engine","EMBRAER S A","ERJ 170-200 LR",2,88,0,"Turbo-fan"
"N14704",1998,"Fixed wing multi engine","BOEING","737-724",2,149,0,"Turbo-fan"
"N14731",1999,"Fixed wing multi engine","BOEING","737-724",2,149,0,"Turbo-fan"
"N14735",1999,"Fixed wing multi engine","BOEING","737-724",2,149,0,"Turbo-fan"
"N147AA",2015,"Fixed wing multi engine","AIRBUS","A321-231",2,379,0,"Turbo-fan"
"N147PQ",2007,"Fixed wing multi engine","BOMBARDIER INC","CL-600-2D24",2,95,0,"Turbo-fan"
"N148AN",2015,"Fixed wing multi engine","AIRBUS","A321-231",2,379,0,"Turbo-fan"
"N148SY",2015,"Fixed wing multi engine","EMBRAER S A","ERJ 170-200 LR",2,88,0,"Turbo-fan"
"N14916",2001,"Fixed wing multi engine","EMBRAER","EMB-145LR",2,55,0,"Turbo-fan"
"N149AN",2015,"Fixed wing multi engine","AIRBUS","A321-231",2,379,0,"Turbo-fan"
"N149SY",2015,"Fixed wing multi engine","EMBRAER S A","ERJ 170-200 LR",2,88,0,"Turbo-fan"
"N150NN",2015,"Fixed wing multi engine","AIRBUS","A321-231",2,379,0,"Turbo-fan"
"N150SY",2015,"Fixed wing multi engine","EMBRAER S A","ERJ 170-200 LR",2,88,0,"Turbo-fan"
"N150UW",2013,"Fixed wing multi engine","AIRBUS","A321-211",2,199,0,"Turbo-fan"
"N151AN",2015,"Fixed wing multi engine","AIRBUS","A321-231",2,379,0,"Turbo-fan"
"N151SY",2015,"Fixed wing multi engine","EMBRAER S A","ERJ 170-200 LR",2,88,0,"Turbo-fan"
"N151UW",2013,"Fixed wing multi engine","AIRBUS","A321-211",2,199,0,"Turbo-fan"
"N152AA",2015,"Fixed wing multi engine","AIRBUS","A321-231",2,379,0,"Turbo-fan"
"N152SY",2016,"Fixed wing multi engine","EMBRAER S A","ERJ 170-200 LR",2,88,0,"Turbo-fan"
"N152UW",2013,"Fixed wing multi engine","AIRBUS","A321-211",2,199,0,"Turbo-fan"
"N153AN",2015,"Fixed wing multi engine","AIRBUS","A321-231",2,379,0,"Turbo-fan"
"N153PQ",2007,"Fixed wing multi engine","BOMBARDIER INC","CL-600-2D24",2,95,0,"Turbo-fan"
"N153SY",2016,"Fixed wing multi engine","EMBRAER S A","ERJ 170-200 LR",2,88,0,"Turbo-fan"
"N153UW",2013,"Fixed wing multi engine","AIRBUS","A321-211",2,199,0,"Turbo-fan"
"N154AA",2016,"Fixed wing multi engine","AIRBUS","A321-231",2,379,0,"Turbo-fan"
"N154SY",2016,"Fixed wing multi engine","EMBRAER S A","ERJ 170-200 LR",2,88,0,"Turbo-fan"
"N154UW",2013,"Fixed wing multi engine","AIRBUS","A321-211",2,199,0,"Turbo-fan"
"N155NN",2016,"Fixed wing multi engine","AIRBUS","A321-231",2,379,0,"Turbo-fan"
"N155UW",2013,"Fixed wing multi engine","AIRBUS","A321-211",2,199,0,"Turbo-fan"
"N156AN",2016,"Fixed wing multi engine","AIRBUS","A321-231",2,379,0,"Turbo-fan"
"N156SY",2016,"Fixed wing multi engine","EMBRAER","ERJ 170-200 LR",2,88,0,"Turbo-fan"
"N156UW",2013,"Fixed wing multi engine","AIRBUS","A321-211",2,199,0,"Turbo-fan"
"N15710",1998,"Fixed wing multi engine","BOEING","737-724",2,149,0,"Turbo-fan"
"N15712",1998,"Fixed wing multi engine","BOEING","737-724",2,149,0,"Turbo-fan"
"N15751",1999,"Fixed wing multi engine","BOEING","737-71Q",2,149,0,"Turbo-fan"
"N157AA",2016,"Fixed wing multi engine","AIRBUS","A321-231",2,379,0,"Turbo-fan"
"N157SY",2016,"Fixed wing multi engine","EMBRAER S A","ERJ 170-200 LR",2,88,0,"Turbo-fan"
"N157UW",2013,"Fixed wing multi engine","AIRBUS","A321-211",2,199,0,"Turbo-fan"
"N158AN",2016,"Fixed wing multi engine","AIRBUS","A321-231",2,379,0,"Turbo-fan"
"N15983",2000,"Fixed wing multi engine","EMBRAER","EMB-145LR",2,55,0,"Turbo-fan"
"N159AN",2016,"Fixed wing multi engine","AIRBUS","A321-231",2,379,0,"Turbo-fan"
"N160AN",2016,"Fixed wing multi engine","AIRBUS","A321-231",2,379,0,"Turbo-fan"
"N160SY",2016,"Fixed wing multi engine","EMBRAER","ERJ 170-200 LR",2,88,0,"Turbo-fan"
"N16170",2004,"Fixed wing multi engine","EMBRAER","EMB-145XR",2,55,0,"Turbo-fan"
"N16178",2005,"Fixed wing multi engine","EMBRAER","EMB-145XR",2,55,0,"Turbo-fan"
"N161AA",2016,"Fixed wing multi engine","AIRBUS","A321-231",2,379,0,"Turbo-fan"
"N161PQ",2008,"Fixed wing multi engine","BOMBARDIER INC","CL-600-2D24",2,95,0,"Turbo-fan"
"N161SY",2016,"Fixed wing multi engine","EMBRAER","ERJ 170-200 LR",2,88,0,"Turbo-fan"
"N161UW",2001,"Fixed wing multi engine","AIRBUS INDUSTRIE","A321-211",2,199,0,"Turbo-fan"
"N16217",1998,"Fixed wing multi engine","BOEING","737-824",2,149,0,"Turbo-fan"
"N16234",1999,"Fixed wing multi engine","BOEING","737-824",2,149,0,"Turbo-fan"
"N162AA",2016,"Fixed wing multi engine","AIRBUS","A321-231",2,379,0,"Turbo-fan"
"N162PQ",2008,"Fixed wing multi engine","BOMBARDIER INC","CL-600-2D24",2,95,0,"Turbo-fan"
"N162SY",2016,"Fixed wing multi engine","EMBRAER S A","ERJ 170-200 LR",2,88,0,"Turbo-fan"
"N162UW",2001,"Fixed wing multi engine","AIRBUS INDUSTRIE","A321-211",2,199,0,"Turbo-fan"
"N163AA",2016,"Fixed wing multi engine","AIRBUS","A321-231",2,379,0,"Turbo-fan"
"N163SY",2016,"Fixed wing multi engine","EMBRAER S A","ERJ 170-200 LR",2,88,0,"Turbo-fan"
"N163US",2001,"Fixed wing multi engine","AIRBUS INDUSTRIE","A321-211",2,199,0,"Turbo-fan"
"N164NN",2016,"Fixed wing multi engine","AIRBUS","A321-231",2,379,0,"Turbo-fan"
"N164SY",2016,"Fixed wing multi engine","EMBRAER","ERJ 170-200 LR",2,88,0,"Turbo-fan"
"N165NN",2016,"Fixed wing multi engine","AIRBUS","A321-231",2,379,0,"Turbo-fan"
"N165SY",2016,"Fixed wing multi engine","EMBRAER S A","ERJ 170-200 LR",2,88,0,"Turbo-fan"
"N165US",2001,"Fixed wing multi engine","AIRBUS INDUSTRIE","A321-211",2,199,0,"Turbo-fan"
"N166NN",2016,"Fixed wing multi engine","AIRBUS","A321-231",2,379,0,"Turbo-fan"
"N166PQ",2008,"Fixed wing multi engine","BOMBARDIER INC","CL-600-2D24",2,95,0,"Turbo-fan"
"N166SY",2016,"Fixed wing multi engine","EMBRAER S A","ERJ 170-200 LR",2,88,0,"Turbo-fan"
"N16701",1998,"Fixed wing multi engine","BOEING","737-724",2,149,0,"Turbo-fan"
"N16703",1998,"Fixed wing multi engine","BOEING","737-724",2,149,0,"Turbo-fan"
"N16709",1998,"Fixed wing multi engine","BOEING","737-724",2,149,0,"Turbo-fan"
"N16732",1999,"Fixed wing multi engine","BOEING","737-724",2,149,0,"Turbo-fan"
"N167AN",2016,"Fixed wing multi engine","AIRBUS","A321-231",2,379,0,"Turbo-fan"
"N167SY",2016,"Fixed wing multi engine","EMBRAER S A","ERJ 170-200 LR",2,88,0,"Turbo-fan"
"N167US",2001,"Fixed wing multi engine","AIRBUS INDUSTRIE","A321-211",2,199,0,"Turbo-fan"
"N168SY",2016,"Fixed wing multi engine","EMBRAER S A","ERJ 170-200 LR",2,88,0,"Turbo-fan"
"N16981",1999,"Fixed wing multi engine","EMBRAER","EMB-145LR",2,55,0,"Turbo-fan"
"N169UW",2001,"Fixed wing multi engine","AIRBUS INDUSTRIE","A321-211",2,199,0,"Turbo-fan"
"N170PQ",2008,"Fixed wing multi engine","BOMBARDIER INC","CL-600-2D24",2,95,0,"Turbo-fan"
"N170US",2001,"Fixed wing multi engine","AIRBUS INDUSTRIE","A321-211",2,199,0,"Turbo-fan"
"N17115",2002,"Fixed wing multi engine","EMBRAER","EMB-145XR",2,55,0,"Turbo-fan"
"N17196",2005,"Fixed wing multi engine","EMBRAER","EMB-145XR",2,55,0,"Turbo-fan"
"N171US",2001,"Fixed wing multi engine","AIRBUS INDUSTRIE","A321-211",2,199,0,"Turbo-fan"
"N17229",1999,"Fixed wing multi engine","BOEING","737-824",2,149,0,"Turbo-fan"
"N17233",1999,"Fixed wing multi engine","BOEING","737-824",2,149,0,"Turbo-fan"
"N17244",1999,"Fixed wing multi engine","BOEING","737-824",2,149,0,"Turbo-fan"
"N17245",1999,"Fixed wing multi engine","BOEING","737-824",2,149,0,"Turbo-fan"
"N172AJ",2002,"Fixed wing multi engine","BOEING","757-223",2,178,0,"Turbo-fan"
"N172US",2001,"Fixed wing multi engine","AIRBUS INDUSTRIE","A321-211",2,199,0,"Turbo-fan"
"N173US",2001,"Fixed wing multi engine","AIRBUS INDUSTRIE","A321-211",2,199,0,"Turbo-fan"
"N174US",NA,"Fixed wing multi engine","AIRBUS INDUSTRIE","A321-211",2,199,0,"Turbo-fan"
"N176PQ",2008,"Fixed wing multi engine","BOMBARDIER INC","CL-600-2D24",2,95,0,"Turbo-fan"
"N176UW",2001,"Fixed wing multi engine","AIRBUS INDUSTRIE","A321-211",2,199,0,"Turbo-fan"
"N17719",1999,"Fixed wing multi engine","BOEING","737-724",2,149,0,"Turbo-fan"
"N17730",1999,"Fixed wing multi engine","BOEING","737-724",2,149,0,"Turbo-fan"
"N17752",1999,"Fixed wing multi engine","BOEING","737-71Q",2,149,0,"Turbo-fan"
"N17753",2002,"Fixed wing multi engine","BOEING","737-7V3",2,149,0,"Turbo-fan"
"N177US",NA,"Fixed wing multi engine","AIRBUS INDUSTRIE","A321-211",2,199,0,"Turbo-fan"
"N177XF",2006,"Fixed wing multi engine","AIRBUS","A319-112",2,100,0,"Turbo-fan"
"N178US",2001,"Fixed wing multi engine","AIRBUS INDUSTRIE","A321-211",2,199,0,"Turbo-fan"
"N17984",2000,"Fixed wing multi engine","EMBRAER","EMB-145LR",2,55,0,"Turbo-fan"
"N179UW",2001,"Fixed wing multi engine","AIRBUS INDUSTRIE","A321-211",2,199,0,"Turbo-fan"
"N180US",2001,"Fixed wing multi engine","AIRBUS INDUSTRIE","A321-211",2,199,0,"Turbo-fan"
"N181PQ",2008,"Fixed wing multi engine","BOMBARDIER INC","CL-600-2D24",2,95,0,"Turbo-fan"
"N181UW",NA,"Fixed wing multi engine","AIRBUS INDUSTRIE","A321-211",2,199,0,"Turbo-fan"
"N18220",1998,"Fixed wing multi engine","BOEING","737-824",2,149,0,"Turbo-fan"
"N18223",1998,"Fixed wing multi engine","BOEING","737-824",2,149,0,"Turbo-fan"
"N18243",1999,"Fixed wing multi engine","BOEING","737-824",2,149,0,"Turbo-fan"
"N182UW",2001,"Fixed wing multi engine","AIRBUS INDUSTRIE","A321-211",2,199,0,"Turbo-fan"
"N183UW",2001,"Fixed wing multi engine","AIRBUS INDUSTRIE","A321-211",2,199,0,"Turbo-fan"
"N184JB",2005,"Fixed wing multi engine","EMBRAER","ERJ 190-100 IGW",2,20,0,"Turbo-fan"
"N184US",2002,"Fixed wing multi engine","AIRBUS INDUSTRIE","A321-211",2,199,0,"Turbo-fan"
"N185UW",2002,"Fixed wing multi engine","AIRBUS INDUSTRIE","A321-211",2,199,0,"Turbo-fan"
"N186PQ",2008,"Fixed wing multi engine","BOMBARDIER INC","CL-600-2D24",2,95,0,"Turbo-fan"
"N186US",2002,"Fixed wing multi engine","AIRBUS","A321-211",2,199,0,"Turbo-fan"
"N187PQ",2008,"Fixed wing multi engine","BOMBARDIER INC","CL-600-2D24",2,95,0,"Turbo-fan"
"N187US",2002,"Fixed wing multi engine","AIRBUS","A321-211",2,199,0,"Turbo-fan"
"N188US",2002,"Fixed wing multi engine","AIRBUS","A321-211",2,199,0,"Turbo-fan"
"N189AN",2001,"Fixed wing multi engine","BOEING","757-223",2,178,0,"Turbo-fan"
"N189UW",2001,"Fixed wing multi engine","AIRBUS INDUSTRIE","A321-211",2,199,0,"Turbo-fan"
"N1902U",2006,"Fixed wing multi engine","AIRBUS","A320-232",2,200,0,"Turbo-fan"
"N190AA",2001,"Fixed wing multi engine","BOEING","757-223",2,178,0,"Turbo-fan"
"N190JB",2005,"Fixed wing multi engine","EMBRAER","ERJ 190-100 IGW",2,20,0,"Turbo-fan"
"N190UW",2001,"Fixed wing multi engine","AIRBUS INDUSTRIE","A321-211",2,199,0,"Turbo-fan"
"N191AN",2001,"Fixed wing multi engine","BOEING","757-223",2,178,0,"Turbo-fan"
"N191UW",2001,"Fixed wing multi engine","AIRBUS INDUSTRIE","A321-211",2,199,0,"Turbo-fan"
"N192JB",2005,"Fixed wing multi engine","EMBRAER","ERJ 190-100 IGW",2,20,0,"Turbo-fan"
"N192UW",2001,"Fixed wing multi engine","AIRBUS INDUSTRIE","A321-211",2,199,0,"Turbo-fan"
"N193AN",2001,"Fixed wing multi engine","BOEING","757-223",2,178,0,"Turbo-fan"
"N193JB",2005,"Fixed wing multi engine","EMBRAER","ERJ 190-100 IGW",2,20,0,"Turbo-fan"
"N193UW",2008,"Fixed wing multi engine","AIRBUS","A321-211",2,199,0,"Turbo-fan"
"N194UW",NA,"Fixed wing multi engine","AIRBUS","A321-211",2,199,0,"Turbo-fan"
"N195AN",2001,"Fixed wing multi engine","BOEING","757-223",2,178,0,"Turbo-fan"
"N195PQ",2008,"Fixed wing multi engine","BOMBARDIER INC","CL-600-2D24",2,95,0,"Turbo-fan"
"N195UW",2008,"Fixed wing multi engine","AIRBUS","A321-211",2,199,0,"Turbo-fan"
"N196AA",2001,"Fixed wing multi engine","BOEING","757-223",2,178,0,"Turbo-fan"
"N196UW",2009,"Fixed wing multi engine","AIRBUS","A321-211",2,199,0,"Turbo-fan"
"N197PQ",2008,"Fixed wing multi engine","BOMBARDIER INC","CL-600-2D24",2,95,0,"Turbo-fan"
"N197UW",2009,"Fixed wing multi engine","AIRBUS","A321-211",2,199,0,"Turbo-fan"
"N198UW",2013,"Fixed wing multi engine","AIRBUS","A321-211",2,199,0,"Turbo-fan"
"N199AN",2001,"Fixed wing multi engine","BOEING","757-223",2,178,0,"Turbo-fan"
"N199UW",2013,"Fixed wing multi engine","AIRBUS","A321-211",2,199,0,"Turbo-fan"
"N200NV",2016,"Fixed wing multi engine","BOEING","737-800",2,175,0,"Turbo-fan"
"N200PQ",2008,"Fixed wing multi engine","BOMBARDIER INC","CL-600-2D24",2,95,0,"Turbo-fan"
"N200SY",2016,"Fixed wing multi engine","EMBRAER S A","ERJ 170-200 LR",2,88,0,"Turbo-fan"
"N200WN",2005,"Fixed wing multi engine","BOEING","737-7H4",2,143,0,"Turbo-fan"
"N201FR",2008,"Fixed wing multi engine","AIRBUS","A320-214",2,182,0,"Turbo-fan"
"N201JQ",2008,"Fixed wing multi engine","EMBRAER-EMPRESA BRASILEIRA DE","ERJ 170-200 LR",2,80,0,"Turbo-fan"
"N201LV",2005,"Fixed wing multi engine","BOEING","737-7H4",2,143,0,"Turbo-fan"
"N202FR",2008,"Fixed wing multi engine","AIRBUS","A320-214",2,182,0,"Turbo-fan"
"N202JQ",2008,"Fixed wing multi engine","EMBRAER-EMPRESA BRASILEIRA DE","ERJ 170-200 LR",2,80,0,"Turbo-fan"
"N202SY",2016,"Fixed wing multi engine","EMBRAER S A","ERJ 170-200 LR",2,88,0,"Turbo-fan"
"N203JQ",2008,"Fixed wing multi engine","EMBRAER-EMPRESA BRASILEIRA DE","ERJ 170-200 LR",2,80,0,"Turbo-fan"
"N203SY",2016,"Fixed wing multi engine","EMBRAER S A","ERJ 170-200 LR",2,88,0,"Turbo-fan"
"N203WN",2005,"Fixed wing multi engine","BOEING","737-7H4",2,143,0,"Turbo-fan"
"N204JQ",2008,"Fixed wing multi engine","EMBRAER-EMPRESA BRASILEIRA DE","ERJ 170-200 LR",2,80,0,"Turbo-fan"
"N204SY",2016,"Fixed wing multi engine","EMBRAER S A","ERJ 170-200 LR",2,88,0,"Turbo-fan"
"N204WN",2005,"Fixed wing multi engine","BOEING","737-7H4",2,143,0,"Turbo-fan"
"N205JQ",2008,"Fixed wing multi engine","EMBRAER-EMPRESA BRASILEIRA DE","ERJ 170-200 LR",2,80,0,"Turbo-fan"
"N205SY",2017,"Fixed wing multi engine","EMBRAER S A","ERJ 170-200 LR",2,88,0,"Turbo-fan"
"N205WN",2005,"Fixed wing multi engine","BOEING","737-7H4",2,143,0,"Turbo-fan"
"N206FR",2010,"Fixed wing multi engine","AIRBUS","A320-214",2,182,0,"Turbo-fan"
"N206JQ",2008,"Fixed wing multi engine","EMBRAER-EMPRESA BRASILEIRA DE","ERJ 170-200 LR",2,80,0,"Turbo-fan"
"N206SY",2017,"Fixed wing multi engine","EMBRAER S A","ERJ 170-200 LR",2,88,0,"Turbo-fan"
"N206UW",NA,"Rotorcraft","BELL HELICOPTER TEXTRON CANADA","206B",1,5,0,"Turbo-shaft"
"N206WN",2005,"Fixed wing multi engine","BOEING","737-7H4",2,143,0,"Turbo-fan"
"N207FR",2010,"Fixed wing multi engine","AIRBUS","A320-214",2,182,0,"Turbo-fan"
"N207JQ",2008,"Fixed wing multi engine","EMBRAER-EMPRESA BRASILEIRA DE","ERJ 170-200 LR",2,80,0,"Turbo-fan"
"N207PS",2003,"Fixed wing multi engine","BOMBARDIER INC","CL-600-2B19",2,55,0,"Turbo-fan"
"N207SY",2017,"Fixed wing multi engine","EMBRAER S A","ERJ 170-200 LR",2,88,0,"Turbo-fan"
"N207WN",2005,"Fixed wing multi engine","BOEING","737-7H4",2,143,0,"Turbo-fan"
"N208JQ",2008,"Fixed wing multi engine","EMBRAER-EMPRESA BRASILEIRA DE","ERJ 170-200 LR",2,80,0,"Turbo-fan"
"N208SY",2017,"Fixed wing multi engine","EMBRAER S A","ERJ 170-200 LR",2,88,0,"Turbo-fan"
"N208WN",2005,"Fixed wing multi engine","BOEING","737-7H4",2,143,0,"Turbo-fan"
"N209JQ",2008,"Fixed wing multi engine","EMBRAER-EMPRESA BRASILEIRA DE","ERJ 170-200 LR",2,80,0,"Turbo-fan"
"N209PS",NA,"Fixed wing multi engine","BOMBARDIER INC","CL-600-2B19",2,55,0,"Turbo-fan"
"N209SY",2017,"Fixed wing multi engine","EMBRAER S A","ERJ 170-200 LR",2,88,0,"Turbo-fan"
"N209WN",2005,"Fixed wing multi engine","BOEING","737-7H4",2,143,0,"Turbo-fan"
"N210JQ",2008,"Fixed wing multi engine","EMBRAER-EMPRESA BRASILEIRA DE","ERJ 170-200 LR",2,80,0,"Turbo-fan"
"N210WN",2005,"Fixed wing multi engine","BOEING","737-7H4",2,143,0,"Turbo-fan"
"N211JQ",2008,"Fixed wing multi engine","EMBRAER-EMPRESA BRASILEIRA DE","ERJ 170-200 LR",2,80,0,"Turbo-fan"
"N211SY",2017,"Fixed wing multi engine","EMBRAER S A","ERJ 170-200 LR",2,88,0,"Turbo-fan"
"N211WN",2005,"Fixed wing multi engine","BOEING","737-7H4",2,143,0,"Turbo-fan"
"N212JQ",2008,"Fixed wing multi engine","EMBRAER-EMPRESA BRASILEIRA DE","ERJ 170-200 LR",2,80,0,"Turbo-fan"
"N212WN",2005,"Fixed wing multi engine","BOEING","737-7H4",2,143,0,"Turbo-fan"
"N213JQ",2008,"Fixed wing multi engine","EMBRAER-EMPRESA BRASILEIRA DE","ERJ 170-200 LR",2,80,0,"Turbo-fan"
"N213SY",2017,"Fixed wing multi engine","EMBRAER S A","ERJ 170-200 LR",2,88,0,"Turbo-fan"
"N213WN",2005,"Fixed wing multi engine","BOEING","737-7H4",2,143,0,"Turbo-fan"
"N214AK",2019,"Fixed wing multi engine","BOEING","737-900ER",2,222,0,"Turbo-fan"
"N214JQ",2008,"Fixed wing multi engine","EMBRAER-EMPRESA BRASILEIRA DE","ERJ 170-200 LR",2,80,0,"Turbo-fan"
"N214WN",2005,"Fixed wing multi engine","BOEING","737-7H4",2,143,0,"Turbo-fan"
"N215AK",2019,"Fixed wing multi engine","BOEING","737-900ER",2,222,0,"Turbo-fan"
"N215JQ",2009,"Fixed wing multi engine","EMBRAER-EMPRESA BRASILEIRA DE","ERJ 170-200 LR",2,80,0,"Turbo-fan"
"N215WN",2005,"Fixed wing multi engine","BOEING","737-7H4",2,143,0,"Turbo-fan"
"N216JQ",2009,"Fixed wing multi engine","EMBRAER-EMPRESA BRASILEIRA DE","ERJ 170-200 LR",2,80,0,"Turbo-fan"
"N216WR",2005,"Fixed wing multi engine","BOEING","737-7H4",2,143,0,"Turbo-fan"
"N21723",1999,"Fixed wing multi engine","BOEING","737-724",2,149,0,"Turbo-fan"
"N217JC",2005,"Fixed wing multi engine","BOEING","737-7H4",2,143,0,"Turbo-fan"
"N218PS",2003,"Fixed wing multi engine","BOMBARDIER INC","CL-600-2B19",2,55,0,"Turbo-fan"
"N218WN",2005,"Fixed wing multi engine","BOEING","737-7H4",2,143,0,"Turbo-fan"
"N219WN",2005,"Fixed wing multi engine","BOEING","737-7H4",2,143,0,"Turbo-fan"
"N220NN",2015,"Fixed wing multi engine","EMBRAER","ERJ 170-200 LR",2,88,0,"Turbo-fan"
"N220WN",2005,"Fixed wing multi engine","BOEING","737-7H4",2,143,0,"Turbo-fan"
"N221NN",2015,"Fixed wing multi engine","EMBRAER S A","ERJ 170-200 LR",2,88,0,"Turbo-fan"
"N221PS",2004,"Fixed wing multi engine","BOMBARDIER INC","CL-600-2B19",2,55,0,"Turbo-fan"
"N221WN",2005,"Fixed wing multi engine","BOEING","737-7H4",2,143,0,"Turbo-fan"
"N222NS",2015,"Fixed wing multi engine","EMBRAER","ERJ 170-200 LR",2,88,0,"Turbo-fan"
"N222WN",2005,"Fixed wing multi engine","BOEING","737-7H4",2,143,0,"Turbo-fan"
"N223JS",2004,"Fixed wing multi engine","BOMBARDIER INC","CL-600-2B19",2,55,0,"Turbo-fan"
"N223NN",2015,"Fixed wing multi engine","EMBRAER S A","ERJ 170-200 LR",2,88,0,"Turbo-fan"
"N224AK",2016,"Fixed wing multi engine","BOEING","737-990ER",2,222,0,"Turbo-fan"
"N224NN",2016,"Fixed wing multi engine","EMBRAER S A","ERJ 170-200 LR",2,88,0,"Turbo-fan"
"N224WN",2005,"Fixed wing multi engine","BOEING","737-7H4",2,143,0,"Turbo-fan"
"N225NN",2016,"Fixed wing multi engine","EMBRAER S A","ERJ 170-200 LR",2,88,0,"Turbo-fan"
"N225WN",2005,"Fixed wing multi engine","BOEING","737-7H4",2,143,0,"Turbo-fan"
"N226JS",2004,"Fixed wing multi engine","BOMBARDIER INC","CL-600-2B19",2,55,0,"Turbo-fan"
"N226NN",2016,"Fixed wing multi engine","EMBRAER S A","ERJ 170-200 LR",2,88,0,"Turbo-fan"
"N226WN",2005,"Fixed wing multi engine","BOEING","737-7H4",2,143,0,"Turbo-fan"
"N227NN",2016,"Fixed wing multi engine","EMBRAER S A","ERJ 170-200 LR",2,88,0,"Turbo-fan"
"N227WN",2005,"Fixed wing multi engine","BOEING","737-7H4",2,143,0,"Turbo-fan"
"N228NN",2016,"Fixed wing multi engine","EMBRAER S A","ERJ 170-200 LR",2,88,0,"Turbo-fan"
"N228PQ",2009,"Fixed wing multi engine","BOMBARDIER INC","CL-600-2D24",2,95,0,"Turbo-fan"
"N228PS",NA,"Fixed wing multi engine","BOMBARDIER INC","CL-600-2B19",2,55,0,"Turbo-fan"
"N228WN",2005,"Fixed wing multi engine","BOEING","737-7H4",2,143,0,"Turbo-fan"
"N229NN",2016,"Fixed wing multi engine","EMBRAER S A","ERJ 170-200 LR",2,88,0,"Turbo-fan"
"N229WN",2006,"Fixed wing multi engine","BOEING","737-7H4",2,143,0,"Turbo-fan"
"N230FR",2015,"Fixed wing multi engine","AIRBUS","A320-214",2,182,0,"Turbo-fan"
"N230NN",2016,"Fixed wing multi engine","EMBRAER S A","ERJ 170-200 LR",2,88,0,"Turbo-fan"
"N231AN",2016,"Fixed wing multi engine","EMBRAER S A","ERJ 170-200 LR",2,88,0,"Turbo-fan"
"N231WN",2006,"Fixed wing multi engine","BOEING","737-7H4",2,143,0,"Turbo-fan"
"N232FR",2015,"Fixed wing multi engine","AIRBUS","A320-214",2,182,0,"Turbo-fan"
"N232NN",2016,"Fixed wing multi engine","EMBRAER","ERJ 170-200 LR",2,88,0,"Turbo-fan"
"N232PQ",2009,"Fixed wing multi engine","BOMBARDIER INC","CL-600-2D24",2,95,0,"Turbo-fan"
"N232WN",2006,"Fixed wing multi engine","BOEING","737-7H4",2,143,0,"Turbo-fan"
"N233FR",2016,"Fixed wing multi engine","AIRBUS","A320-214",2,182,0,"Turbo-fan"
"N233JQ",2008,"Fixed wing multi engine","EMBRAER-EMPRESA BRASILEIRA DE","ERJ 170-200 LR",2,80,0,"Turbo-fan"
"N233NN",2016,"Fixed wing multi engine","EMBRAER","ERJ 170-200 LR",2,88,0,"Turbo-fan"
"N234JW",2016,"Fixed wing multi engine","EMBRAER S A","ERJ 170-200 LR",2,88,0,"Turbo-fan"
"N234WN",2006,"Fixed wing multi engine","BOEING","737-7H4",2,143,0,"Turbo-fan"
"N235FR",2016,"Fixed wing multi engine","AIRBUS","A320-214",2,182,0,"Turbo-fan"
"N235JQ",2008,"Fixed wing multi engine","EMBRAER","ERJ 170-200 LR",2,88,0,"Turbo-fan"
"N235NN",2016,"Fixed wing multi engine","EMBRAER S A","ERJ 170-200 LR",2,88,0,"Turbo-fan"
"N236AK",2016,"Fixed wing multi engine","BOEING","737-990ER",2,222,0,"Turbo-fan"
"N236FR",2016,"Fixed wing multi engine","AIRBUS","A320-214",2,182,0,"Turbo-fan"
"N236JQ",2008,"Fixed wing multi engine","EMBRAER-EMPRESA BRASILEIRA DE","ERJ 170-200 LR",2,80,0,"Turbo-fan"
"N236NN",2016,"Fixed wing multi engine","EMBRAER S A","ERJ 170-200 LR",2,88,0,"Turbo-fan"
"N236WN",2006,"Fixed wing multi engine","BOEING","737-7H4",2,143,0,"Turbo-fan"
"N23707",1998,"Fixed wing multi engine","BOEING","737-724",2,149,0,"Turbo-fan"
"N23708",1998,"Fixed wing multi engine","BOEING","737-724",2,149,0,"Turbo-fan"
"N23721",1999,"Fixed wing multi engine","BOEING","737-724",2,149,0,"Turbo-fan"
"N237AK",2016,"Fixed wing multi engine","BOEING","737-990ER",2,222,0,"Turbo-fan"
"N237NN",2016,"Fixed wing multi engine","EMBRAER S A","ERJ 170-200 LR",2,88,0,"Turbo-fan"
"N238AK",2016,"Fixed wing multi engine","BOEING","737-990ER",2,222,0,"Turbo-fan"
"N238FR",2016,"Fixed wing multi engine","AIRBUS","A320-214",2,182,0,"Turbo-fan"
"N238NN",2016,"Fixed wing multi engine","EMBRAER S A","ERJ 170-200 LR",2,88,0,"Turbo-fan"
"N239JQ",2008,"Fixed wing multi engine","EMBRAER-EMPRESA BRASILEIRA DE","ERJ 170-200 LR",2,80,0,"Turbo-fan"
"N239NN",2016,"Fixed wing multi engine","EMBRAER S A","ERJ 170-200 LR",2,88,0,"Turbo-fan"
"N240JQ",2008,"Fixed wing multi engine","EMBRAER-EMPRESA BRASILEIRA DE","ERJ 170-200 LR",2,80,0,"Turbo-fan"
"N240NN",2016,"Fixed wing multi engine","EMBRAER S A","ERJ 170-200 LR",2,88,0,"Turbo-fan"
"N240SY",2016,"Fixed wing multi engine","EMBRAER S A","ERJ 170-200 LR",2,88,0,"Turbo-fan"
"N240WN",2006,"Fixed wing multi engine","BOEING","737-7H4",2,143,0,"Turbo-fan"
"N24103",2002,"Fixed wing multi engine","EMBRAER","EMB-145XR",2,55,0,"Turbo-fan"
"N241JQ",2008,"Fixed wing multi engine","EMBRAER-EMPRESA BRASILEIRA DE","ERJ 170-200 LR",2,80,0,"Turbo-fan"
"N241NN",2016,"Fixed wing multi engine","EMBRAER S A","ERJ 170-200 LR",2,88,0,"Turbo-fan"
"N241WN",2006,"Fixed wing multi engine","BOEING","737-7H4",2,143,0,"Turbo-fan"
"N24202",2000,"Fixed wing multi engine","BOEING","737-824",2,149,0,"Turbo-fan"
"N24211",1998,"Fixed wing multi engine","BOEING","737-824",2,149,0,"Turbo-fan"
"N24212",1998,"Fixed wing multi engine","BOEING","737-824",2,149,0,"Turbo-fan"
"N24224",1998,"Fixed wing multi engine","BOEING","737-824",2,149,0,"Turbo-fan"
"N242JQ",2008,"Fixed wing multi engine","EMBRAER-EMPRESA BRASILEIRA DE","ERJ 170-200 LR",2,80,0,"Turbo-fan"
"N242NN",2016,"Fixed wing multi engine","EMBRAER S A","ERJ 170-200 LR",2,88,0,"Turbo-fan"
"N242WN",2006,"Fixed wing multi engine","BOEING","737-7H4",2,143,0,"Turbo-fan"
"N243JQ",2008,"Fixed wing multi engine","EMBRAER-EMPRESA BRASILEIRA DE","ERJ 170-200 LR",2,80,0,"Turbo-fan"
"N243NN",2016,"Fixed wing multi engine","EMBRAER S A","ERJ 170-200 LR",2,88,0,"Turbo-fan"
"N243SY",2016,"Fixed wing multi engine","EMBRAER S A","ERJ 170-200 LR",2,88,0,"Turbo-fan"
"N243WN",2006,"Fixed wing multi engine","BOEING","737-7H4",2,143,0,"Turbo-fan"
"N244JQ",2008,"Fixed wing multi engine","EMBRAER-EMPRESA BRASILEIRA DE","ERJ 170-200 LR",2,80,0,"Turbo-fan"
"N244NN",2016,"Fixed wing multi engine","EMBRAER S A","ERJ 170-200 LR",2,88,0,"Turbo-fan"
"N244WN",2006,"Fixed wing multi engine","BOEING","737-7H4",2,143,0,"Turbo-fan"
"N245NN",2016,"Fixed wing multi engine","EMBRAER S A","ERJ 170-200 LR",2,88,0,"Turbo-fan"
"N245WN",2006,"Fixed wing multi engine","BOEING","737-7H4",2,143,0,"Turbo-fan"
"N246LV",2006,"Fixed wing multi engine","BOEING","737-7H4",2,143,0,"Turbo-fan"
"N246NN",2016,"Fixed wing multi engine","EMBRAER S A","ERJ 170-200 LR",2,88,0,"Turbo-fan"
"N246PS",2004,"Fixed wing multi engine","BOMBARDIER INC","CL-600-2B19",2,55,0,"Turbo-fan"
"N24702",1998,"Fixed wing multi engine","BOEING","737-724",2,149,0,"Turbo-fan"
"N24706",1998,"Fixed wing multi engine","BOEING","737-724",2,149,0,"Turbo-fan"
"N24715",1998,"Fixed wing multi engine","BOEING","737-724",2,149,0,"Turbo-fan"
"N24729",1999,"Fixed wing multi engine","BOEING","737-724",2,149,0,"Turbo-fan"
"N24736",1999,"Fixed wing multi engine","BOEING","737-724",2,149,0,"Turbo-fan"
"N247AK",2016,"Fixed wing multi engine","BOEING","737-990ER",2,222,0,"Turbo-fan"
"N247NN",2016,"Fixed wing multi engine","EMBRAER","ERJ 170-200 LR",2,88,0,"Turbo-fan"
"N247SY",2016,"Fixed wing multi engine","EMBRAER S A","ERJ 170-200 LR",2,88,0,"Turbo-fan"
"N247WN",2006,"Fixed wing multi engine","BOEING","737-7H4",2,143,0,"Turbo-fan"
"N248AK",2016,"Fixed wing multi engine","BOEING","737-990ER",2,222,0,"Turbo-fan"
"N248NN",2017,"Fixed wing multi engine","EMBRAER S A","ERJ 170-200 LR",2,88,0,"Turbo-fan"
"N248WN",2006,"Fixed wing multi engine","BOEING","737-7H4",2,143,0,"Turbo-fan"
"N249NN",2017,"Fixed wing multi engine","EMBRAER S A","ERJ 170-200 LR",2,88,0,"Turbo-fan"
"N249WN",2006,"Fixed wing multi engine","BOEING","737-7H4",2,143,0,"Turbo-fan"
"N250NN",2017,"Fixed wing multi engine","EMBRAER S A","ERJ 170-200 LR",2,88,0,"Turbo-fan"
"N250WN",2006,"Fixed wing multi engine","BOEING","737-7H4",2,143,0,"Turbo-fan"
"N25134",2003,"Fixed wing multi engine","EMBRAER","EMB-145XR",2,55,0,"Turbo-fan"
"N251AK",NA,"Fixed wing multi engine","BOEING","737-990ER",2,222,0,"Turbo-fan"
"N251NN",2017,"Fixed wing multi engine","EMBRAER S A","ERJ 170-200 LR",2,88,0,"Turbo-fan"
"N251WN",2006,"Fixed wing multi engine","BOEING","737-7H4",2,143,0,"Turbo-fan"
"N25201",1999,"Fixed wing multi engine","BOEING","737-824",2,149,0,"Turbo-fan"
"N252NN",2017,"Fixed wing multi engine","EMBRAER S A","ERJ 170-200 LR",2,88,0,"Turbo-fan"
"N252SY",2016,"Fixed wing multi engine","EMBRAER S A","ERJ 170-200 LR",2,88,0,"Turbo-fan"
"N252WN",2006,"Fixed wing multi engine","BOEING","737-7H4",2,143,0,"Turbo-fan"
"N253AK",2016,"Fixed wing multi engine","BOEING","737-990ER",2,222,0,"Turbo-fan"
"N253NN",2017,"Fixed wing multi engine","EMBRAER S A","ERJ 170-200 LR",2,88,0,"Turbo-fan"
"N253SY",2016,"Fixed wing multi engine","EMBRAER S A","ERJ 170-200 LR",2,88,0,"Turbo-fan"
"N253WN",2006,"Fixed wing multi engine","BOEING","737-7H4",2,143,0,"Turbo-fan"
"N254NN",2017,"Fixed wing multi engine","EMBRAER S A","ERJ 170-200 LR",2,88,0,"Turbo-fan"
"N254WN",2006,"Fixed wing multi engine","BOEING","737-7H4",2,143,0,"Turbo-fan"
"N255NN",2017,"Fixed wing multi engine","EMBRAER S A","ERJ 170-200 LR",2,88,0,"Turbo-fan"
"N255WN",2006,"Fixed wing multi engine","BOEING","737-7H4",2,143,0,"Turbo-fan"
"N256NN",2017,"Fixed wing multi engine","EMBRAER S A","ERJ 170-200 LR",2,88,0,"Turbo-fan"
"N256SY",2017,"Fixed wing multi engine","EMBRAER S A","ERJ 170-200 LR",2,88,0,"Turbo-fan"
"N256WN",2006,"Fixed wing multi engine","BOEING","737-7H4",2,143,0,"Turbo-fan"
"N25705",1998,"Fixed wing multi engine","BOEING","737-724",2,149,0,"Turbo-fan"
"N257NN",2017,"Fixed wing multi engine","EMBRAER","ERJ 170-200 LR",2,88,0,"Turbo-fan"
"N257WN",2006,"Fixed wing multi engine","BOEING","737-7H4",2,143,0,"Turbo-fan"
"N258NN",2017,"Fixed wing multi engine","EMBRAER","ERJ 170-200 LR",2,88,0,"Turbo-fan"
"N258PS",2004,"Fixed wing multi engine","BOMBARDIER INC","CL-600-2B19",2,55,0,"Turbo-fan"
"N258WN",2006,"Fixed wing multi engine","BOEING","737-7H4",2,143,0,"Turbo-fan"
"N259NN",2017,"Fixed wing multi engine","EMBRAER S A","ERJ 170-200 LR",2,88,0,"Turbo-fan"
"N259WN",2006,"Fixed wing multi engine","BOEING","737-7H4",2,143,0,"Turbo-fan"
"N260AK",2016,"Fixed wing multi engine","BOEING","737-990ER",2,222,0,"Turbo-fan"
"N260NN",2017,"Fixed wing multi engine","EMBRAER S A","ERJ 170-200 LR",2,88,0,"Turbo-fan"
"N260WN",2006,"Fixed wing multi engine","BOEING","737-7H4",2,143,0,"Turbo-fan"
"N261NN",2017,"Fixed wing multi engine","EMBRAER S A","ERJ 170-200 LR",2,88,0,"Turbo-fan"
"N261WN",2006,"Fixed wing multi engine","BOEING","737-7H4",2,143,0,"Turbo-fan"
"N26208",2000,"Fixed wing multi engine","BOEING","737-824",2,149,0,"Turbo-fan"
"N26210",1998,"Fixed wing multi engine","BOEING","737-824",2,149,0,"Turbo-fan"
"N26215",1998,"Fixed wing multi engine","BOEING","737-824",2,149,0,"Turbo-fan"
"N26226",1998,"Fixed wing multi engine","BOEING","737-824",2,149,0,"Turbo-fan"
"N26232",1999,"Fixed wing multi engine","BOEING","737-824",2,149,0,"Turbo-fan"
"N262NN",2017,"Fixed wing multi engine","EMBRAER S A","ERJ 170-200 LR",2,88,0,"Turbo-fan"
"N262SY",2018,"Fixed wing multi engine","EMBRAER S A","ERJ 170-200 LL",2,88,0,"Turbo-fan"
"N262WN",2006,"Fixed wing multi engine","BOEING","737-7H4",2,143,0,"Turbo-fan"
"N263AK",2016,"Fixed wing multi engine","BOEING","737-990ER",2,222,0,"Turbo-fan"
"N263NN",2017,"Fixed wing multi engine","EMBRAER S A","ERJ 170-200 LR",2,88,0,"Turbo-fan"
"N263SY",2018,"Fixed wing multi engine","EMBRAER S A","ERJ 170-200 LL",2,88,0,"Turbo-fan"
"N263WN",2007,"Fixed wing multi engine","BOEING","737-7H4",2,143,0,"Turbo-fan"
"N264AK",2016,"Fixed wing multi engine","BOEING","737-990ER",2,222,0,"Turbo-fan"
"N264LV",2007,"Fixed wing multi engine","BOEING","737-7H4",2,143,0,"Turbo-fan"
"N264NN",2018,"Fixed wing multi engine","EMBRAER S A","ERJ 170-200 LR",2,88,0,"Turbo-fan"
"N264SY",2018,"Fixed wing multi engine","EMBRAER S A","ERJ 170-200 LL",2,88,0,"Turbo-fan"
"N265AK",2016,"Fixed wing multi engine","BOEING","737-900ER",2,222,0,"Turbo-fan"
"N265NN",2018,"Fixed wing multi engine","EMBRAER S A","ERJ 170-200 LR",2,88,0,"Turbo-fan"
"N265SY",2018,"Fixed wing multi engine","EMBRAER S A","ERJ 170-200 LL",2,88,0,"Turbo-fan"
"N265WN",2007,"Fixed wing multi engine","BOEING","737-7H4",2,143,0,"Turbo-fan"
"N266AK",2016,"Fixed wing multi engine","BOEING","737-900ER",2,222,0,"Turbo-fan"
"N266JB",2007,"Fixed wing multi engine","EMBRAER","ERJ 190-100 IGW",2,20,0,"Turbo-fan"
"N266NN",2018,"Fixed wing multi engine","EMBRAER S A","ERJ 170-200 LR",2,88,0,"Turbo-fan"
"N266WN",2007,"Fixed wing multi engine","BOEING","737-7H4",2,143,0,"Turbo-fan"
"N267AK",2017,"Fixed wing multi engine","BOEING","737-900ER",2,222,0,"Turbo-fan"
"N267JB",2007,"Fixed wing multi engine","EMBRAER","ERJ 190-100 IGW",2,20,0,"Turbo-fan"
"N267NN",2018,"Fixed wing multi engine","EMBRAER S A","ERJ 170-200 LR",2,88,0,"Turbo-fan"
"N267SY",2018,"Fixed wing multi engine","EMBRAER S A","ERJ 170-200 LL",2,88,0,"Turbo-fan"
"N267WN",2007,"Fixed wing multi engine","BOEING","737-7H4",2,143,0,"Turbo-fan"
"N268AK",2017,"Fixed wing multi engine","BOEING","737-900ER",2,222,0,"Turbo-fan"
"N268NN",2018,"Fixed wing multi engine","EMBRAER S A","ERJ 170-200 LR",2,88,0,"Turbo-fan"
"N268SY",2018,"Fixed wing multi engine","EMBRAER S A","ERJ 170-200 LL",2,88,0,"Turbo-fan"
"N268WN",2007,"Fixed wing multi engine","BOEING","737-7H4",2,143,0,"Turbo-fan"
"N269NN",2019,"Fixed wing multi engine","EMBRAER S A","ERJ 170-200 LR",2,88,0,"Turbo-fan"
"N269SY",2018,"Fixed wing multi engine","EMBRAER S A","ERJ 170-200 LL",2,88,0,"Turbo-fan"
"N269WN",2007,"Fixed wing multi engine","BOEING","737-7H4",2,143,0,"Turbo-fan"
"N270AK",2017,"Fixed wing multi engine","BOEING","737-900ER",2,222,0,"Turbo-fan"
"N270NN",2019,"Fixed wing multi engine","EMBRAER S A","ERJ 170-200 LR",2,88,0,"Turbo-fan"
"N270SY",2018,"Fixed wing multi engine","EMBRAER S A","ERJ 170-200 LL",2,88,0,"Turbo-fan"
"N271LV",NA,"Fixed wing multi engine","BOEING","737-705",2,149,0,"Turbo-fan"
"N271NN",2019,"Fixed wing multi engine","EMBRAER S A","ERJ 170-200 LR",2,88,0,"Turbo-fan"
"N271SY",2018,"Fixed wing multi engine","EMBRAER S A","ERJ 170-200 LL",2,88,0,"Turbo-fan"
"N27200",2006,"Fixed wing multi engine","EMBRAER","EMB-145XR",2,55,0,"Turbo-fan"
"N27205",2000,"Fixed wing multi engine","BOEING","737-824",2,149,0,"Turbo-fan"
"N27213",1998,"Fixed wing multi engine","BOEING","737-824",2,149,0,"Turbo-fan"
"N27239",1999,"Fixed wing multi engine","BOEING","737-824",2,149,0,"Turbo-fan"
"N27246",1999,"Fixed wing multi engine","BOEING","737-824",2,149,0,"Turbo-fan"
"N272AK",2017,"Fixed wing multi engine","BOEING","737-900ER",2,222,0,"Turbo-fan"
"N272AY",2000,"Fixed wing multi engine","AIRBUS INDUSTRIE","A330-323",2,379,0,"Turbo-fan"
"N272NN",2019,"Fixed wing multi engine","EMBRAER S A","ERJ 170-200 LR",2,88,0,"Turbo-fan"
"N272PQ",2013,"Fixed wing multi engine","BOMBARDIER INC","CL-600-2D24",2,95,0,"Turbo-fan"
"N272SY",2018,"Fixed wing multi engine","EMBRAER S A","ERJ 170-200 LL",2,88,0,"Turbo-fan"
"N272WN",2007,"Fixed wing multi engine","BOEING","737-7H4",2,143,0,"Turbo-fan"
"N273AK",2017,"Fixed wing multi engine","BOEING","737-900ER",2,222,0,"Turbo-fan"
"N273JB",2007,"Fixed wing multi engine","EMBRAER","ERJ 190-100 IGW",2,20,0,"Turbo-fan"
"N273NN",2019,"Fixed wing multi engine","EMBRAER S A","ERJ 170-200 LR",2,88,0,"Turbo-fan"
"N273SY",2018,"Fixed wing multi engine","EMBRAER S A","ERJ 170-200 LL",2,88,0,"Turbo-fan"
"N273WN",2007,"Fixed wing multi engine","BOEING","737-7H4",2,143,0,"Turbo-fan"
"N27421",2008,"Fixed wing multi engine","BOEING","737-924ER",2,191,0,"Turbo-fan"
"N27477",2013,"Fixed wing multi engine","BOEING","737-924ER",2,191,0,"Turbo-fan"
"N274AK",2017,"Fixed wing multi engine","BOEING","737-900ER",2,222,0,"Turbo-fan"
"N274NN",2019,"Fixed wing multi engine","EMBRAER S A","ERJ 170-200 LR",2,88,0,"Turbo-fan"
"N274SY",2018,"Fixed wing multi engine","EMBRAER S A","ERJ 170-200 LL",2,88,0,"Turbo-fan"
"N274WN",2007,"Fixed wing multi engine","BOEING","737-7H4",2,143,0,"Turbo-fan"
"N275AK",2017,"Fixed wing multi engine","BOEING","737-900ER",2,222,0,"Turbo-fan"
"N275NN",2019,"Fixed wing multi engine","EMBRAER S A","ERJ 170-200 LR",2,88,0,"Turbo-fan"
"N275SY",2018,"Fixed wing multi engine","EMBRAER S A","ERJ 170-200 LL",2,88,0,"Turbo-fan"
"N275WN",2007,"Fixed wing multi engine","BOEING","737-7H4",2,143,0,"Turbo-fan"
"N276NN",2019,"Fixed wing multi engine","EMBRAER S A","ERJ 170-200 LR",2,88,0,"Turbo-fan"
"N276SY",2018,"Fixed wing multi engine","EMBRAER S A","ERJ 170-200 LL",2,88,0,"Turbo-fan"
"N276WN",2007,"Fixed wing multi engine","BOEING","737-7H4",2,143,0,"Turbo-fan"
"N27722",1999,"Fixed wing multi engine","BOEING","737-724",2,149,0,"Turbo-fan"
"N27724",1999,"Fixed wing multi engine","BOEING","737-724",2,149,0,"Turbo-fan"
"N27733",1999,"Fixed wing multi engine","BOEING","737-724",2,149,0,"Turbo-fan"
"N27734",1999,"Fixed wing multi engine","BOEING","737-724",2,149,0,"Turbo-fan"
"N277AK",2017,"Fixed wing multi engine","BOEING","737-900ER",2,222,0,"Turbo-fan"
"N277NN",2019,"Fixed wing multi engine","EMBRAER S A","ERJ 170-200 LR",2,88,0,"Turbo-fan"
"N277SY",2018,"Fixed wing multi engine","EMBRAER S A","ERJ 170-200 LL",2,88,0,"Turbo-fan"
"N277WN",2007,"Fixed wing multi engine","BOEING","737-7H4",2,143,0,"Turbo-fan"
"N278AK",2017,"Fixed wing multi engine","BOEING","737-900ER",2,222,0,"Turbo-fan"
"N278NN",2019,"Fixed wing multi engine","EMBRAER S A","ERJ 170-200 LR",2,88,0,"Turbo-fan"
"N278SY",2018,"Fixed wing multi engine","EMBRAER S A","ERJ 170-200 LL",2,88,0,"Turbo-fan"
"N278WN",2007,"Fixed wing multi engine","BOEING","737-7H4",2,143,0,"Turbo-fan"
"N279AY",2009,"Fixed wing multi engine","AIRBUS","A330-243",2,377,0,"Turbo-fan"
"N279JB",2007,"Fixed wing multi engine","EMBRAER","ERJ 190-100 IGW",2,20,0,"Turbo-fan"
"N279MQ",2019,"Fixed wing multi engine","EMBRAER S A","ERJ 170-200 LR",2,88,0,"Turbo-fan"
"N279PQ",2013,"Fixed wing multi engine","BOMBARDIER INC","CL-600-2D24",2,95,0,"Turbo-fan"
"N279SY",2018,"Fixed wing multi engine","EMBRAER S A","ERJ 170-200 LL",2,88,0,"Turbo-fan"
"N279WN",2007,"Fixed wing multi engine","BOEING","737-7H4",2,143,0,"Turbo-fan"
"N280AK",2017,"Fixed wing multi engine","BOEING","737-900ER",2,222,0,"Turbo-fan"
"N280AY",2009,"Fixed wing multi engine","AIRBUS","A330-243",2,377,0,"Turbo-fan"
"N280NN",2019,"Fixed wing multi engine","EMBRAER S A","ERJ 170-200 LR",2,88,0,"Turbo-fan"
"N280SY",2018,"Fixed wing multi engine","EMBRAER S A","ERJ 170-200 LL",2,88,0,"Turbo-fan"
"N280WN",2007,"Fixed wing multi engine","BOEING","737-7H4",2,143,0,"Turbo-fan"
"N281AK",2017,"Fixed wing multi engine","BOEING","737-900ER",2,222,0,"Turbo-fan"
"N281AY",2009,"Fixed wing multi engine","AIRBUS","A330-243",2,377,0,"Turbo-fan"
"N281JB",2007,"Fixed wing multi engine","EMBRAER","ERJ 190-100 IGW",2,20,0,"Turbo-fan"
"N281NN",2019,"Fixed wing multi engine","EMBRAER S A","ERJ 170-200 LR",2,88,0,"Turbo-fan"
"N281SY",2018,"Fixed wing multi engine","EMBRAER S A","ERJ 170-200 LL",2,88,0,"Turbo-fan"
"N281WN",2007,"Fixed wing multi engine","BOEING","737-7H4",2,143,0,"Turbo-fan"
"N282AK",2017,"Fixed wing multi engine","BOEING","737-900ER",2,222,0,"Turbo-fan"
"N282NN",2019,"Fixed wing multi engine","EMBRAER S A","ERJ 170-200 LR",2,88,0,"Turbo-fan"
"N282SY",2018,"Fixed wing multi engine","EMBRAER S A","ERJ 170-200 LL",2,88,0,"Turbo-fan"
"N282VA",2023,"Fixed wing single engine","COSTRUZIONI AERONAUTICHE TECNA","P2010 TDI",1,4,0,"4 Cycle"
"N282WN",2007,"Fixed wing multi engine","BOEING","737-7H4",2,143,0,"Turbo-fan"
"N283AK",2017,"Fixed wing multi engine","BOEING","737-900ER",2,222,0,"Turbo-fan"
"N283AY",2009,"Fixed wing multi engine","AIRBUS","A330-243",2,377,0,"Turbo-fan"
"N283JB",2007,"Fixed wing multi engine","EMBRAER","ERJ 190-100 IGW",2,20,0,"Turbo-fan"
"N283NN",2019,"Fixed wing multi engine","EMBRAER S A","ERJ 170-200 LR",2,88,0,"Turbo-fan"
"N283SY",2018,"Fixed wing multi engine","EMBRAER S A","ERJ 170-200 LL",2,88,0,"Turbo-fan"
"N283WN",2007,"Fixed wing multi engine","BOEING","737-7H4",2,143,0,"Turbo-fan"
"N28457",2012,"Fixed wing multi engine","BOEING","737-924ER",2,191,0,"Turbo-fan"
"N28478",2013,"Fixed wing multi engine","BOEING","737-924ER",2,191,0,"Turbo-fan"
"N284AK",2017,"Fixed wing multi engine","BOEING","737-900ER",2,222,0,"Turbo-fan"
"N284JB",2008,"Fixed wing multi engine","EMBRAER","ERJ 190-100 IGW",2,20,0,"Turbo-fan"
"N284JN",2019,"Fixed wing multi engine","EMBRAER S A","ERJ 170-200 LR",2,88,0,"Turbo-fan"
"N284SY",2018,"Fixed wing multi engine","EMBRAER S A","ERJ 170-200 LL",2,88,0,"Turbo-fan"
"N284WN",2007,"Fixed wing multi engine","BOEING","737-7H4",2,143,0,"Turbo-fan"
"N285AK",2018,"Fixed wing multi engine","BOEING","737-900ER",2,222,0,"Turbo-fan"
"N285NN",2019,"Fixed wing multi engine","EMBRAER S A","ERJ 170-200 LR",2,88,0,"Turbo-fan"
"N285SY",2018,"Fixed wing multi engine","EMBRAER S A","ERJ 170-200 LL",2,88,0,"Turbo-fan"
"N285VA",NA,"Rotorcraft","DJI","AGRAS T40",8,NA,0,"Electric"
"N285WN",2007,"Fixed wing multi engine","BOEING","737-7H4",2,143,0,"Turbo-fan"
"N286AY",NA,"Fixed wing multi engine","AIRBUS","A330-243",2,377,0,"Turbo-fan"
"N286NN",2019,"Fixed wing multi engine","EMBRAER S A","ERJ 170-200 LR",2,88,0,"Turbo-fan"
"N286SY",2018,"Fixed wing multi engine","EMBRAER S A","ERJ 170-200 LL",2,88,0,"Turbo-fan"
"N286WN",2004,"Fixed wing multi engine","BOEING","737-7H4",2,143,0,"Turbo-fan"
"N287AK",2018,"Fixed wing multi engine","BOEING","737-900ER",2,222,0,"Turbo-fan"
"N287AY",2013,"Fixed wing multi engine","AIRBUS","A330-243",2,377,0,"Turbo-fan"
"N287NN",2019,"Fixed wing multi engine","EMBRAER S A","ERJ 170-200 LR",2,88,0,"Turbo-fan"
"N287SY",2018,"Fixed wing multi engine","EMBRAER S A","ERJ 170-200 LL",2,88,0,"Turbo-fan"
"N287WN",2007,"Fixed wing multi engine","BOEING","737-7H4",2,143,0,"Turbo-fan"
"N288AK",2018,"Fixed wing multi engine","BOEING","737-900ER",2,222,0,"Turbo-fan"
"N288AY",2013,"Fixed wing multi engine","AIRBUS","A330-243",2,377,0,"Turbo-fan"
"N288NN",2019,"Fixed wing multi engine","EMBRAER S A","ERJ 170-200 LR",2,88,0,"Turbo-fan"
"N288SY",2018,"Fixed wing multi engine","EMBRAER S A","ERJ 170-200 LL",2,88,0,"Turbo-fan"
"N288WN",2007,"Fixed wing multi engine","BOEING","737-7H4",2,143,0,"Turbo-fan"
"N289AY",2013,"Fixed wing multi engine","AIRBUS","A330-243",2,377,0,"Turbo-fan"
"N289CT",2007,"Fixed wing multi engine","BOEING","737-7H4",2,143,0,"Turbo-fan"
"N289SY",2018,"Fixed wing multi engine","EMBRAER S A","ERJ 170-200 LL",2,88,0,"Turbo-fan"
"N290AK",2018,"Fixed wing multi engine","BOEING","737-900ER",2,222,0,"Turbo-fan"
"N290AY",2013,"Fixed wing multi engine","AIRBUS","A330-243",2,377,0,"Turbo-fan"
"N290SY",2018,"Fixed wing multi engine","EMBRAER S A","ERJ 170-200 LL",2,88,0,"Turbo-fan"
"N290WN",2007,"Fixed wing multi engine","BOEING","737-7H4",2,143,0,"Turbo-fan"
"N291AY",2014,"Fixed wing multi engine","AIRBUS","A330-243",2,377,0,"Turbo-fan"
"N291SY",2018,"Fixed wing multi engine","EMBRAER S A","ERJ 170-200 LL",2,88,0,"Turbo-fan"
"N291WN",2007,"Fixed wing multi engine","BOEING","737-7H4",2,143,0,"Turbo-fan"
"N292AK",2018,"Fixed wing multi engine","BOEING","737-900ER",2,222,0,"Turbo-fan"
"N292AY",2014,"Fixed wing multi engine","AIRBUS","A330-243",2,377,0,"Turbo-fan"
"N292PQ",2013,"Fixed wing multi engine","BOMBARDIER INC","CL-600-2D24",2,95,0,"Turbo-fan"
"N292SY",2018,"Fixed wing multi engine","EMBRAER S A","ERJ 170-200 LL",2,88,0,"Turbo-fan"
"N292WN",2007,"Fixed wing multi engine","BOEING","737-7H4",2,143,0,"Turbo-fan"
"N293AK",2018,"Fixed wing multi engine","BOEING","737-900ER",2,222,0,"Turbo-fan"
"N293AY",2014,"Fixed wing multi engine","AIRBUS","A330-243",2,377,0,"Turbo-fan"
"N293PQ",2013,"Fixed wing multi engine","BOMBARDIER INC","CL-600-2D24",2,95,0,"Turbo-fan"
"N293WN",2007,"Fixed wing multi engine","BOEING","737-7H4",2,143,0,"Turbo-fan"
"N294AK",2018,"Fixed wing multi engine","BOEING","737-900ER",2,222,0,"Turbo-fan"
"N294PQ",2013,"Fixed wing multi engine","BOMBARDIER INC","CL-600-2D24",2,95,0,"Turbo-fan"
"N294WN",2007,"Fixed wing multi engine","BOEING","737-7H4",2,143,0,"Turbo-fan"
"N295PQ",2013,"Fixed wing multi engine","BOMBARDIER INC","CL-600-2D24",2,95,0,"Turbo-fan"
"N295WN",2007,"Fixed wing multi engine","BOEING","737-7H4",2,143,0,"Turbo-fan"
"N296AK",2018,"Fixed wing multi engine","BOEING","737-900ER",2,222,0,"Turbo-fan"
"N296PQ",2013,"Fixed wing multi engine","BOMBARDIER INC","CL-600-2D24",2,95,0,"Turbo-fan"
"N296WN",2007,"Fixed wing multi engine","BOEING","737-7H4",2,143,0,"Turbo-fan"
"N29717",1999,"Fixed wing multi engine","BOEING","737-724",2,149,0,"Turbo-fan"
"N297AK",2019,"Fixed wing multi engine","BOEING","737-900ER",2,222,0,"Turbo-fan"
"N297PQ",2013,"Fixed wing multi engine","BOMBARDIER INC","CL-600-2D24",2,95,0,"Turbo-fan"
"N297SY",2019,"Fixed wing multi engine","EMBRAER S A","ERJ 170-200 LR",2,88,0,"Turbo-fan"
"N297WN",2007,"Fixed wing multi engine","BOEING","737-7H4",2,143,0,"Turbo-fan"
"N298AK",2019,"Fixed wing multi engine","BOEING","737-900ER",2,222,0,"Turbo-fan"
"N298PQ",2013,"Fixed wing multi engine","BOMBARDIER INC","CL-600-2D24",2,95,0,"Turbo-fan"
"N298WN",2007,"Fixed wing multi engine","BOEING","737-7H4",2,143,0,"Turbo-fan"
"N29917",2001,"Fixed wing multi engine","EMBRAER","EMB-145LR",2,55,0,"Turbo-fan"
"N299PQ",2013,"Fixed wing multi engine","BOMBARDIER INC","CL-600-2D24",2,95,0,"Turbo-fan"
"N299WN",NA,"Fixed wing multi engine","BOEING","737-7H4",2,143,0,"Turbo-fan"
"N300PQ",2013,"Fixed wing multi engine","BOMBARDIER INC","CL-600-2D24",2,95,0,"Turbo-fan"
"N3014R",2013,"Fixed wing multi engine","AIRBUS","A319-115",2,147,0,"Turbo-fan"
"N301DV",2016,"Fixed wing multi engine","AIRBUS SAS","A321-213",2,199,0,"Turbo-fan"
"N301FR",2016,"Fixed wing multi engine","AIRBUS","A320-251N",2,190,0,"Turbo-fan"
"N301NB",1999,"Fixed wing multi engine","AIRBUS INDUSTRIE","A319-114",2,145,0,"Turbo-fan"
"N301NW",2016,"Fixed wing multi engine","BOEING","737-800",2,175,0,"Turbo-fan"
"N301PA",2016,"Fixed wing multi engine","BOEING","737-800",2,175,0,"Turbo-fan"
"N301PQ",2013,"Fixed wing multi engine","BOMBARDIER INC","CL-600-2D24",2,95,0,"Turbo-fan"
"N302DN",2016,"Fixed wing multi engine","AIRBUS SAS","A321-213",2,199,0,"Turbo-fan"
"N302NB",1999,"Fixed wing multi engine","AIRBUS INDUSTRIE","A319-114",2,145,0,"Turbo-fan"
"N302PQ",2014,"Fixed wing multi engine","BOMBARDIER INC","CL-600-2D24",2,95,0,"Turbo-fan"
"N303DN",2016,"Fixed wing multi engine","AIRBUS SAS","A321-213",2,199,0,"Turbo-fan"
"N303FR",2016,"Fixed wing multi engine","AIRBUS","A320-251N",2,190,0,"Turbo-fan"
"N303PQ",2014,"Fixed wing multi engine","BOMBARDIER INC","CL-600-2D24",2,95,0,"Turbo-fan"
"N30401",2001,"Fixed wing multi engine","BOEING","737-924",2,191,0,"Turbo-fan"
"N304DN",2016,"Fixed wing multi engine","AIRBUS SAS","A321-213",2,199,0,"Turbo-fan"
"N304FR",2016,"Fixed wing multi engine","AIRBUS","A320-251N",2,190,0,"Turbo-fan"
"N304PQ",2014,"Fixed wing multi engine","BOMBARDIER INC","CL-600-2D24",2,95,0,"Turbo-fan"
"N305DN",2016,"Fixed wing multi engine","AIRBUS SAS","A321-213",2,199,0,"Turbo-fan"
"N305NX",2016,"Fixed wing multi engine","BOEING","737-800",2,175,0,"Turbo-fan"
"N305PQ",2014,"Fixed wing multi engine","BOMBARDIER INC","CL-600-2D24",2,95,0,"Turbo-fan"
"N306DN",2016,"Fixed wing multi engine","AIRBUS SAS","A321-213",2,199,0,"Turbo-fan"
"N306JB",2009,"Fixed wing multi engine","EMBRAER","ERJ 190-100 IGW",2,20,0,"Turbo-fan"
"N306NY",2016,"Fixed wing multi engine","BOEING","737-800",2,175,0,"Turbo-fan"
"N306PB",2017,"Fixed wing multi engine","BOEING","737-800",2,175,0,"Turbo-fan"
"N306PQ",2014,"Fixed wing multi engine","BOMBARDIER INC","CL-600-2D24",2,95,0,"Turbo-fan"
"N307DX",2016,"Fixed wing multi engine","AIRBUS SAS","A321-213",2,199,0,"Turbo-fan"
"N307FR",2017,"Fixed wing multi engine","AIRBUS","A320-251N",2,190,0,"Turbo-fan"
"N307PQ",2014,"Fixed wing multi engine","BOMBARDIER INC","CL-600-2D24",2,95,0,"Turbo-fan"
"N308DN",2016,"Fixed wing multi engine","AIRBUS SAS","A321-213",2,199,0,"Turbo-fan"
"N308FR",2017,"Fixed wing multi engine","AIRBUS","A320-251N",2,190,0,"Turbo-fan"
"N308PQ",2014,"Fixed wing multi engine","BOMBARDIER INC","CL-600-2D24",2,95,0,"Turbo-fan"
"N309DE",2009,"Fixed wing multi engine","BOEING","737-732",2,149,0,"Turbo-fan"
"N309DN",2016,"Fixed wing multi engine","AIRBUS SAS","A321-213",2,199,0,"Turbo-fan"
"N309FR",2017,"Fixed wing multi engine","AIRBUS","A320-251N",2,190,0,"Turbo-fan"
"N309JB",2009,"Fixed wing multi engine","EMBRAER","ERJ 190-100 IGW",2,20,0,"Turbo-fan"
"N309PC",2017,"Fixed wing multi engine","BOEING","737-800",2,175,0,"Turbo-fan"
"N309PQ",2014,"Fixed wing multi engine","BOMBARDIER INC","CL-600-2D24",2,95,0,"Turbo-fan"
"N310DE",2009,"Fixed wing multi engine","BOEING","737-732",2,149,0,"Turbo-fan"
"N310DN",2016,"Fixed wing multi engine","AIRBUS SAS","A321-213",2,199,0,"Turbo-fan"
"N310FR",2017,"Fixed wing multi engine","AIRBUS","A320-251N",2,190,0,"Turbo-fan"
"N310PQ",2014,"Fixed wing multi engine","BOMBARDIER INC","CL-600-2D24",2,95,0,"Turbo-fan"
"N311DN",2016,"Fixed wing multi engine","AIRBUS SAS","A321-213",2,199,0,"Turbo-fan"
"N311FR",2017,"Fixed wing multi engine","AIRBUS","A320-251N",2,190,0,"Turbo-fan"
"N311PQ",2014,"Fixed wing multi engine","BOMBARDIER INC","CL-600-2D24",2,95,0,"Turbo-fan"
"N312DN",2016,"Fixed wing multi engine","AIRBUS SAS","A321-213",2,199,0,"Turbo-fan"
"N312FR",2017,"Fixed wing multi engine","AIRBUS","A320-251N",2,190,0,"Turbo-fan"
"N313DN",2016,"Fixed wing multi engine","AIRBUS SAS","A321-213",2,199,0,"Turbo-fan"
"N313FR",2017,"Fixed wing multi engine","AIRBUS","A320-251N",2,190,0,"Turbo-fan"
"N313PQ",2014,"Fixed wing multi engine","BOMBARDIER INC","CL-600-2D24",2,95,0,"Turbo-fan"
"N31412",2002,"Fixed wing multi engine","BOEING","737-924",2,191,0,"Turbo-fan"
"N314DN",2016,"Fixed wing multi engine","AIRBUS SAS","A321-213",2,199,0,"Turbo-fan"
"N314NB",2000,"Fixed wing multi engine","AIRBUS INDUSTRIE","A319-114",2,145,0,"Turbo-fan"
"N314PD",2017,"Fixed wing multi engine","BOEING","737-800",2,175,0,"Turbo-fan"
"N314PQ",2014,"Fixed wing multi engine","BOMBARDIER INC","CL-600-2D24",2,95,0,"Turbo-fan"
"N315DN",2016,"Fixed wing multi engine","AIRBUS SAS","A321-213",2,199,0,"Turbo-fan"
"N315NB",2000,"Fixed wing multi engine","AIRBUS INDUSTRIE","A319-114",2,145,0,"Turbo-fan"
"N315PE",2017,"Fixed wing multi engine","BOEING","737-800",2,175,0,"Turbo-fan"
"N315PQ",2014,"Fixed wing multi engine","BOMBARDIER INC","CL-600-2D24",2,95,0,"Turbo-fan"
"N316DN",2017,"Fixed wing multi engine","AIRBUS SAS","A321-213",2,199,0,"Turbo-fan"
"N316FR",2017,"Fixed wing multi engine","AIRBUS","A320-251N",2,190,0,"Turbo-fan"
"N316NB",2000,"Fixed wing multi engine","AIRBUS INDUSTRIE","A319-114",2,145,0,"Turbo-fan"
"N316PF",2017,"Fixed wing multi engine","BOEING","737-800",2,175,0,"Turbo-fan"
"N316PQ",2014,"Fixed wing multi engine","BOMBARDIER INC","CL-600-2D24",2,95,0,"Turbo-fan"
"N317DN",2017,"Fixed wing multi engine","AIRBUS SAS","A321-213",2,199,0,"Turbo-fan"
"N317FR",2017,"Fixed wing multi engine","AIRBUS","A320-251N",2,190,0,"Turbo-fan"
"N317JB",2010,"Fixed wing multi engine","EMBRAER","ERJ 190-100 IGW",2,20,0,"Turbo-fan"
"N317NB",2000,"Fixed wing multi engine","AIRBUS INDUSTRIE","A319-114",2,145,0,"Turbo-fan"
"N317PG",2017,"Fixed wing multi engine","BOEING","737-800",2,175,0,"Turbo-fan"
"N318DX",2017,"Fixed wing multi engine","AIRBUS SAS","A321-213",2,199,0,"Turbo-fan"
"N318FR",2017,"Fixed wing multi engine","AIRBUS","A320-251N",2,190,0,"Turbo-fan"
"N318JB",2010,"Fixed wing multi engine","EMBRAER","ERJ 190-100 IGW",2,20,0,"Turbo-fan"
"N318NB",2000,"Fixed wing multi engine","AIRBUS INDUSTRIE","A319-114",2,145,0,"Turbo-fan"
"N319NB",2000,"Fixed wing multi engine","AIRBUS INDUSTRIE","A319-114",2,145,0,"Turbo-fan"
"N319PQ",2014,"Fixed wing multi engine","BOMBARDIER INC","CL-600-2D24",2,95,0,"Turbo-fan"
"N319US",1991,"Fixed wing multi engine","AIRBUS INDUSTRIE","A320-211",2,182,0,"Turbo-jet"
"N320DN",2017,"Fixed wing multi engine","AIRBUS SAS","A321-213",2,199,0,"Turbo-fan"
"N320NB",2000,"Fixed wing multi engine","AIRBUS INDUSTRIE","A319-114",2,145,0,"Turbo-fan"
"N320PQ",2014,"Fixed wing multi engine","BOMBARDIER INC","CL-600-2D24",2,95,0,"Turbo-fan"
"N321DH",2017,"Fixed wing multi engine","AIRBUS SAS","A321-213",2,199,0,"Turbo-fan"
"N321NB",2001,"Fixed wing multi engine","AIRBUS INDUSTRIE","A319-114",2,145,0,"Turbo-fan"
"N321US",1991,"Fixed wing multi engine","AIRBUS INDUSTRIE","A320-211",2,182,0,"Turbo-jet"
"N322DN",2017,"Fixed wing multi engine","AIRBUS SAS","A321-213",2,199,0,"Turbo-fan"
"N322FR",2017,"Fixed wing multi engine","AIRBUS","A320-251N",2,190,0,"Turbo-fan"
"N322NB",2001,"Fixed wing multi engine","AIRBUS INDUSTRIE","A319-114",2,145,0,"Turbo-fan"
"N323DN",2017,"Fixed wing multi engine","AIRBUS SAS","A321-213",2,199,0,"Turbo-fan"
"N323FR",2017,"Fixed wing multi engine","AIRBUS","A320-251N",2,190,0,"Turbo-fan"
"N323NB",2001,"Fixed wing multi engine","AIRBUS INDUSTRIE","A319-114",2,145,0,"Turbo-fan"
"N32404",2001,"Fixed wing multi engine","BOEING","737-924",2,191,0,"Turbo-fan"
"N324FR",2017,"Fixed wing multi engine","AIRBUS","A320-251N",2,190,0,"Turbo-fan"
"N324NB",2001,"Fixed wing multi engine","AIRBUS INDUSTRIE","A319-114",2,145,0,"Turbo-fan"
"N324PQ",2014,"Fixed wing multi engine","BOMBARDIER INC","CL-600-2D24",2,95,0,"Turbo-fan"
"N325DN",2017,"Fixed wing multi engine","AIRBUS SAS","A321-213",2,199,0,"Turbo-fan"
"N325NB",2001,"Fixed wing multi engine","AIRBUS INDUSTRIE","A319-114",2,145,0,"Turbo-fan"
"N325PQ",2014,"Fixed wing multi engine","BOMBARDIER INC","CL-600-2D24",2,95,0,"Turbo-fan"
"N325US",1991,"Fixed wing multi engine","AIRBUS INDUSTRIE","A320-211",2,182,0,"Turbo-jet"
"N326DN",2017,"Fixed wing multi engine","AIRBUS SAS","A321-213",2,199,0,"Turbo-fan"
"N326FR",2018,"Fixed wing multi engine","AIRBUS","A320-251N",2,190,0,"Turbo-fan"
"N326NB",2001,"Fixed wing multi engine","AIRBUS INDUSTRIE","A319-114",2,145,0,"Turbo-fan"
"N326PQ",2014,"Fixed wing multi engine","BOMBARDIER INC","CL-600-2D24",2,95,0,"Turbo-fan"
"N327DN",2017,"Fixed wing multi engine","AIRBUS SAS","A321-213",2,199,0,"Turbo-fan"
"N327NB",2001,"Fixed wing multi engine","AIRBUS INDUSTRIE","A319-114",2,145,0,"Turbo-fan"
"N327NW",1992,"Fixed wing multi engine","AIRBUS INDUSTRIE","A320-211",2,182,0,"Turbo-jet"
"N328DN",2017,"Fixed wing multi engine","AIRBUS SAS","A321-213",2,199,0,"Turbo-fan"
"N328FR",2018,"Fixed wing multi engine","AIRBUS","A320-251N",2,190,0,"Turbo-fan"
"N328JB",2011,"Fixed wing multi engine","EMBRAER","ERJ 190-100 IGW",2,20,0,"Turbo-fan"
"N328NB",2001,"Fixed wing multi engine","AIRBUS INDUSTRIE","A319-114",2,145,0,"Turbo-fan"
"N328NW",1992,"Fixed wing multi engine","AIRBUS INDUSTRIE","A320-211",2,182,0,"Turbo-jet"
"N329DN",2017,"Fixed wing multi engine","AIRBUS SAS","A321-213",2,199,0,"Turbo-fan"
"N329FR",2018,"Fixed wing multi engine","AIRBUS","A320-251N",2,190,0,"Turbo-fan"
"N329JB",2011,"Fixed wing multi engine","EMBRAER","ERJ 190-100 IGW",2,20,0,"Turbo-fan"
"N329NB",2001,"Fixed wing multi engine","AIRBUS INDUSTRIE","A319-114",2,145,0,"Turbo-fan"
"N329NW",1992,"Fixed wing multi engine","AIRBUS INDUSTRIE","A320-211",2,182,0,"Turbo-jet"
"N329PQ",2014,"Fixed wing multi engine","BOMBARDIER INC","CL-600-2D24",2,95,0,"Turbo-fan"
"N330DX",2017,"Fixed wing multi engine","AIRBUS SAS","A321-213",2,199,0,"Turbo-fan"
"N330FR",2018,"Fixed wing multi engine","AIRBUS","A320-251N",2,190,0,"Turbo-fan"
"N330NB",2001,"Fixed wing multi engine","AIRBUS INDUSTRIE","A319-114",2,145,0,"Turbo-fan"
"N330PQ",2014,"Fixed wing multi engine","BOMBARDIER INC","CL-600-2D24",2,95,0,"Turbo-fan"
"N331CA",2002,"Fixed wing multi engine","BOMBARDIER INC","CL-600-2C10",2,80,0,"Turbo-fan"
"N331DN",2017,"Fixed wing multi engine","AIRBUS SAS","A321-213",2,199,0,"Turbo-fan"
"N331FR",2018,"Fixed wing multi engine","AIRBUS","A320-251N",2,190,0,"Turbo-fan"
"N331NB",NA,"Fixed wing multi engine","AIRBUS INDUSTRIE","A319-114",2,145,0,"Turbo-fan"
"N331PQ",2014,"Fixed wing multi engine","BOMBARDIER INC","CL-600-2D24",2,95,0,"Turbo-fan"
"N33203",2000,"Fixed wing multi engine","BOEING","737-824",2,149,0,"Turbo-fan"
"N33209",2000,"Fixed wing multi engine","BOEING","737-824",2,149,0,"Turbo-fan"
"N33262",2001,"Fixed wing multi engine","BOEING","737-824",2,149,0,"Turbo-fan"
"N33264",2001,"Fixed wing multi engine","BOEING","737-824",2,149,0,"Turbo-fan"
"N33266",2001,"Fixed wing multi engine","BOEING","737-824",2,149,0,"Turbo-fan"
"N33284",2004,"Fixed wing multi engine","BOEING","737-824",2,149,0,"Turbo-fan"
"N33286",2004,"Fixed wing multi engine","BOEING","737-824",2,149,0,"Turbo-fan"
"N33289",2004,"Fixed wing multi engine","BOEING","737-824",2,149,0,"Turbo-fan"
"N33292",2004,"Fixed wing multi engine","BOEING","737-824",2,149,0,"Turbo-fan"
"N33294",2005,"Fixed wing multi engine","BOEING","737-824",2,149,0,"Turbo-fan"
"N332DN",2017,"Fixed wing multi engine","AIRBUS SAS","A321-213",2,199,0,"Turbo-fan"
"N332FR",2018,"Fixed wing multi engine","AIRBUS","A320-251N",2,190,0,"Turbo-fan"
"N332NB",2001,"Fixed wing multi engine","AIRBUS INDUSTRIE","A319-114",2,145,0,"Turbo-fan"
"N333DX",2017,"Fixed wing multi engine","AIRBUS SAS","A321-213",2,199,0,"Turbo-fan"
"N333NB",2001,"Fixed wing multi engine","AIRBUS INDUSTRIE","A319-114",2,145,0,"Turbo-fan"
"N333NW",1992,"Fixed wing multi engine","AIRBUS INDUSTRIE","A320-211",2,182,0,"Turbo-jet"
"N334DN",2017,"Fixed wing multi engine","AIRBUS SAS","A321-213",2,199,0,"Turbo-fan"
"N334FR",2018,"Fixed wing multi engine","AIRBUS","A320-251N",2,190,0,"Turbo-fan"
"N334NB",2002,"Fixed wing multi engine","AIRBUS INDUSTRIE","A319-114",2,145,0,"Turbo-fan"
"N334NW",1992,"Fixed wing multi engine","AIRBUS INDUSTRIE","A320-212",2,182,0,"Turbo-fan"
"N335DN",2018,"Fixed wing multi engine","AIRBUS SAS","A321-213",2,199,0,"Turbo-fan"
"N335FR",2018,"Fixed wing multi engine","AIRBUS","A320-251N",2,190,0,"Turbo-fan"
"N335NB",2002,"Fixed wing multi engine","AIRBUS INDUSTRIE","A319-114",2,145,0,"Turbo-fan"
"N335NW",1992,"Fixed wing multi engine","AIRBUS INDUSTRIE","A320-212",2,182,0,"Turbo-fan"
"N335PH",2017,"Fixed wing multi engine","BOEING","737-800",2,175,0,"Turbo-fan"
"N335PQ",2014,"Fixed wing multi engine","BOMBARDIER INC","CL-600-2D24",2,95,0,"Turbo-fan"
"N336DX",2018,"Fixed wing multi engine","AIRBUS SAS","A321-213",2,199,0,"Turbo-fan"
"N336FR",2018,"Fixed wing multi engine","AIRBUS","A320-251N",2,190,0,"Turbo-fan"
"N336NB",2002,"Fixed wing multi engine","AIRBUS INDUSTRIE","A319-114",2,145,0,"Turbo-fan"
"N336NW",1992,"Fixed wing multi engine","AIRBUS INDUSTRIE","A320-212",2,182,0,"Turbo-fan"
"N336PQ",2014,"Fixed wing multi engine","BOMBARDIER INC","CL-600-2D24",2,95,0,"Turbo-fan"
"N33714",1998,"Fixed wing multi engine","BOEING","737-724",2,149,0,"Turbo-fan"
"N337FR",2018,"Fixed wing multi engine","AIRBUS","A320-251N",2,190,0,"Turbo-fan"
"N337JB",2011,"Fixed wing multi engine","EMBRAER","ERJ 190-100 IGW",2,20,0,"Turbo-fan"
"N337NB",2002,"Fixed wing multi engine","AIRBUS INDUSTRIE","A319-114",2,145,0,"Turbo-fan"
"N337PJ",2017,"Fixed wing multi engine","BOEING","737-800",2,175,0,"Turbo-fan"
"N337PQ",2014,"Fixed wing multi engine","BOMBARDIER INC","CL-600-2D24",2,95,0,"Turbo-fan"
"N338DN",2018,"Fixed wing multi engine","AIRBUS SAS","A321-213",2,199,0,"Turbo-fan"
"N338FR",2018,"Fixed wing multi engine","AIRBUS","A320-251N",2,190,0,"Turbo-fan"
"N338NB",2002,"Fixed wing multi engine","AIRBUS","A319-114",2,145,0,"Turbo-fan"
"N338NW",1992,"Fixed wing multi engine","AIRBUS INDUSTRIE","A320-212",2,182,0,"Turbo-fan"
"N338PK",2017,"Fixed wing multi engine","BOEING","737-800",2,175,0,"Turbo-fan"
"N339DN",2018,"Fixed wing multi engine","AIRBUS SAS","A321-213",2,199,0,"Turbo-fan"
"N339FR",2018,"Fixed wing multi engine","AIRBUS","A320-251N",2,190,0,"Turbo-fan"
"N339JB",2011,"Fixed wing multi engine","EMBRAER","ERJ 190-100 IGW",2,20,0,"Turbo-fan"
"N339NB",2002,"Fixed wing multi engine","AIRBUS","A319-114",2,145,0,"Turbo-fan"
"N339NW",1992,"Fixed wing multi engine","AIRBUS INDUSTRIE","A320-212",2,182,0,"Turbo-fan"
"N339PL",2017,"Fixed wing multi engine","BOEING","737-800",2,175,0,"Turbo-fan"
"N340DN",2018,"Fixed wing multi engine","AIRBUS SAS","A321-213",2,199,0,"Turbo-fan"
"N340NB",2002,"Fixed wing multi engine","AIRBUS","A319-114",2,145,0,"Turbo-fan"
"N340NW",1992,"Fixed wing multi engine","AIRBUS INDUSTRIE","A320-212",2,182,0,"Turbo-fan"
"N34110",2002,"Fixed wing multi engine","EMBRAER","EMB-145XR",2,55,0,"Turbo-fan"
"N341DN",2018,"Fixed wing multi engine","AIRBUS SAS","A321-213",2,199,0,"Turbo-fan"
"N341FR",2018,"Fixed wing multi engine","AIRBUS","A320-251N",2,190,0,"Turbo-fan"
"N341NB",2002,"Fixed wing multi engine","AIRBUS","A319-114",2,145,0,"Turbo-fan"
"N341NW",1992,"Fixed wing multi engine","AIRBUS INDUSTRIE","A320-212",2,182,0,"Turbo-fan"
"N341PQ",2014,"Fixed wing multi engine","BOMBARDIER INC","CL-600-2D24",2,95,0,"Turbo-fan"
"N34222",1998,"Fixed wing multi engine","BOEING","737-824",2,149,0,"Turbo-fan"
"N342DN",2018,"Fixed wing multi engine","AIRBUS SAS","A321-213",2,199,0,"Turbo-fan"
"N342FR",2018,"Fixed wing multi engine","AIRBUS","A320-251N",2,190,0,"Turbo-fan"
"N342NB",2002,"Fixed wing multi engine","AIRBUS","A319-114",2,145,0,"Turbo-fan"
"N342NW",1992,"Fixed wing multi engine","AIRBUS INDUSTRIE","A320-212",2,182,0,"Turbo-fan"
"N342PM",2017,"Fixed wing multi engine","BOEING","737-800",2,175,0,"Turbo-fan"
"N342RX",2019,"Fixed wing multi engine","BOEING","737-8",2,175,0,"Turbo-fan"
"N343DN",2018,"Fixed wing multi engine","AIRBUS SAS","A321-213",2,199,0,"Turbo-fan"
"N343FR",2018,"Fixed wing multi engine","AIRBUS","A320-251N",2,190,0,"Turbo-fan"
"N343NB",2002,"Fixed wing multi engine","AIRBUS","A319-114",2,145,0,"Turbo-fan"
"N343NW",1992,"Fixed wing multi engine","AIRBUS INDUSTRIE","A320-212",2,182,0,"Turbo-fan"
"N343PN",2017,"Fixed wing multi engine","BOEING","737-800",2,175,0,"Turbo-fan"
"N343RY",2019,"Fixed wing multi engine","BOEING","737-8",2,175,0,"Turbo-fan"
"N34455",2012,"Fixed wing multi engine","BOEING","737-924ER",2,191,0,"Turbo-fan"
"N34460",2012,"Fixed wing multi engine","BOEING","737-924ER",2,191,0,"Turbo-fan"
"N344DN",2018,"Fixed wing multi engine","AIRBUS SAS","A321-213",2,199,0,"Turbo-fan"
"N344FR",2018,"Fixed wing multi engine","AIRBUS","A320-251N",2,190,0,"Turbo-fan"
"N344NB",2002,"Fixed wing multi engine","AIRBUS","A319-114",2,145,0,"Turbo-fan"
"N344NW",1992,"Fixed wing multi engine","AIRBUS INDUSTRIE","A320-212",2,182,0,"Turbo-fan"
"N344PP",2017,"Fixed wing multi engine","BOEING","737-800",2,175,0,"Turbo-fan"
"N345DN",2018,"Fixed wing multi engine","AIRBUS SAS","A321-213",2,199,0,"Turbo-fan"
"N345NB",NA,"Fixed wing multi engine","AIRBUS","A319-114",2,145,0,"Turbo-fan"
"N345NW",1993,"Fixed wing multi engine","AIRBUS INDUSTRIE","A320-212",2,182,0,"Turbo-fan"
"N346DN",2018,"Fixed wing multi engine","AIRBUS SAS","A321-213",2,199,0,"Turbo-fan"
"N346FR",2019,"Fixed wing multi engine","AIRBUS","A320-251N",2,190,0,"Turbo-fan"
"N346NB",2002,"Fixed wing multi engine","AIRBUS","A319-114",2,145,0,"Turbo-fan"
"N346PR",2017,"Fixed wing multi engine","BOEING","737-800",2,175,0,"Turbo-fan"
"N347DN",2018,"Fixed wing multi engine","AIRBUS SAS","A321-213",2,199,0,"Turbo-fan"
"N347FR",2019,"Fixed wing multi engine","AIRBUS","A320-251N",2,190,0,"Turbo-fan"
"N347NB",2002,"Fixed wing multi engine","AIRBUS","A319-114",2,145,0,"Turbo-fan"
"N347NW",1993,"Fixed wing multi engine","AIRBUS INDUSTRIE","A320-212",2,182,0,"Turbo-fan"
"N348DN",2018,"Fixed wing multi engine","AIRBUS SAS","A321-213",2,199,0,"Turbo-fan"
"N348FR",2019,"Fixed wing multi engine","AIRBUS","A320-251N",2,190,0,"Turbo-fan"
"N348NB",2002,"Fixed wing multi engine","AIRBUS","A319-114",2,145,0,"Turbo-fan"
"N348NW",1993,"Fixed wing multi engine","AIRBUS INDUSTRIE","A320-212",2,182,0,"Turbo-fan"
"N348PQ",2015,"Fixed wing multi engine","BOMBARDIER INC","CL-600-2D24",2,95,0,"Turbo-fan"
"N349DX",2018,"Fixed wing multi engine","AIRBUS SAS","A321-213",2,199,0,"Turbo-fan"
"N349FR",2019,"Fixed wing multi engine","AIRBUS","A320-251N",2,190,0,"Turbo-fan"
"N349NB",2002,"Fixed wing multi engine","AIRBUS","A319-114",2,145,0,"Turbo-fan"
"N349NW",1993,"Fixed wing multi engine","AIRBUS INDUSTRIE","A320-212",2,182,0,"Turbo-fan"
"N349PQ",2015,"Fixed wing multi engine","BOMBARDIER INC","CL-600-2D24",2,95,0,"Turbo-fan"
"N350FR",2019,"Fixed wing multi engine","AIRBUS","A320-251N",2,190,0,"Turbo-fan"
"N350NA",1993,"Fixed wing multi engine","AIRBUS INDUSTRIE","A320-212",2,182,0,"Turbo-fan"
"N351DN",2018,"Fixed wing multi engine","AIRBUS SAS","A321-213",2,199,0,"Turbo-fan"
"N351FR",2019,"Fixed wing multi engine","AIRBUS","A320-251N",2,190,0,"Turbo-fan"
"N351NB",2002,"Fixed wing multi engine","AIRBUS","A319-114",2,145,0,"Turbo-fan"
"N351NW",1997,"Fixed wing multi engine","AIRBUS INDUSTRIE","A320-212",2,182,0,"Turbo-fan"
"N35204",2000,"Fixed wing multi engine","BOEING","737-824",2,149,0,"Turbo-fan"
"N35236",1999,"Fixed wing multi engine","BOEING","737-824",2,149,0,"Turbo-fan"
"N35260",2001,"Fixed wing multi engine","BOEING","737-824",2,149,0,"Turbo-fan"
"N35271",2001,"Fixed wing multi engine","BOEING","737-824",2,149,0,"Turbo-fan"
"N352DN",2018,"Fixed wing multi engine","AIRBUS SAS","A321-213",2,199,0,"Turbo-fan"
"N352FR",2019,"Fixed wing multi engine","AIRBUS SAS","A320-251N",2,181,0,"Turbo-fan"
"N352NB",2002,"Fixed wing multi engine","AIRBUS","A319-114",2,145,0,"Turbo-fan"
"N352NW",1998,"Fixed wing multi engine","AIRBUS INDUSTRIE","A320-212",2,182,0,"Turbo-fan"
"N352PS",2017,"Fixed wing multi engine","BOEING","737-800",2,175,0,"Turbo-fan"
"N353DN",2018,"Fixed wing multi engine","AIRBUS SAS","A321-213",2,199,0,"Turbo-fan"
"N353FR",2019,"Fixed wing multi engine","AIRBUS","A320-251N",2,190,0,"Turbo-fan"
"N353NB",2002,"Fixed wing multi engine","AIRBUS","A319-114",2,145,0,"Turbo-fan"
"N353NW",1998,"Fixed wing multi engine","AIRBUS INDUSTRIE","A320-212",2,182,0,"Turbo-fan"
"N35407",2001,"Fixed wing multi engine","BOEING","737-924",2,191,0,"Turbo-fan"
"N354DN",2018,"Fixed wing multi engine","AIRBUS SAS","A321-213",2,199,0,"Turbo-fan"
"N354FR",2019,"Fixed wing multi engine","AIRBUS","A320-251N",2,190,0,"Turbo-fan"
"N354NB",2002,"Fixed wing multi engine","AIRBUS","A319-114",2,145,0,"Turbo-fan"
"N354NW",1998,"Fixed wing multi engine","AIRBUS INDUSTRIE","A320-212",2,182,0,"Turbo-fan"
"N354PT",2017,"Fixed wing multi engine","BOEING","737-800",2,175,0,"Turbo-fan"
"N355DN",2018,"Fixed wing multi engine","AIRBUS SAS","A321-213",2,199,0,"Turbo-fan"
"N355NB",2002,"Fixed wing multi engine","AIRBUS","A319-114",2,145,0,"Turbo-fan"
"N355NW",1998,"Fixed wing multi engine","AIRBUS INDUSTRIE","A320-212",2,182,0,"Turbo-fan"
"N355PU",2017,"Fixed wing multi engine","BOEING","737-800",2,175,0,"Turbo-fan"
"N356DN",2018,"Fixed wing multi engine","AIRBUS SAS","A321-213",2,199,0,"Turbo-fan"
"N356FR",2019,"Fixed wing multi engine","AIRBUS","A320-251N",2,190,0,"Turbo-fan"
"N356NW",1998,"Fixed wing multi engine","AIRBUS INDUSTRIE","A320-212",2,182,0,"Turbo-fan"
"N357DN",2018,"Fixed wing multi engine","AIRBUS SAS","A321-213",2,199,0,"Turbo-fan"
"N357NB",2002,"Fixed wing multi engine","AIRBUS","A319-114",2,145,0,"Turbo-fan"
"N357NW",1998,"Fixed wing multi engine","AIRBUS INDUSTRIE","A320-212",2,182,0,"Turbo-fan"
"N357PV",2017,"Fixed wing multi engine","BOEING","737-800",2,175,0,"Turbo-fan"
"N358DN",2018,"Fixed wing multi engine","AIRBUS SAS","A321-213",2,199,0,"Turbo-fan"
"N358FR",2019,"Fixed wing multi engine","AIRBUS","A320-251N",2,190,0,"Turbo-fan"
"N358NB",2003,"Fixed wing multi engine","AIRBUS","A319-114",2,145,0,"Turbo-fan"
"N358NW",1998,"Fixed wing multi engine","AIRBUS INDUSTRIE","A320-212",2,182,0,"Turbo-fan"
"N358PW",2017,"Fixed wing multi engine","BOEING","737-800",2,175,0,"Turbo-fan"
"N359DN",2018,"Fixed wing multi engine","AIRBUS SAS","A321-213",2,199,0,"Turbo-fan"
"N359FR",2019,"Fixed wing multi engine","AIRBUS","A320-251N",2,190,0,"Turbo-fan"
"N359NB",2003,"Fixed wing multi engine","AIRBUS","A319-114",2,145,0,"Turbo-fan"
"N359NW",1998,"Fixed wing multi engine","AIRBUS INDUSTRIE","A320-212",2,182,0,"Turbo-fan"
"N359PX",2017,"Fixed wing multi engine","BOEING","737-800",2,175,0,"Turbo-fan"
"N360DN",2018,"Fixed wing multi engine","AIRBUS SAS","A321-213",2,199,0,"Turbo-fan"
"N360FR",2019,"Fixed wing multi engine","AIRBUS","A320-251N",2,190,0,"Turbo-fan"
"N360NB",2003,"Fixed wing multi engine","AIRBUS","A319-114",2,145,0,"Turbo-fan"
"N360NW",1998,"Fixed wing multi engine","AIRBUS INDUSTRIE","A320-212",2,182,0,"Turbo-fan"
"N361DN",2018,"Fixed wing multi engine","AIRBUS SAS","A321-213",2,199,0,"Turbo-fan"
"N361FR",2019,"Fixed wing multi engine","AIRBUS","A320-251N",2,190,0,"Turbo-fan"
"N361NB",2003,"Fixed wing multi engine","AIRBUS","A319-114",2,145,0,"Turbo-fan"
"N361NW",1998,"Fixed wing multi engine","AIRBUS INDUSTRIE","A320-212",2,182,0,"Turbo-fan"
"N36207",2000,"Fixed wing multi engine","BOEING","737-824",2,149,0,"Turbo-fan"
"N36247",1999,"Fixed wing multi engine","BOEING","737-824",2,149,0,"Turbo-fan"
"N36272",2001,"Fixed wing multi engine","BOEING","737-824",2,149,0,"Turbo-fan"
"N362DN",2018,"Fixed wing multi engine","AIRBUS SAS","A321-213",2,199,0,"Turbo-fan"
"N362FR",2019,"Fixed wing multi engine","AIRBUS","A320-251N",2,190,0,"Turbo-fan"
"N362NB",2003,"Fixed wing multi engine","AIRBUS","A319-114",2,145,0,"Turbo-fan"
"N362NW",1998,"Fixed wing multi engine","AIRBUS INDUSTRIE","A320-212",2,182,0,"Turbo-fan"
"N363DN",2018,"Fixed wing multi engine","AIRBUS SAS","A321-213",2,199,0,"Turbo-fan"
"N363FR",2019,"Fixed wing multi engine","AIRBUS","A320-251N",2,190,0,"Turbo-fan"
"N363NB",2003,"Fixed wing multi engine","AIRBUS","A319-114",2,145,0,"Turbo-fan"
"N363NW",1998,"Fixed wing multi engine","AIRBUS INDUSTRIE","A320-212",2,182,0,"Turbo-fan"
"N36444",2010,"Fixed wing multi engine","BOEING","737-924ER",2,191,0,"Turbo-fan"
"N36447",2012,"Fixed wing multi engine","BOEING","737-924ER",2,191,0,"Turbo-fan"
"N36469",2013,"Fixed wing multi engine","BOEING","737-924ER",2,191,0,"Turbo-fan"
"N36472",2013,"Fixed wing multi engine","BOEING","737-924ER",2,191,0,"Turbo-fan"
"N36476",2013,"Fixed wing multi engine","BOEING","737-924ER",2,191,0,"Turbo-fan"
"N364DX",2018,"Fixed wing multi engine","AIRBUS SAS","A321-213",2,199,0,"Turbo-fan"
"N364FR",2019,"Fixed wing multi engine","AIRBUS","A320-251N",2,190,0,"Turbo-fan"
"N364NB",2003,"Fixed wing multi engine","AIRBUS","A319-114",2,145,0,"Turbo-fan"
"N364NW",1999,"Fixed wing multi engine","AIRBUS INDUSTRIE","A320-212",2,182,0,"Turbo-fan"
"N365NB",2003,"Fixed wing multi engine","AIRBUS","A319-114",2,145,0,"Turbo-fan"
"N365NW",1999,"Fixed wing multi engine","AIRBUS INDUSTRIE","A320-212",2,182,0,"Turbo-fan"
"N366DX",2019,"Fixed wing multi engine","AIRBUS","A321-211",2,199,0,"Turbo-fan"
"N366NB",2003,"Fixed wing multi engine","AIRBUS","A319-114",2,145,0,"Turbo-fan"
"N366NW",1999,"Fixed wing multi engine","AIRBUS INDUSTRIE","A320-212",2,182,0,"Turbo-fan"
"N367CA",2002,"Fixed wing multi engine","BOMBARDIER INC","CL-600-2C10",2,80,0,"Turbo-fan"
"N367DN",2019,"Fixed wing multi engine","AIRBUS","A321-211",2,199,0,"Turbo-fan"
"N367NW",1999,"Fixed wing multi engine","AIRBUS INDUSTRIE","A320-212",2,182,0,"Turbo-fan"
"N368CA",2003,"Fixed wing multi engine","BOMBARDIER INC","CL-600-2C10",2,80,0,"Turbo-fan"
"N368DN",2019,"Fixed wing multi engine","AIRBUS","A321-211",2,199,0,"Turbo-fan"
"N368NB",2003,"Fixed wing multi engine","AIRBUS","A319-114",2,145,0,"Turbo-fan"
"N368NW",1999,"Fixed wing multi engine","AIRBUS INDUSTRIE","A320-212",2,182,0,"Turbo-fan"
"N369NB",2003,"Fixed wing multi engine","AIRBUS","A319-114",2,145,0,"Turbo-fan"
"N369NW",1999,"Fixed wing multi engine","AIRBUS INDUSTRIE","A320-212",2,182,0,"Turbo-fan"
"N370DN",2019,"Fixed wing multi engine","AIRBUS","A321-211",2,199,0,"Turbo-fan"
"N370NB",2003,"Fixed wing multi engine","AIRBUS","A319-114",2,145,0,"Turbo-fan"
"N370NW",1999,"Fixed wing multi engine","AIRBUS INDUSTRIE","A320-212",2,182,0,"Turbo-fan"
"N371CA",2003,"Fixed wing multi engine","BOMBARDIER INC","CL-600-2C10",2,80,0,"Turbo-fan"
"N371DA",1998,"Fixed wing multi engine","BOEING","737-832",2,189,0,"Turbo-fan"
"N371DN",2019,"Fixed wing multi engine","AIRBUS","A321-211",2,199,0,"Turbo-fan"
"N371NB",2003,"Fixed wing multi engine","AIRBUS","A319-114",2,145,0,"Turbo-fan"
"N371NW",2001,"Fixed wing multi engine","AIRBUS INDUSTRIE","A320-212",2,182,0,"Turbo-fan"
"N37252",2000,"Fixed wing multi engine","BOEING","737-824",2,149,0,"Turbo-fan"
"N37253",2000,"Fixed wing multi engine","BOEING","737-824",2,149,0,"Turbo-fan"
"N37255",2000,"Fixed wing multi engine","BOEING","737-824",2,149,0,"Turbo-fan"
"N37263",2001,"Fixed wing multi engine","BOEING","737-824",2,149,0,"Turbo-fan"
"N37267",2001,"Fixed wing multi engine","BOEING","737-824",2,149,0,"Turbo-fan"
"N37273",2001,"Fixed wing multi engine","BOEING","737-824",2,149,0,"Turbo-fan"
"N37274",2002,"Fixed wing multi engine","BOEING","737-824",2,149,0,"Turbo-fan"
"N37277",2002,"Fixed wing multi engine","BOEING","737-824",2,149,0,"Turbo-fan"
"N37287",2004,"Fixed wing multi engine","BOEING","737-824",2,149,0,"Turbo-fan"
"N37290",2004,"Fixed wing multi engine","BOEING","737-824",2,149,0,"Turbo-fan"
"N37293",2005,"Fixed wing multi engine","BOEING","737-824",2,149,0,"Turbo-fan"
"N37298",2005,"Fixed wing multi engine","BOEING","737-824",2,149,0,"Turbo-fan"
"N372DA",1998,"Fixed wing multi engine","BOEING","737-832",2,189,0,"Turbo-fan"
"N372DN",2019,"Fixed wing multi engine","AIRBUS","A321-211",2,199,0,"Turbo-fan"
"N372NW",2001,"Fixed wing multi engine","AIRBUS INDUSTRIE","A320-212",2,182,0,"Turbo-fan"
"N3730B",2000,"Fixed wing multi engine","BOEING","737-832",2,189,0,"Turbo-fan"
"N3731T",2000,"Fixed wing multi engine","BOEING","737-832",2,189,0,"Turbo-fan"
"N3732J",2000,"Fixed wing multi engine","BOEING","737-832",2,189,0,"Turbo-fan"
"N3733Z",2000,"Fixed wing multi engine","BOEING","737-832",2,189,0,"Turbo-fan"
"N3734B",2000,"Fixed wing multi engine","BOEING","737-832",2,189,0,"Turbo-fan"
"N3735D",2000,"Fixed wing multi engine","BOEING","737-832",2,189,0,"Turbo-fan"
"N3736C",2000,"Fixed wing multi engine","BOEING","737-832",2,189,0,"Turbo-fan"
"N3737C",2000,"Fixed wing multi engine","BOEING","737-832",2,189,0,"Turbo-fan"
"N3738B",2000,"Fixed wing multi engine","BOEING","737-832",2,189,0,"Turbo-fan"
"N3739P",2000,"Fixed wing multi engine","BOEING","737-832",2,189,0,"Turbo-fan"
"N373DA",1998,"Fixed wing multi engine","BOEING","737-832",2,189,0,"Turbo-fan"
"N373DX",2019,"Fixed wing multi engine","AIRBUS","A321-211",2,199,0,"Turbo-fan"
"N373NW",2001,"Fixed wing multi engine","AIRBUS INDUSTRIE","A320-212",2,182,0,"Turbo-fan"
"N37408",2001,"Fixed wing multi engine","BOEING","737-924",2,191,0,"Turbo-fan"
"N37409",2001,"Fixed wing multi engine","BOEING","737-924",2,191,0,"Turbo-fan"
"N3740C",2000,"Fixed wing multi engine","BOEING","737-832",2,189,0,"Turbo-fan"
"N37413",2008,"Fixed wing multi engine","BOEING","737-924ER",2,191,0,"Turbo-fan"
"N37419",2008,"Fixed wing multi engine","BOEING","737-924ER",2,191,0,"Turbo-fan"
"N3741S",2001,"Fixed wing multi engine","BOEING","737-832",2,189,0,"Turbo-fan"
"N37420",2008,"Fixed wing multi engine","BOEING","737-924ER",2,191,0,"Turbo-fan"
"N37422",2008,"Fixed wing multi engine","BOEING","737-924ER",2,191,0,"Turbo-fan"
"N37427",2008,"Fixed wing multi engine","BOEING","737-924ER",2,191,0,"Turbo-fan"
"N3742C",2001,"Fixed wing multi engine","BOEING","737-832",2,189,0,"Turbo-fan"
"N37434",2009,"Fixed wing multi engine","BOEING","737-924ER",2,191,0,"Turbo-fan"
"N37437",2009,"Fixed wing multi engine","BOEING","737-924ER",2,191,0,"Turbo-fan"
"N3743H",2001,"Fixed wing multi engine","BOEING","737-832",2,189,0,"Turbo-fan"
"N3744F",2001,"Fixed wing multi engine","BOEING","737-832",2,189,0,"Turbo-fan"
"N37456",2012,"Fixed wing multi engine","BOEING","737-924ER",2,191,0,"Turbo-fan"
"N3745B",2001,"Fixed wing multi engine","BOEING","737-832",2,189,0,"Turbo-fan"
"N37462",2012,"Fixed wing multi engine","BOEING","737-924ER",2,191,0,"Turbo-fan"
"N37464",2012,"Fixed wing multi engine","BOEING","737-924ER",2,191,0,"Turbo-fan"
"N37465",2013,"Fixed wing multi engine","BOEING","737-924ER",2,191,0,"Turbo-fan"
"N37466",2013,"Fixed wing multi engine","BOEING","737-924ER",2,191,0,"Turbo-fan"
"N37468",2013,"Fixed wing multi engine","BOEING","737-924ER",2,191,0,"Turbo-fan"
"N3746H",2001,"Fixed wing multi engine","BOEING","737-832",2,189,0,"Turbo-fan"
"N37470",2013,"Fixed wing multi engine","BOEING","737-924ER",2,191,0,"Turbo-fan"
"N37471",2013,"Fixed wing multi engine","BOEING","737-924ER",2,191,0,"Turbo-fan"
"N37474",2013,"Fixed wing multi engine","BOEING","737-924ER",2,191,0,"Turbo-fan"
"N3747D",2001,"Fixed wing multi engine","BOEING","737-832",2,189,0,"Turbo-fan"
"N3748Y",2001,"Fixed wing multi engine","BOEING","737-832",2,189,0,"Turbo-fan"
"N3749D",2001,"Fixed wing multi engine","BOEING","737-832",2,189,0,"Turbo-fan"
"N374DA",1998,"Fixed wing multi engine","BOEING","737-832",2,189,0,"Turbo-fan"
"N374DX",2019,"Fixed wing multi engine","AIRBUS","A321-211",2,199,0,"Turbo-fan"
"N374NW",2001,"Fixed wing multi engine","AIRBUS INDUSTRIE","A320-212",2,182,0,"Turbo-fan"
"N3750D",2001,"Fixed wing multi engine","BOEING","737-832",2,189,0,"Turbo-fan"
"N3751B",2001,"Fixed wing multi engine","BOEING","737-832",2,189,0,"Turbo-fan"
"N3752",2001,"Fixed wing multi engine","BOEING","737-832",2,189,0,"Turbo-fan"
"N3753",2001,"Fixed wing multi engine","BOEING","737-832",2,189,0,"Turbo-fan"
"N3754A",2001,"Fixed wing multi engine","BOEING","737-832",2,189,0,"Turbo-fan"
"N3755D",2001,"Fixed wing multi engine","BOEING","737-832",2,189,0,"Turbo-fan"
"N3756",2001,"Fixed wing multi engine","BOEING","737-832",2,189,0,"Turbo-fan"
"N3757D",2001,"Fixed wing multi engine","BOEING","737-832",2,189,0,"Turbo-fan"
"N3758Y",2001,"Fixed wing multi engine","BOEING","737-832",2,189,0,"Turbo-fan"
"N3759",2001,"Fixed wing multi engine","BOEING","737-832",2,189,0,"Turbo-fan"
"N375DA",1998,"Fixed wing multi engine","BOEING","737-832",2,189,0,"Turbo-fan"
"N375DN",2019,"Fixed wing multi engine","AIRBUS","A321-211",2,199,0,"Turbo-fan"
"N375NC",2002,"Fixed wing multi engine","AIRBUS","A320-212",2,182,0,"Turbo-fan"
"N3760C",2001,"Fixed wing multi engine","BOEING","737-832",2,189,0,"Turbo-fan"
"N3761R",2001,"Fixed wing multi engine","BOEING","737-832",2,189,0,"Turbo-fan"
"N3762Y",2001,"Fixed wing multi engine","BOEING","737-832",2,189,0,"Turbo-fan"
"N3763D",2001,"Fixed wing multi engine","BOEING","737-832",2,189,0,"Turbo-fan"
"N3764D",2001,"Fixed wing multi engine","BOEING","737-832",2,189,0,"Turbo-fan"
"N3765",2001,"Fixed wing multi engine","BOEING","737-832",2,189,0,"Turbo-fan"
"N3766",2001,"Fixed wing multi engine","BOEING","737-832",2,189,0,"Turbo-fan"
"N3767",2001,"Fixed wing multi engine","BOEING","737-832",2,189,0,"Turbo-fan"
"N3768",2002,"Fixed wing multi engine","BOEING","737-832",2,189,0,"Turbo-fan"
"N3769L",2002,"Fixed wing multi engine","BOEING","737-832",2,189,0,"Turbo-fan"
"N376DA",1999,"Fixed wing multi engine","BOEING","737-832",2,189,0,"Turbo-fan"
"N376DN",2019,"Fixed wing multi engine","AIRBUS","A321-211",2,199,0,"Turbo-fan"
"N376NW",2002,"Fixed wing multi engine","AIRBUS","A320-212",2,182,0,"Turbo-fan"
"N37700",2002,"Fixed wing multi engine","BOEING","737-832",2,189,0,"Turbo-fan"
"N3771K",2002,"Fixed wing multi engine","BOEING","737-832",2,189,0,"Turbo-fan"
"N3772H",2010,"Fixed wing multi engine","BOEING","737-832",2,189,0,"Turbo-fan"
"N3773D",2010,"Fixed wing multi engine","BOEING","737-832",2,189,0,"Turbo-fan"
"N377DA",1999,"Fixed wing multi engine","BOEING","737-832",2,189,0,"Turbo-fan"
"N377DE",2014,"Fixed wing multi engine","BOEING","737-8EH",2,189,0,"Turbo-fan"
"N377DN",2019,"Fixed wing multi engine","AIRBUS","A321-211",2,199,0,"Turbo-fan"
"N377NW",2003,"Fixed wing multi engine","AIRBUS","A320-211",2,182,0,"Turbo-fan"
"N378DA",1999,"Fixed wing multi engine","BOEING","737-832",2,189,0,"Turbo-fan"
"N378DN",2019,"Fixed wing multi engine","AIRBUS","A321-211",2,199,0,"Turbo-fan"
"N378NW",2003,"Fixed wing multi engine","AIRBUS","A320-211",2,182,0,"Turbo-fan"
"N379DA",1999,"Fixed wing multi engine","BOEING","737-832",2,189,0,"Turbo-fan"
"N379DN",2019,"Fixed wing multi engine","AIRBUS","A321-211",2,199,0,"Turbo-fan"
"N380DA",1999,"Fixed wing multi engine","BOEING","737-832",2,189,0,"Turbo-fan"
"N380DN",2019,"Fixed wing multi engine","AIRBUS","A321-211",2,199,0,"Turbo-fan"
"N381DN",1999,"Fixed wing multi engine","BOEING","737-832",2,189,0,"Turbo-fan"
"N38257",2000,"Fixed wing multi engine","BOEING","737-824",2,149,0,"Turbo-fan"
"N38268",2001,"Fixed wing multi engine","BOEING","737-824",2,149,0,"Turbo-fan"
"N382DA",1999,"Fixed wing multi engine","BOEING","737-832",2,189,0,"Turbo-fan"
"N382DN",2019,"Fixed wing multi engine","AIRBUS","A321-211",2,199,0,"Turbo-fan"
"N383DN",1999,"Fixed wing multi engine","BOEING","737-832",2,189,0,"Turbo-fan"
"N383DZ",2019,"Fixed wing multi engine","AIRBUS","A321-211",2,199,0,"Turbo-fan"
"N38403",2001,"Fixed wing multi engine","BOEING","737-924",2,191,0,"Turbo-fan"
"N38417",2008,"Fixed wing multi engine","BOEING","737-924ER",2,191,0,"Turbo-fan"
"N38424",2008,"Fixed wing multi engine","BOEING","737-924ER",2,191,0,"Turbo-fan"
"N38443",2010,"Fixed wing multi engine","BOEING","737-924ER",2,191,0,"Turbo-fan"
"N38446",2012,"Fixed wing multi engine","BOEING","737-924ER",2,191,0,"Turbo-fan"
"N38451",2012,"Fixed wing multi engine","BOEING","737-924ER",2,191,0,"Turbo-fan"
"N38454",2012,"Fixed wing multi engine","BOEING","737-924ER",2,191,0,"Turbo-fan"
"N38458",2012,"Fixed wing multi engine","BOEING","737-924ER",2,191,0,"Turbo-fan"
"N38459",2012,"Fixed wing multi engine","BOEING","737-924ER",2,191,0,"Turbo-fan"
"N38467",2013,"Fixed wing multi engine","BOEING","737-924ER",2,191,0,"Turbo-fan"
"N38473",2013,"Fixed wing multi engine","BOEING","737-924ER",2,191,0,"Turbo-fan"
"N38479",2016,"Fixed wing multi engine","BOEING","737-900ER",2,222,0,"Turbo-fan"
"N384AA",NA,"Fixed wing multi engine","ANDURIL INDUSTRIES INC","ROADRUNNER",2,NA,0,"Turbo-jet"
"N384DA",1999,"Fixed wing multi engine","BOEING","737-832",2,189,0,"Turbo-fan"
"N384DN",2019,"Fixed wing multi engine","AIRBUS","A321-211",2,199,0,"Turbo-fan"
"N385DN",1999,"Fixed wing multi engine","BOEING","737-832",2,189,0,"Turbo-fan"
"N385DZ",2019,"Fixed wing multi engine","AIRBUS","A321-211",2,199,0,"Turbo-fan"
"N386DA",1999,"Fixed wing multi engine","BOEING","737-832",2,189,0,"Turbo-fan"
"N38727",1999,"Fixed wing multi engine","BOEING","737-724",2,149,0,"Turbo-fan"
"N387DA",2000,"Fixed wing multi engine","BOEING","737-832",2,189,0,"Turbo-fan"
"N387DN",2019,"Fixed wing multi engine","AIRBUS","A321-211",2,199,0,"Turbo-fan"
"N388DA",2000,"Fixed wing multi engine","BOEING","737-832",2,189,0,"Turbo-fan"
"N389DA",2000,"Fixed wing multi engine","BOEING","737-832",2,189,0,"Turbo-fan"
"N390CA",2003,"Fixed wing multi engine","BOMBARDIER INC","CL-600-2C10",2,80,0,"Turbo-fan"
"N390DA",2000,"Fixed wing multi engine","BOEING","737-832",2,189,0,"Turbo-fan"
"N390DN",2019,"Fixed wing multi engine","AIRBUS","A321-211",2,199,0,"Turbo-fan"
"N391CA",2003,"Fixed wing multi engine","BOMBARDIER INC","CL-600-2C10",2,80,0,"Turbo-fan"
"N391DA",2000,"Fixed wing multi engine","BOEING","737-832",2,189,0,"Turbo-fan"
"N39297",2005,"Fixed wing multi engine","BOEING","737-824",2,149,0,"Turbo-fan"
"N392DA",2000,"Fixed wing multi engine","BOEING","737-832",2,189,0,"Turbo-fan"
"N392DN",2019,"Fixed wing multi engine","AIRBUS","A321-211",2,199,0,"Turbo-fan"
"N393DA",2000,"Fixed wing multi engine","BOEING","737-832",2,189,0,"Turbo-fan"
"N393DN",2019,"Fixed wing multi engine","AIRBUS SAS","A321-211",2,222,0,"Turbo-fan"
"N39415",2008,"Fixed wing multi engine","BOEING","737-924ER",2,191,0,"Turbo-fan"
"N39416",2008,"Fixed wing multi engine","BOEING","737-924ER",2,191,0,"Turbo-fan"
"N39418",2008,"Fixed wing multi engine","BOEING","737-924ER",2,191,0,"Turbo-fan"
"N39423",2008,"Fixed wing multi engine","BOEING","737-924ER",2,191,0,"Turbo-fan"
"N39450",2012,"Fixed wing multi engine","BOEING","737-924ER",2,191,0,"Turbo-fan"
"N39461",2012,"Fixed wing multi engine","BOEING","737-924ER",2,191,0,"Turbo-fan"
"N39463",2012,"Fixed wing multi engine","BOEING","737-924ER",2,191,0,"Turbo-fan"
"N39475",2013,"Fixed wing multi engine","BOEING","737-924ER",2,191,0,"Turbo-fan"
"N394DA",2000,"Fixed wing multi engine","BOEING","737-832",2,189,0,"Turbo-fan"
"N394DX",2019,"Fixed wing multi engine","AIRBUS","A321-211",2,199,0,"Turbo-fan"
"N395DN",2000,"Fixed wing multi engine","BOEING","737-832",2,189,0,"Turbo-fan"
"N395DZ",2019,"Fixed wing multi engine","AIRBUS SAS","A321-211",2,222,0,"Turbo-fan"
"N396DA",2000,"Fixed wing multi engine","BOEING","737-832",2,189,0,"Turbo-fan"
"N39728",1999,"Fixed wing multi engine","BOEING","737-724",2,149,0,"Turbo-fan"
"N397DA",2000,"Fixed wing multi engine","BOEING","737-832",2,189,0,"Turbo-fan"
"N397DN",2019,"Fixed wing multi engine","AIRBUS","A321-211",2,199,0,"Turbo-fan"
"N398CA",2003,"Fixed wing multi engine","BOMBARDIER INC","CL-600-2C10",2,80,0,"Turbo-fan"
"N398DA",2000,"Fixed wing multi engine","BOEING","737-832",2,189,0,"Turbo-fan"
"N399DA",2000,"Fixed wing multi engine","BOEING","737-832",2,189,0,"Turbo-fan"
"N400AN",2019,"Fixed wing multi engine","AIRBUS","A321-253NX",2,222,0,"Turbo-fan"
"N401AN",2019,"Fixed wing multi engine","AIRBUS","A321-253NX",2,222,0,"Turbo-fan"
"N401UA",1993,"Fixed wing multi engine","AIRBUS INDUSTRIE","A320-232",2,200,0,"Turbo-fan"
"N401YX",2013,"Fixed wing multi engine","EMBRAER S A","ERJ 170-200 LR",2,88,0,"Turbo-fan"
"N402AN",2019,"Fixed wing multi engine","AIRBUS","A321-253NX",2,222,0,"Turbo-fan"
"N402AS",2012,"Fixed wing multi engine","BOEING","737-990ER",2,222,0,"Turbo-fan"
"N402UA",1993,"Fixed wing multi engine","AIRBUS INDUSTRIE","A320-232",2,200,0,"Turbo-fan"
"N402YX",2013,"Fixed wing multi engine","EMBRAER S A","ERJ 170-200 LR",2,88,0,"Turbo-fan"
"N4032T",2015,"Fixed wing multi engine","AIRBUS","A319-115",2,147,0,"Turbo-fan"
"N403AN",2019,"Fixed wing multi engine","AIRBUS","A321-253NX",2,222,0,"Turbo-fan"
"N403AS",2012,"Fixed wing multi engine","BOEING","737-990ER",2,222,0,"Turbo-fan"
"N403YX",2013,"Fixed wing multi engine","EMBRAER S A","ERJ 170-200 LR",2,88,0,"Turbo-fan"
"N404AN",2019,"Fixed wing multi engine","AIRBUS","A321-253NX",2,222,0,"Turbo-fan"
"N404UA",1993,"Fixed wing multi engine","AIRBUS INDUSTRIE","A320-232",2,200,0,"Turbo-fan"
"N404YX",2013,"Fixed wing multi engine","EMBRAER S A","ERJ 170-200 LR",2,88,0,"Turbo-fan"
"N405YX",2013,"Fixed wing multi engine","EMBRAER S A","ERJ 170-200 LR",2,88,0,"Turbo-fan"
"N406AN",2019,"Fixed wing multi engine","AIRBUS","A321-253NX",2,222,0,"Turbo-fan"
"N406UA",1994,"Fixed wing multi engine","AIRBUS INDUSTRIE","A320-232",2,200,0,"Turbo-fan"
"N406YX",2013,"Fixed wing multi engine","EMBRAER S A","ERJ 170-200 LR",2,88,0,"Turbo-fan"
"N407AN",2019,"Fixed wing multi engine","AIRBUS","A321-253NX",2,222,0,"Turbo-fan"
"N407AS",2012,"Fixed wing multi engine","BOEING","737-990ER",2,222,0,"Turbo-fan"
"N407YX",2013,"Fixed wing multi engine","EMBRAER S A","ERJ 170-200 LR",2,88,0,"Turbo-fan"
"N408AS",2012,"Fixed wing multi engine","BOEING","737-990ER",2,222,0,"Turbo-fan"
"N408YX",2013,"Fixed wing multi engine","EMBRAER","ERJ 170-200 LR",2,88,0,"Turbo-fan"
"N409AA",2019,"Fixed wing multi engine","AIRBUS","A321-253NX",2,222,0,"Turbo-fan"
"N409AS",2013,"Fixed wing multi engine","BOEING","737-990ER",2,222,0,"Turbo-fan"
"N409YX",2013,"Fixed wing multi engine","EMBRAER","ERJ 170-200 LR",2,88,0,"Turbo-fan"
"N410WN",2001,"Fixed wing multi engine","BOEING","737-7H4",2,143,0,"Turbo-fan"
"N410YX",2013,"Fixed wing multi engine","EMBRAER","ERJ 170-200 LR",2,88,0,"Turbo-fan"
"N411YX",2013,"Fixed wing multi engine","EMBRAER","ERJ 170-200 LR",2,88,0,"Turbo-fan"
"N412YX",2013,"Fixed wing multi engine","EMBRAER","ERJ 170-200 LR",2,88,0,"Turbo-fan"
"N413AS",2013,"Fixed wing multi engine","BOEING","737-990ER",2,222,0,"Turbo-fan"
"N413YX",2013,"Fixed wing multi engine","EMBRAER","ERJ 170-200 LR",2,88,0,"Turbo-fan"
"N414YX",2013,"Fixed wing multi engine","EMBRAER","ERJ 170-200 LR",2,88,0,"Turbo-fan"
"N415YX",2013,"Fixed wing multi engine","EMBRAER","ERJ 170-200 LR",2,88,0,"Turbo-fan"
"N416YX",2013,"Fixed wing multi engine","EMBRAER","ERJ 170-200 LR",2,88,0,"Turbo-fan"
"N417YX",2013,"Fixed wing multi engine","EMBRAER","ERJ 170-200 LR",2,88,0,"Turbo-fan"
"N418YX",2013,"Fixed wing multi engine","EMBRAER","ERJ 170-200 LR",2,88,0,"Turbo-fan"
"N419AS",2013,"Fixed wing multi engine","BOEING","737-990ER",2,222,0,"Turbo-fan"
"N419YX",2013,"Fixed wing multi engine","EMBRAER","ERJ 170-200 LR",2,88,0,"Turbo-fan"
"N420YX",2014,"Fixed wing multi engine","EMBRAER S A","ERJ 170-200 LR",2,88,0,"Turbo-fan"
"N421YX",2014,"Fixed wing multi engine","EMBRAER S A","ERJ 170-200 LR",2,88,0,"Turbo-fan"
"N422WN",2002,"Fixed wing multi engine","BOEING","737-7H4",2,143,0,"Turbo-fan"
"N422YX",2014,"Fixed wing multi engine","EMBRAER S A","ERJ 170-200 LR",2,88,0,"Turbo-fan"
"N423AS",2013,"Fixed wing multi engine","BOEING","737-990ER",2,222,0,"Turbo-fan"
"N423YX",2014,"Fixed wing multi engine","EMBRAER S A","ERJ 170-200 LR",2,88,0,"Turbo-fan"
"N424WN",2002,"Fixed wing multi engine","BOEING","737-7H4",2,143,0,"Turbo-fan"
"N424YX",2014,"Fixed wing multi engine","EMBRAER S A","ERJ 170-200 LR",2,88,0,"Turbo-fan"
"N425LV",2002,"Fixed wing multi engine","BOEING","737-7H4",2,143,0,"Turbo-fan"
"N425YX",2014,"Fixed wing multi engine","EMBRAER S A","ERJ 170-200 LR",2,88,0,"Turbo-fan"
"N426UA",1995,"Fixed wing multi engine","AIRBUS INDUSTRIE","A320-232",2,200,0,"Turbo-fan"
"N426WN",2002,"Fixed wing multi engine","BOEING","737-7H4",2,143,0,"Turbo-fan"
"N426YX",2014,"Fixed wing multi engine","EMBRAER S A","ERJ 170-200 LR",2,88,0,"Turbo-fan"
"N427UA",1995,"Fixed wing multi engine","AIRBUS INDUSTRIE","A320-232",2,200,0,"Turbo-fan"
"N427WN",2002,"Fixed wing multi engine","BOEING","737-7H4",2,143,0,"Turbo-fan"
"N427YX",2014,"Fixed wing multi engine","EMBRAER S A","ERJ 170-200 LR",2,88,0,"Turbo-fan"
"N428AS",2016,"Fixed wing multi engine","BOEING","737-990ER",2,222,0,"Turbo-fan"
"N428UA",1995,"Fixed wing multi engine","AIRBUS INDUSTRIE","A320-232",2,200,0,"Turbo-fan"
"N428WN",2002,"Fixed wing multi engine","BOEING","737-7H4",2,143,0,"Turbo-fan"
"N428YX",2014,"Fixed wing multi engine","EMBRAER S A","ERJ 170-200 LR",2,88,0,"Turbo-fan"
"N429UA",1995,"Fixed wing multi engine","AIRBUS INDUSTRIE","A320-232",2,200,0,"Turbo-fan"
"N429WN",2002,"Fixed wing multi engine","BOEING","737-7H4",2,143,0,"Turbo-fan"
"N429YX",2014,"Fixed wing multi engine","EMBRAER S A","ERJ 170-200 LR",2,88,0,"Turbo-fan"
"N430SW",2001,"Fixed wing multi engine","BOMBARDIER INC","CL-600-2B19",2,55,0,"Turbo-fan"
"N430UA",1996,"Fixed wing multi engine","AIRBUS INDUSTRIE","A320-232",2,200,0,"Turbo-fan"
"N430YX",2014,"Fixed wing multi engine","EMBRAER S A","ERJ 170-200 LR",2,88,0,"Turbo-fan"
"N431AS",2013,"Fixed wing multi engine","BOEING","737-990ER",2,222,0,"Turbo-fan"
"N431UA",1996,"Fixed wing multi engine","AIRBUS INDUSTRIE","A320-232",2,200,0,"Turbo-fan"
"N431WN",2002,"Fixed wing multi engine","BOEING","737-7H4",2,143,0,"Turbo-fan"
"N431YX",2014,"Fixed wing multi engine","EMBRAER S A","ERJ 170-200 LR",2,88,0,"Turbo-fan"
"N432UA",1996,"Fixed wing multi engine","AIRBUS INDUSTRIE","A320-232",2,200,0,"Turbo-fan"
"N432YX",NA,"Fixed wing multi engine","EMBRAER S A","ERJ 170-200 LR",2,88,0,"Turbo-fan"
"N433AS",2013,"Fixed wing multi engine","BOEING","737-990ER",2,222,0,"Turbo-fan"
"N433SW",2001,"Fixed wing multi engine","BOMBARDIER INC","CL-600-2B19",2,55,0,"Turbo-fan"
"N433UA",1996,"Fixed wing multi engine","AIRBUS INDUSTRIE","A320-232",2,200,0,"Turbo-fan"
"N433YX",2014,"Fixed wing multi engine","EMBRAER S A","ERJ 170-200 LR",2,88,0,"Turbo-fan"
"N434AS",2016,"Fixed wing multi engine","BOEING","737-990ER",2,222,0,"Turbo-fan"
"N434UA",1996,"Fixed wing multi engine","AIRBUS INDUSTRIE","A320-232",2,200,0,"Turbo-fan"
"N434YX",2014,"Fixed wing multi engine","EMBRAER S A","ERJ 170-200 LR",2,88,0,"Turbo-fan"
"N435AS",2013,"Fixed wing multi engine","BOEING","737-990ER",2,222,0,"Turbo-fan"
"N435UA",1996,"Fixed wing multi engine","AIRBUS INDUSTRIE","A320-232",2,200,0,"Turbo-fan"
"N435WN",2003,"Fixed wing multi engine","BOEING","737-7H4",2,143,0,"Turbo-fan"
"N435YX",2014,"Fixed wing multi engine","EMBRAER S A","ERJ 170-200 LR",2,88,0,"Turbo-fan"
"N436UA",1996,"Fixed wing multi engine","AIRBUS INDUSTRIE","A320-232",2,200,0,"Turbo-fan"
"N436WN",2003,"Fixed wing multi engine","BOEING","737-7H4",2,143,0,"Turbo-fan"
"N436YX",2014,"Fixed wing multi engine","EMBRAER S A","ERJ 170-200 LR",2,88,0,"Turbo-fan"
"N437UA",1997,"Fixed wing multi engine","AIRBUS INDUSTRIE","A320-232",2,200,0,"Turbo-fan"
"N437WN",2003,"Fixed wing multi engine","BOEING","737-7H4",2,143,0,"Turbo-fan"
"N437YX",2014,"Fixed wing multi engine","EMBRAER S A","ERJ 170-200 LR",2,88,0,"Turbo-fan"
"N438SW",2001,"Fixed wing multi engine","BOMBARDIER INC","CL-600-2B19",2,55,0,"Turbo-fan"
"N438UA",1997,"Fixed wing multi engine","AIRBUS INDUSTRIE","A320-232",2,200,0,"Turbo-fan"
"N438WN",2003,"Fixed wing multi engine","BOEING","737-7H4",2,143,0,"Turbo-fan"
"N438YX",2014,"Fixed wing multi engine","EMBRAER S A","ERJ 170-200 LR",2,88,0,"Turbo-fan"
"N439SW",2001,"Fixed wing multi engine","BOMBARDIER INC","CL-600-2B19",2,55,0,"Turbo-fan"
"N439UA",1997,"Fixed wing multi engine","AIRBUS INDUSTRIE","A320-232",2,200,0,"Turbo-fan"
"N439WN",2003,"Fixed wing multi engine","BOEING","737-7H4",2,143,0,"Turbo-fan"
"N439YX",2014,"Fixed wing multi engine","EMBRAER S A","ERJ 170-200 LR",2,88,0,"Turbo-fan"
"N440AS",2013,"Fixed wing multi engine","BOEING","737-990ER",2,222,0,"Turbo-fan"
"N440LV",2003,"Fixed wing multi engine","BOEING","737-7H4",2,143,0,"Turbo-fan"
"N440SW",2001,"Fixed wing multi engine","BOMBARDIER INC","CL-600-2B19",2,55,0,"Turbo-fan"
"N440UA",1997,"Fixed wing multi engine","AIRBUS INDUSTRIE","A320-232",2,200,0,"Turbo-fan"
"N440YX",2014,"Fixed wing multi engine","EMBRAER S A","ERJ 170-200 LR",2,88,0,"Turbo-fan"
"N441SW",2002,"Fixed wing multi engine","BOMBARDIER INC","CL-600-2B19",2,55,0,"Turbo-fan"
"N441UA",1997,"Fixed wing multi engine","AIRBUS INDUSTRIE","A320-232",2,200,0,"Turbo-fan"
"N441WN",2003,"Fixed wing multi engine","BOEING","737-7H4",2,143,0,"Turbo-fan"
"N442AS",2013,"Fixed wing multi engine","BOEING","737-990ER",2,222,0,"Turbo-fan"
"N442SW",2002,"Fixed wing multi engine","BOMBARDIER INC","CL-600-2B19",2,55,0,"Turbo-fan"
"N442UA",1998,"Fixed wing multi engine","AIRBUS INDUSTRIE","A320-232",2,200,0,"Turbo-fan"
"N442WN",2003,"Fixed wing multi engine","BOEING","737-7H4",2,143,0,"Turbo-fan"
"N443SW",NA,"Fixed wing multi engine","BOMBARDIER INC","CL-600-2B19",2,55,0,"Turbo-fan"
"N443UA",1998,"Fixed wing multi engine","AIRBUS INDUSTRIE","A320-232",2,200,0,"Turbo-fan"
"N443WN",2003,"Fixed wing multi engine","BOEING","737-7H4",2,143,0,"Turbo-fan"
"N444UA",1998,"Fixed wing multi engine","AIRBUS INDUSTRIE","A320-232",2,200,0,"Turbo-fan"
"N444WN",2003,"Fixed wing multi engine","BOEING","737-7H4",2,143,0,"Turbo-fan"
"N445SW",2002,"Fixed wing multi engine","BOMBARDIER INC","CL-600-2B19",2,55,0,"Turbo-fan"
"N445UA",1998,"Fixed wing multi engine","AIRBUS INDUSTRIE","A320-232",2,200,0,"Turbo-fan"
"N445WN",2003,"Fixed wing multi engine","BOEING","737-7H4",2,143,0,"Turbo-fan"
"N445YX",2015,"Fixed wing multi engine","EMBRAER S A","ERJ 170-200 LR",2,88,0,"Turbo-fan"
"N446SW",2002,"Fixed wing multi engine","BOMBARDIER INC","CL-600-2B19",2,55,0,"Turbo-fan"
"N446UA",1998,"Fixed wing multi engine","AIRBUS INDUSTRIE","A320-232",2,200,0,"Turbo-fan"
"N446WN",2003,"Fixed wing multi engine","BOEING","737-7H4",2,143,0,"Turbo-fan"
"N447SW",2002,"Fixed wing multi engine","BOMBARDIER INC","CL-600-2B19",2,55,0,"Turbo-fan"
"N447UA",1998,"Fixed wing multi engine","AIRBUS INDUSTRIE","A320-232",2,200,0,"Turbo-fan"
"N447WN",2003,"Fixed wing multi engine","BOEING","737-7H4",2,143,0,"Turbo-fan"
"N448AS",2016,"Fixed wing multi engine","BOEING","737-990ER",2,222,0,"Turbo-fan"
"N448SW",2002,"Fixed wing multi engine","BOMBARDIER INC","CL-600-2B19",2,55,0,"Turbo-fan"
"N448UA",1998,"Fixed wing multi engine","AIRBUS INDUSTRIE","A320-232",2,200,0,"Turbo-fan"
"N448WN",2003,"Fixed wing multi engine","BOEING","737-7H4",2,143,0,"Turbo-fan"
"N449SW",2002,"Fixed wing multi engine","BOMBARDIER INC","CL-600-2B19",2,55,0,"Turbo-fan"
"N449UA",1998,"Fixed wing multi engine","AIRBUS INDUSTRIE","A320-232",2,200,0,"Turbo-fan"
"N449WN",2003,"Fixed wing multi engine","BOEING","737-7H4",2,143,0,"Turbo-fan"
"N451UA",1998,"Fixed wing multi engine","AIRBUS INDUSTRIE","A320-232",2,200,0,"Turbo-fan"
"N451WN",2004,"Fixed wing multi engine","BOEING","737-7H4",2,143,0,"Turbo-fan"
"N452SW",2002,"Fixed wing multi engine","BOMBARDIER INC","CL-600-2B19",2,55,0,"Turbo-fan"
"N452UA",1999,"Fixed wing multi engine","AIRBUS INDUSTRIE","A320-232",2,200,0,"Turbo-fan"
"N452WN",2004,"Fixed wing multi engine","BOEING","737-7H4",2,143,0,"Turbo-fan"
"N453AS",2014,"Fixed wing multi engine","BOEING","737-990ER",2,222,0,"Turbo-fan"
"N453SW",2003,"Fixed wing multi engine","BOMBARDIER INC","CL-600-2B19",2,55,0,"Turbo-fan"
"N453UA",1999,"Fixed wing multi engine","AIRBUS INDUSTRIE","A320-232",2,200,0,"Turbo-fan"
"N453WN",2004,"Fixed wing multi engine","BOEING","737-7H4",2,143,0,"Turbo-fan"
"N45440",2009,"Fixed wing multi engine","BOEING","737-924ER",2,191,0,"Turbo-fan"
"N454SW",2003,"Fixed wing multi engine","BOMBARDIER INC","CL-600-2B19",2,55,0,"Turbo-fan"
"N454UA",1999,"Fixed wing multi engine","AIRBUS INDUSTRIE","A320-232",2,200,0,"Turbo-fan"
"N454WN",2004,"Fixed wing multi engine","BOEING","737-7H4",2,143,0,"Turbo-fan"
"N455CA",2002,"Fixed wing multi engine","BOMBARDIER INC","CL-600-2B19",2,55,0,"Turbo-fan"
"N455SW",2003,"Fixed wing multi engine","BOMBARDIER INC","CL-600-2B19",2,55,0,"Turbo-fan"
"N455UA",1999,"Fixed wing multi engine","AIRBUS INDUSTRIE","A320-232",2,200,0,"Turbo-fan"
"N455WN",2004,"Fixed wing multi engine","BOEING","737-7H4",2,143,0,"Turbo-fan"
"N456UA",1999,"Fixed wing multi engine","AIRBUS INDUSTRIE","A320-232",2,200,0,"Turbo-fan"
"N456WN",2004,"Fixed wing multi engine","BOEING","737-7H4",2,143,0,"Turbo-fan"
"N457AS",2014,"Fixed wing multi engine","BOEING","737-990ER",2,222,0,"Turbo-fan"
"N457SW",2003,"Fixed wing multi engine","BOMBARDIER INC","CL-600-2B19",2,55,0,"Turbo-fan"
"N457UA",1999,"Fixed wing multi engine","AIRBUS INDUSTRIE","A320-232",2,200,0,"Turbo-fan"
"N457WN",2004,"Fixed wing multi engine","BOEING","737-7H4",2,143,0,"Turbo-fan"
"N458UA",2000,"Fixed wing multi engine","AIRBUS INDUSTRIE","A320-232",2,200,0,"Turbo-fan"
"N458WN",2004,"Fixed wing multi engine","BOEING","737-7H4",2,143,0,"Turbo-fan"
"N459AS",2014,"Fixed wing multi engine","BOEING","737-990ER",2,222,0,"Turbo-fan"
"N459SW",2003,"Fixed wing multi engine","BOMBARDIER INC","CL-600-2B19",2,55,0,"Turbo-fan"
"N459UA",2000,"Fixed wing multi engine","AIRBUS INDUSTRIE","A320-232",2,200,0,"Turbo-fan"
"N459WN",2004,"Fixed wing multi engine","BOEING","737-7H4",2,143,0,"Turbo-fan"
"N460SW",2003,"Fixed wing multi engine","BOMBARDIER INC","CL-600-2B19",2,55,0,"Turbo-fan"
"N460UA",2000,"Fixed wing multi engine","AIRBUS INDUSTRIE","A320-232",2,200,0,"Turbo-fan"
"N460WN",2004,"Fixed wing multi engine","BOEING","737-7H4",2,143,0,"Turbo-fan"
"N461AS",2014,"Fixed wing multi engine","BOEING","737-990ER",2,222,0,"Turbo-fan"
"N461SW",2003,"Fixed wing multi engine","BOMBARDIER INC","CL-600-2B19",2,55,0,"Turbo-fan"
"N461UA",2000,"Fixed wing multi engine","AIRBUS INDUSTRIE","A320-232",2,200,0,"Turbo-fan"
"N461WN",2004,"Fixed wing multi engine","BOEING","737-7H4",2,143,0,"Turbo-fan"
"N462AS",2014,"Fixed wing multi engine","BOEING","737-990ER",2,222,0,"Turbo-fan"
"N462UA",2000,"Fixed wing multi engine","AIRBUS INDUSTRIE","A320-232",2,200,0,"Turbo-fan"
"N462WN",2004,"Fixed wing multi engine","BOEING","737-7H4",2,143,0,"Turbo-fan"
"N463SW",2003,"Fixed wing multi engine","BOMBARDIER INC","CL-600-2B19",2,55,0,"Turbo-fan"
"N463UA",2000,"Fixed wing multi engine","AIRBUS INDUSTRIE","A320-232",2,200,0,"Turbo-fan"
"N463WN",2004,"Fixed wing multi engine","BOEING","737-7H4",2,143,0,"Turbo-fan"
"N464AS",2014,"Fixed wing multi engine","BOEING","737-990ER",2,222,0,"Turbo-fan"
"N464SW",2003,"Fixed wing multi engine","BOMBARDIER INC","CL-600-2B19",2,55,0,"Turbo-fan"
"N464UA",2000,"Fixed wing multi engine","AIRBUS INDUSTRIE","A320-232",2,200,0,"Turbo-fan"
"N464WN",2004,"Fixed wing multi engine","BOEING","737-7H4",2,143,0,"Turbo-fan"
"N465SW",2003,"Fixed wing multi engine","BOMBARDIER INC","CL-600-2B19",2,55,0,"Turbo-fan"
"N465UA",2000,"Fixed wing multi engine","AIRBUS INDUSTRIE","A320-232",2,200,0,"Turbo-fan"
"N465WN",2004,"Fixed wing multi engine","BOEING","737-7H4",2,143,0,"Turbo-fan"
"N466SW",2003,"Fixed wing multi engine","BOMBARDIER INC","CL-600-2B19",2,55,0,"Turbo-fan"
"N466UA",2000,"Fixed wing multi engine","AIRBUS INDUSTRIE","A320-232",2,200,0,"Turbo-fan"
"N467AS",2014,"Fixed wing multi engine","BOEING","737-990ER",2,222,0,"Turbo-fan"
"N467UA",2000,"Fixed wing multi engine","AIRBUS INDUSTRIE","A320-232",2,200,0,"Turbo-fan"
"N467WN",2004,"Fixed wing multi engine","BOEING","737-7H4",2,143,0,"Turbo-fan"
"N468AS",2014,"Fixed wing multi engine","BOEING","737-990ER",2,222,0,"Turbo-fan"
"N468CA",NA,"Fixed wing multi engine","BOMBARDIER INC","CL-600-2B19",2,55,0,"Turbo-fan"
"N468UA",2000,"Fixed wing multi engine","AIRBUS INDUSTRIE","A320-232",2,200,0,"Turbo-fan"
"N468WN",2004,"Fixed wing multi engine","BOEING","737-7H4",2,143,0,"Turbo-fan"
"N469AS",2014,"Fixed wing multi engine","BOEING","737-990ER",2,222,0,"Turbo-fan"
"N469UA",2001,"Fixed wing multi engine","AIRBUS INDUSTRIE","A320-232",2,200,0,"Turbo-fan"
"N469WN",2004,"Fixed wing multi engine","BOEING","737-7H4",2,143,0,"Turbo-fan"
"N470UA",2001,"Fixed wing multi engine","AIRBUS INDUSTRIE","A320-232",2,200,0,"Turbo-fan"
"N470WN",2004,"Fixed wing multi engine","BOEING","737-7H4",2,143,0,"Turbo-fan"
"N471AS",2014,"Fixed wing multi engine","BOEING","737-990ER",2,222,0,"Turbo-fan"
"N471CA",2002,"Fixed wing multi engine","BOMBARDIER INC","CL-600-2B19",2,55,0,"Turbo-fan"
"N471UA",2001,"Fixed wing multi engine","AIRBUS INDUSTRIE","A320-232",2,200,0,"Turbo-fan"
"N472AS",2015,"Fixed wing multi engine","BOEING","737-990ER",2,222,0,"Turbo-fan"
"N472CA",2002,"Fixed wing multi engine","BOMBARDIER INC","CL-600-2B19",2,55,0,"Turbo-fan"
"N472UA",2001,"Fixed wing multi engine","AIRBUS INDUSTRIE","A320-232",2,200,0,"Turbo-fan"
"N472WN",2004,"Fixed wing multi engine","BOEING","737-7H4",2,143,0,"Turbo-fan"
"N473UA",2001,"Fixed wing multi engine","AIRBUS INDUSTRIE","A320-232",2,200,0,"Turbo-fan"
"N473WN",2004,"Fixed wing multi engine","BOEING","737-7H4",2,143,0,"Turbo-fan"
"N47414",2008,"Fixed wing multi engine","BOEING","737-924ER",2,191,0,"Turbo-fan"
"N474AS",2015,"Fixed wing multi engine","BOEING","737-990ER",2,222,0,"Turbo-fan"
"N474UA",2001,"Fixed wing multi engine","AIRBUS INDUSTRIE","A320-232",2,200,0,"Turbo-fan"
"N474WN",2004,"Fixed wing multi engine","BOEING","737-7H4",2,143,0,"Turbo-fan"
"N475UA",2001,"Fixed wing multi engine","AIRBUS INDUSTRIE","A320-232",2,200,0,"Turbo-fan"
"N475WN",2004,"Fixed wing multi engine","BOEING","737-7H4",2,143,0,"Turbo-fan"
"N476UA",2001,"Fixed wing multi engine","AIRBUS INDUSTRIE","A320-232",2,200,0,"Turbo-fan"
"N476WN",2004,"Fixed wing multi engine","BOEING","737-7H4",2,143,0,"Turbo-fan"
"N477AS",2015,"Fixed wing multi engine","BOEING","737-990ER",2,222,0,"Turbo-fan"
"N477CA",2002,"Fixed wing multi engine","BOMBARDIER INC","CL-600-2B19",2,55,0,"Turbo-fan"
"N477UA",2001,"Fixed wing multi engine","AIRBUS INDUSTRIE","A320-232",2,200,0,"Turbo-fan"
"N477WN",2004,"Fixed wing multi engine","BOEING","737-7H4",2,143,0,"Turbo-fan"
"N478AS",2015,"Fixed wing multi engine","BOEING","737-990ER",2,222,0,"Turbo-fan"
"N478PX",2019,"Fixed wing multi engine","BOMBARDIER INC","CL-600-2D24",2,95,0,"Turbo-fan"
"N478UA",2001,"Fixed wing multi engine","AIRBUS INDUSTRIE","A320-232",2,200,0,"Turbo-fan"
"N478WN",2004,"Fixed wing multi engine","BOEING","737-7H4",2,143,0,"Turbo-fan"
"N479AS",2015,"Fixed wing multi engine","BOEING","737-990ER",2,222,0,"Turbo-fan"
"N479CA",2002,"Fixed wing multi engine","BOMBARDIER INC","CL-600-2B19",2,55,0,"Turbo-fan"
"N479UA",2001,"Fixed wing multi engine","AIRBUS INDUSTRIE","A320-232",2,200,0,"Turbo-fan"
"N479WN",2004,"Fixed wing multi engine","BOEING","737-7H4",2,143,0,"Turbo-fan"
"N480UA",2001,"Fixed wing multi engine","AIRBUS INDUSTRIE","A320-232",2,200,0,"Turbo-fan"
"N480WN",2004,"Fixed wing multi engine","BOEING","737-7H4",2,143,0,"Turbo-fan"
"N481AS",2015,"Fixed wing multi engine","BOEING","737-990ER",2,222,0,"Turbo-fan"
"N481UA",2001,"Fixed wing multi engine","AIRBUS INDUSTRIE","A320-232",2,200,0,"Turbo-fan"
"N481WN",2004,"Fixed wing multi engine","BOEING","737-7H4",2,143,0,"Turbo-fan"
"N482UA",2001,"Fixed wing multi engine","AIRBUS INDUSTRIE","A320-232",2,200,0,"Turbo-fan"
"N482WN",2004,"Fixed wing multi engine","BOEING","737-7H4",2,143,0,"Turbo-fan"
"N483AS",2015,"Fixed wing multi engine","BOEING","737-990ER",2,222,0,"Turbo-fan"
"N483UA",2001,"Fixed wing multi engine","AIRBUS INDUSTRIE","A320-232",2,200,0,"Turbo-fan"
"N483WN",2004,"Fixed wing multi engine","BOEING","737-7H4",2,143,0,"Turbo-fan"
"N484UA",2001,"Fixed wing multi engine","AIRBUS INDUSTRIE","A320-232",2,200,0,"Turbo-fan"
"N485UA",2001,"Fixed wing multi engine","AIRBUS INDUSTRIE","A320-232",2,200,0,"Turbo-fan"
"N485WN",2004,"Fixed wing multi engine","BOEING","737-7H4",2,143,0,"Turbo-fan"
"N486AS",2015,"Fixed wing multi engine","BOEING","737-990ER",2,222,0,"Turbo-fan"
"N486UA",2001,"Fixed wing multi engine","AIRBUS INDUSTRIE","A320-232",2,200,0,"Turbo-fan"
"N486WN",2004,"Fixed wing multi engine","BOEING","737-7H4",2,143,0,"Turbo-fan"
"N487AS",2015,"Fixed wing multi engine","BOEING","737-990ER",2,222,0,"Turbo-fan"
"N487CA",2002,"Fixed wing multi engine","BOMBARDIER INC","CL-600-2B19",2,55,0,"Turbo-fan"
"N487UA",2002,"Fixed wing multi engine","AIRBUS INDUSTRIE","A320-232",2,200,0,"Turbo-fan"
"N487WN",2004,"Fixed wing multi engine","BOEING","737-7H4",2,143,0,"Turbo-fan"
"N4888U",2007,"Fixed wing multi engine","AIRBUS","A319-132",2,179,0,"Turbo-fan"
"N488UA",2002,"Fixed wing multi engine","AIRBUS INDUSTRIE","A320-232",2,200,0,"Turbo-fan"
"N488WN",2004,"Fixed wing multi engine","BOEING","737-7H4",2,143,0,"Turbo-fan"
"N48901",2001,"Fixed wing multi engine","EMBRAER","EMB-145LR",2,55,0,"Turbo-fan"
"N489UA",2002,"Fixed wing multi engine","AIRBUS","A320-232",2,200,0,"Turbo-fan"
"N489WN",2004,"Fixed wing multi engine","BOEING","737-7H4",2,143,0,"Turbo-fan"
"N4901U",2006,"Fixed wing multi engine","AIRBUS","A320-232",2,200,0,"Turbo-fan"
"N490UA",2002,"Fixed wing multi engine","AIRBUS","A320-232",2,200,0,"Turbo-fan"
"N491AS",2015,"Fixed wing multi engine","BOEING","737-990ER",2,222,0,"Turbo-fan"
"N491UA",2002,"Fixed wing multi engine","AIRBUS","A320-232",2,200,0,"Turbo-fan"
"N491WN",2004,"Fixed wing multi engine","BOEING","737-7H4",2,143,0,"Turbo-fan"
"N492AS",2015,"Fixed wing multi engine","BOEING","737-990ER",2,222,0,"Turbo-fan"
"N492UA",2002,"Fixed wing multi engine","AIRBUS","A320-232",2,200,0,"Turbo-fan"
"N493AS",2016,"Fixed wing multi engine","BOEING","737-990ER",2,222,0,"Turbo-fan"
"N493UA",2002,"Fixed wing multi engine","AIRBUS","A320-232",2,200,0,"Turbo-fan"
"N494AS",2016,"Fixed wing multi engine","BOEING","737-990ER",2,222,0,"Turbo-fan"
"N494CA",2003,"Fixed wing multi engine","BOMBARDIER INC","CL-600-2B19",2,55,0,"Turbo-fan"
"N494UA",2002,"Fixed wing multi engine","AIRBUS","A320-232",2,200,0,"Turbo-fan"
"N494WN",2004,"Fixed wing multi engine","BOEING","737-7H4",2,143,0,"Turbo-fan"
"N495AS",2016,"Fixed wing multi engine","BOEING","737-990ER",2,222,0,"Turbo-fan"
"N495UA",2002,"Fixed wing multi engine","AIRBUS","A320-232",2,200,0,"Turbo-fan"
"N495WN",2004,"Fixed wing multi engine","BOEING","737-7H4",2,143,0,"Turbo-fan"
"N496CA",2003,"Fixed wing multi engine","BOMBARDIER INC","CL-600-2B19",2,55,0,"Turbo-fan"
"N496UA",2002,"Fixed wing multi engine","AIRBUS","A320-232",2,200,0,"Turbo-fan"
"N497UA",2002,"Fixed wing multi engine","AIRBUS","A320-232",2,200,0,"Turbo-fan"
"N497WN",2004,"Fixed wing multi engine","BOEING","737-7H4",2,143,0,"Turbo-fan"
"N498CA",2003,"Fixed wing multi engine","BOMBARDIER INC","CL-600-2B19",2,55,0,"Turbo-fan"
"N498UA",2002,"Fixed wing multi engine","AIRBUS","A320-232",2,200,0,"Turbo-fan"
"N498WN",2005,"Fixed wing multi engine","BOEING","737-7H4",2,143,0,"Turbo-fan"
"N499WN",2005,"Fixed wing multi engine","BOEING","737-7H4",2,143,0,"Turbo-fan"
"N5007E",2013,"Fixed wing multi engine","AIRBUS","A319-115",2,147,0,"Turbo-fan"
"N500AE",2001,"Fixed wing multi engine","BOMBARDIER INC","CL-600-2C10",2,80,0,"Turbo-fan"
"N500WR",2014,"Fixed wing multi engine","BOEING","737-8H4",2,143,0,"Turbo-fan"
"N501AA",NA,"Rotorcraft","EA VISION","J-150",4,NA,0,"Electric"
"N501BG",2001,"Fixed wing multi engine","BOMBARDIER INC","CL-600-2C10",2,80,0,"Turbo-fan"
"N501MJ",NA,"Rotorcraft","DJI","AGRAS T50",4,NA,0,"Electric"
"N502AE",2001,"Fixed wing multi engine","BOMBARDIER INC","CL-600-2C10",2,80,0,"Turbo-fan"
"N502MJ",NA,NA,"DJI","AGRAS T50",8,NA,0,"Electric"
"N503AE",2002,"Fixed wing multi engine","BOMBARDIER INC","CL-600-2C10",2,80,0,"Turbo-fan"
"N503JB",1999,"Fixed wing multi engine","AIRBUS INDUSTRIE","A320-232",2,200,0,"Turbo-fan"
"N504AE",NA,"Fixed wing multi engine","BOMBARDIER INC","CL-600-2C10",2,80,0,"Turbo-fan"
"N504JB",1999,"Fixed wing multi engine","AIRBUS INDUSTRIE","A320-232",2,200,0,"Turbo-fan"
"N505AE",2002,"Fixed wing multi engine","BOMBARDIER INC","CL-600-2C10",2,80,0,"Turbo-fan"
"N505JB",2000,"Fixed wing multi engine","AIRBUS INDUSTRIE","A320-232",2,200,0,"Turbo-fan"
"N506AE",2002,"Fixed wing multi engine","BOMBARDIER INC","CL-600-2C10",2,80,0,"Turbo-fan"
"N506AS",2008,"Fixed wing multi engine","BOEING","737-890",2,149,0,"Turbo-fan"
"N506CA",2003,"Fixed wing multi engine","BOMBARDIER INC","CL-600-2B19",2,55,0,"Turbo-fan"
"N506JB",2000,"Fixed wing multi engine","AIRBUS INDUSTRIE","A320-232",2,200,0,"Turbo-fan"
"N507AE",2002,"Fixed wing multi engine","BOMBARDIER INC","CL-600-2C10",2,80,0,"Turbo-fan"
"N507AY",2008,"Fixed wing multi engine","AIRBUS","A321-231",2,379,0,"Turbo-fan"
"N507JT",2000,"Fixed wing multi engine","AIRBUS INDUSTRIE","A320-232",2,200,0,"Turbo-fan"
"N508AE",2002,"Fixed wing multi engine","BOMBARDIER INC","CL-600-2C10",2,80,0,"Turbo-fan"
"N508AY",2008,"Fixed wing multi engine","AIRBUS","A321-231",2,379,0,"Turbo-fan"
"N508JL",2000,"Fixed wing multi engine","AIRBUS INDUSTRIE","A320-232",2,200,0,"Turbo-fan"
"N509AE",2003,"Fixed wing multi engine","BOMBARDIER INC","CL-600-2C10",2,80,0,"Turbo-fan"
"N509AY",2009,"Fixed wing multi engine","AIRBUS","A321-231",2,379,0,"Turbo-fan"
"N509JB",2000,"Fixed wing multi engine","AIRBUS INDUSTRIE","A320-232",2,200,0,"Turbo-fan"
"N510AE",2003,"Fixed wing multi engine","BOMBARDIER INC","CL-600-2C10",2,80,0,"Turbo-fan"
"N510JB",2000,"Fixed wing multi engine","AIRBUS INDUSTRIE","A320-232",2,200,0,"Turbo-fan"
"N510UW",2009,"Fixed wing multi engine","AIRBUS","A321-231",2,379,0,"Turbo-fan"
"N511AE",2003,"Fixed wing multi engine","BOMBARDIER INC","CL-600-2C10",2,80,0,"Turbo-fan"
"N512AE",NA,"Fixed wing multi engine","BOMBARDIER INC","CL-600-2C10",2,80,0,"Turbo-fan"
"N512AS",2008,"Fixed wing multi engine","BOEING","737-890",2,149,0,"Turbo-fan"
"N513AE",2003,"Fixed wing multi engine","BOMBARDIER INC","CL-600-2C10",2,80,0,"Turbo-fan"
"N513AS",2008,"Fixed wing multi engine","BOEING","737-890",2,149,0,"Turbo-fan"
"N514AE",2003,"Fixed wing multi engine","BOMBARDIER INC","CL-600-2C10",2,80,0,"Turbo-fan"
"N514AS",2008,"Fixed wing multi engine","BOEING","737-890",2,149,0,"Turbo-fan"
"N515AE",2003,"Fixed wing multi engine","BOMBARDIER INC","CL-600-2C10",2,80,0,"Turbo-fan"
"N515MJ",2025,"Fixed wing multi engine","BOMBARDIER INC","BD-700-1A10",2,23,0,"Turbo-fan"
"N516AE",2003,"Fixed wing multi engine","BOMBARDIER INC","CL-600-2C10",2,80,0,"Turbo-fan"
"N516AS",2008,"Fixed wing multi engine","BOEING","737-890",2,149,0,"Turbo-fan"
"N516JB",2000,"Fixed wing multi engine","AIRBUS INDUSTRIE","A320-232",2,200,0,"Turbo-fan"
"N517AE",2003,"Fixed wing multi engine","BOMBARDIER INC","CL-600-2C10",2,80,0,"Turbo-fan"
"N517AS",2008,"Fixed wing multi engine","BOEING","737-890",2,149,0,"Turbo-fan"
"N517JB",2000,"Fixed wing multi engine","AIRBUS INDUSTRIE","A320-232",2,200,0,"Turbo-fan"
"N518AE",2003,"Fixed wing multi engine","BOMBARDIER INC","CL-600-2C10",2,80,0,"Turbo-fan"
"N518AS",2009,"Fixed wing multi engine","BOEING","737-890",2,149,0,"Turbo-fan"
"N519AE",2003,"Fixed wing multi engine","BOMBARDIER INC","CL-600-2C10",2,80,0,"Turbo-fan"
"N519AS",2009,"Fixed wing multi engine","BOEING","737-890",2,149,0,"Turbo-fan"
"N519JB",2001,"Fixed wing multi engine","AIRBUS INDUSTRIE","A320-232",2,200,0,"Turbo-fan"
"N519UW",2009,"Fixed wing multi engine","AIRBUS","A321-231",2,379,0,"Turbo-fan"
"N520AS",2009,"Fixed wing multi engine","BOEING","737-890",2,149,0,"Turbo-fan"
"N520DC",2004,"Fixed wing multi engine","BOMBARDIER INC","CL-600-2C10",2,80,0,"Turbo-fan"
"N520JB",2001,"Fixed wing multi engine","AIRBUS INDUSTRIE","A320-232",2,200,0,"Turbo-fan"
"N521AE",2004,"Fixed wing multi engine","BOMBARDIER INC","CL-600-2C10",2,80,0,"Turbo-fan"
"N521JB",2001,"Fixed wing multi engine","AIRBUS INDUSTRIE","A320-232",2,200,0,"Turbo-fan"
"N521UW",2009,"Fixed wing multi engine","AIRBUS","A321-231",2,379,0,"Turbo-fan"
"N522AE",2004,"Fixed wing multi engine","BOMBARDIER INC","CL-600-2C10",2,80,0,"Turbo-fan"
"N523AE",2004,"Fixed wing multi engine","BOMBARDIER INC","CL-600-2C10",2,80,0,"Turbo-fan"
"N523AS",2009,"Fixed wing multi engine","BOEING","737-890",2,149,0,"Turbo-fan"
"N523JB",2001,"Fixed wing multi engine","AIRBUS INDUSTRIE","A320-232",2,200,0,"Turbo-fan"
"N523UW",2009,"Fixed wing multi engine","AIRBUS","A321-231",2,379,0,"Turbo-fan"
"N524AE",2004,"Fixed wing multi engine","BOMBARDIER INC","CL-600-2C10",2,80,0,"Turbo-fan"
"N524AS",2009,"Fixed wing multi engine","BOEING","737-890",2,149,0,"Turbo-fan"
"N524EA",2020,"Fixed wing multi engine","GULFSTREAM AEROSPACE CORP","GVI (G650ER)",2,22,0,"Turbo-fan"
"N524JB",2001,"Fixed wing multi engine","AIRBUS INDUSTRIE","A320-232",2,200,0,"Turbo-fan"
"N524UW",2009,"Fixed wing multi engine","AIRBUS","A321-231",2,379,0,"Turbo-fan"
"N525AE",2010,"Fixed wing multi engine","BOMBARDIER INC","CL-600-2C10",2,80,0,"Turbo-fan"
"N525EA",2024,"Fixed wing multi engine","TEXTRON AVIATION INC","525B",2,8,0,"Turbo-fan"
"N526AS",2009,"Fixed wing multi engine","BOEING","737-890",2,149,0,"Turbo-fan"
"N526EA",2010,"Fixed wing multi engine","BOMBARDIER INC","CL-600-2C10",2,80,0,"Turbo-fan"
"N526JL",2001,"Fixed wing multi engine","AIRBUS INDUSTRIE","A320-232",2,200,0,"Turbo-fan"
"N527AS",NA,"Fixed wing multi engine","BOEING","737-890",2,149,0,"Turbo-fan"
"N527EA",2010,"Fixed wing multi engine","BOMBARDIER INC","CL-600-2C10",2,80,0,"Turbo-fan"
"N527JB",NA,"Fixed wing single engine","MOONEY","M20E",1,4,127,"Reciprocating"
"N527JL",2001,"Fixed wing multi engine","AIRBUS INDUSTRIE","A320-232",2,200,0,"Turbo-fan"
"N527NK",2007,"Fixed wing multi engine","AIRBUS","A319-132",2,179,0,"Turbo-fan"
"N527VA",2008,"Fixed wing multi engine","AIRBUS","A319-112",2,100,0,"Turbo-fan"
"N528AS",2009,"Fixed wing multi engine","BOEING","737-890",2,149,0,"Turbo-fan"
"N528EG",NA,"Fixed wing multi engine","BOMBARDIER INC","CL-600-2C10",2,80,0,"Turbo-fan"
"N529AS",2010,"Fixed wing multi engine","BOEING","737-890",2,149,0,"Turbo-fan"
"N529EA",2010,"Fixed wing multi engine","BOMBARDIER INC","CL-600-2C10",2,80,0,"Turbo-fan"
"N529JB",2001,"Fixed wing multi engine","AIRBUS INDUSTRIE","A320-232",2,200,0,"Turbo-fan"
"N530AS",2010,"Fixed wing multi engine","BOEING","737-890",2,149,0,"Turbo-fan"
"N530EA",2010,"Fixed wing multi engine","BOMBARDIER INC","CL-600-2C10",2,80,0,"Turbo-fan"
"N531AS",2010,"Fixed wing multi engine","BOEING","737-890",2,149,0,"Turbo-fan"
"N531EG",2010,"Fixed wing multi engine","BOMBARDIER INC","CL-600-2C10",2,80,0,"Turbo-fan"
"N531JB",NA,"Fixed wing single engine","CESSNA","175B",1,4,105,"Reciprocating"
"N531JL",2001,"Fixed wing multi engine","AIRBUS INDUSTRIE","A320-232",2,200,0,"Turbo-fan"
"N532AS",2010,"Fixed wing multi engine","BOEING","737-890",2,149,0,"Turbo-fan"
"N532EA",2010,"Fixed wing multi engine","BOMBARDIER INC","CL-600-2C10",2,80,0,"Turbo-fan"
"N533AE",2010,"Fixed wing multi engine","BOMBARDIER INC","CL-600-2C10",2,80,0,"Turbo-fan"
"N533AS",2011,"Fixed wing multi engine","BOEING","737-890",2,149,0,"Turbo-fan"
"N53441",NA,"Fixed wing multi engine","BOEING","737-924ER",2,191,0,"Turbo-fan"
"N53442",2009,"Fixed wing multi engine","BOEING","737-924ER",2,191,0,"Turbo-fan"
"N534AE",2010,"Fixed wing multi engine","BOMBARDIER INC","CL-600-2C10",2,80,0,"Turbo-fan"
"N534AS",2011,"Fixed wing multi engine","BOEING","737-890",2,149,0,"Turbo-fan"
"N534EA",2017,"Rotorcraft","CHRISTOPHER LORD","ELA 07 SCORPION",1,2,0,"Reciprocating"
"N534JB",2002,"Fixed wing multi engine","AIRBUS INDUSTRIE","A320-232",2,200,0,"Turbo-fan"
"N534UW",2009,"Fixed wing multi engine","AIRBUS","A321-231",2,379,0,"Turbo-fan"
"N535AS",2011,"Fixed wing multi engine","BOEING","737-890",2,149,0,"Turbo-fan"
"N535EA",2010,"Fixed wing multi engine","BOMBARDIER INC","CL-600-2C10",2,80,0,"Turbo-fan"
"N535JB",2002,"Fixed wing multi engine","AIRBUS INDUSTRIE","A320-232",2,200,0,"Turbo-fan"
"N535UW",2009,"Fixed wing multi engine","AIRBUS","A321-231",2,379,0,"Turbo-fan"
"N536AS",2012,"Fixed wing multi engine","BOEING","737-890",2,149,0,"Turbo-fan"
"N536EA",2010,"Fixed wing multi engine","BOMBARDIER INC","CL-600-2C10",2,80,0,"Turbo-fan"
"N536JB",2002,"Fixed wing multi engine","AIRBUS","A320-232",2,200,0,"Turbo-fan"
"N536UW",2009,"Fixed wing multi engine","AIRBUS","A321-231",2,379,0,"Turbo-fan"
"N537AS",2012,"Fixed wing multi engine","BOEING","737-890",2,149,0,"Turbo-fan"
"N537EA",2010,"Fixed wing multi engine","BOMBARDIER INC","CL-600-2C10",2,80,0,"Turbo-fan"
"N537JB",2012,"Rotorcraft","ROBINSON HELICOPTER CO","R66",1,5,0,"Turbo-shaft"
"N537JT",2002,"Fixed wing multi engine","AIRBUS","A320-232",2,200,0,"Turbo-fan"
"N537UW",2009,"Fixed wing multi engine","AIRBUS","A321-231",2,379,0,"Turbo-fan"
"N538AS",2012,"Fixed wing multi engine","BOEING","737-890",2,149,0,"Turbo-fan"
"N538CA",2008,"Fixed wing multi engine","BOMBARDIER INC","CL-600-2D24",2,95,0,"Turbo-fan"
"N538EG",2010,"Fixed wing multi engine","BOMBARDIER INC","CL-600-2C10",2,80,0,"Turbo-fan"
"N538UW",2009,"Fixed wing multi engine","AIRBUS","A321-231",2,379,0,"Turbo-fan"
"N539EA",2010,"Fixed wing multi engine","BOMBARDIER INC","CL-600-2C10",2,80,0,"Turbo-fan"
"N539UW",2009,"Fixed wing multi engine","AIRBUS","A321-231",2,379,0,"Turbo-fan"
"N540EA",NA,"Fixed wing multi engine","GRUMMAN","G-1159",2,22,438,"Turbo-jet"
"N540UW",2009,"Fixed wing multi engine","AIRBUS","A321-231",2,379,0,"Turbo-fan"
"N541EA",2011,"Fixed wing multi engine","BOMBARDIER INC","CL-600-2C10",2,80,0,"Turbo-fan"
"N54241",1999,"Fixed wing multi engine","BOEING","737-824",2,149,0,"Turbo-fan"
"N542EA",2011,"Fixed wing multi engine","BOMBARDIER INC","CL-600-2C10",2,80,0,"Turbo-fan"
"N542UW",2009,"Fixed wing multi engine","AIRBUS","A321-231",2,379,0,"Turbo-fan"
"N543EA",2011,"Fixed wing multi engine","BOMBARDIER INC","CL-600-2C10",2,80,0,"Turbo-fan"
"N543UW",2011,"Fixed wing multi engine","AIRBUS","A321-231",2,379,0,"Turbo-fan"
"N544EA",2011,"Fixed wing multi engine","BOMBARDIER INC","CL-600-2C10",2,80,0,"Turbo-fan"
"N544UW",2011,"Fixed wing multi engine","AIRBUS","A321-231",2,379,0,"Turbo-fan"
"N545PB",2011,"Fixed wing multi engine","BOMBARDIER INC","CL-600-2C10",2,80,0,"Turbo-fan"
"N545UW",2011,"Fixed wing multi engine","AIRBUS","A321-231",2,379,0,"Turbo-fan"
"N546AS",2005,"Fixed wing multi engine","BOEING","737-890",2,149,0,"Turbo-fan"
"N546FF",2011,"Fixed wing multi engine","BOMBARDIER INC","CL-600-2C10",2,80,0,"Turbo-fan"
"N546UW",2011,"Fixed wing multi engine","AIRBUS","A321-231",2,379,0,"Turbo-fan"
"N54711",1998,"Fixed wing multi engine","BOEING","737-724",2,149,0,"Turbo-fan"
"N547JB",2002,"Fixed wing multi engine","AIRBUS","A320-232",2,200,0,"Turbo-fan"
"N547NN",2014,"Fixed wing multi engine","BOMBARDIER INC","CL-600-2D24",2,95,0,"Turbo-fan"
"N548AS",2005,"Fixed wing multi engine","BOEING","737-890",2,149,0,"Turbo-fan"
"N548CA",2008,"Fixed wing multi engine","BOMBARDIER INC","CL-600-2D24",2,95,0,"Turbo-fan"
"N548NN",2014,"Fixed wing multi engine","BOMBARDIER INC","CL-600-2D24",2,95,0,"Turbo-fan"
"N549AS",2005,"Fixed wing multi engine","BOEING","737-8FH",2,149,0,"Turbo-fan"
"N549CA",2008,"Fixed wing multi engine","BOMBARDIER INC","CL-600-2D24",2,95,0,"Turbo-fan"
"N549NN",NA,"Fixed wing multi engine","BOMBARDIER INC","CL-600-2D24",2,95,0,"Turbo-fan"
"N549UW",2011,"Fixed wing multi engine","AIRBUS","A321-231",2,379,0,"Turbo-fan"
"N550NN",2014,"Fixed wing multi engine","BOMBARDIER INC","CL-600-2D24",2,95,0,"Turbo-fan"
"N551AS",2006,"Fixed wing multi engine","BOEING","737-890",2,149,0,"Turbo-fan"
"N551NN",2014,"Fixed wing multi engine","BOMBARDIER INC","CL-600-2D24",2,95,0,"Turbo-fan"
"N551UW",2011,"Fixed wing multi engine","AIRBUS","A321-231",2,379,0,"Turbo-fan"
"N552AS",2006,"Fixed wing multi engine","BOEING","737-890",2,149,0,"Turbo-fan"
"N552JB",2002,"Fixed wing multi engine","AIRBUS","A320-232",2,200,0,"Turbo-fan"
"N552NN",2014,"Fixed wing multi engine","BOMBARDIER INC","CL-600-2D24",2,95,0,"Turbo-fan"
"N552UW",2011,"Fixed wing multi engine","AIRBUS","A321-231",2,379,0,"Turbo-fan"
"N552WN",2002,"Fixed wing multi engine","BOEING","737-7BX",2,149,0,"Turbo-fan"
"N553AS",2006,"Fixed wing multi engine","BOEING","737-890",2,149,0,"Turbo-fan"
"N553NN",2014,"Fixed wing multi engine","BOMBARDIER INC","CL-600-2D24",2,95,0,"Turbo-fan"
"N553UW",2011,"Fixed wing multi engine","AIRBUS","A321-231",2,379,0,"Turbo-fan"
"N554CA",2008,"Fixed wing multi engine","BOMBARDIER INC","CL-600-2D24",2,95,0,"Turbo-fan"
"N554JB",2002,"Fixed wing multi engine","AIRBUS","A320-232",2,200,0,"Turbo-fan"
"N554NN",2014,"Fixed wing multi engine","BOMBARDIER INC","CL-600-2D24",2,95,0,"Turbo-fan"
"N554UW",2011,"Fixed wing multi engine","AIRBUS","A321-231",2,379,0,"Turbo-fan"
"N555LV",2011,"Fixed wing multi engine","BOEING","737-7BD",2,149,0,"Turbo-fan"
"N555NN",2014,"Fixed wing multi engine","BOMBARDIER INC","CL-600-2D24",2,95,0,"Turbo-fan"
"N556AS",2006,"Fixed wing multi engine","BOEING","737-890",2,149,0,"Turbo-fan"
"N556JB",2002,"Fixed wing multi engine","AIRBUS","A320-232",2,200,0,"Turbo-fan"
"N556NN",2014,"Fixed wing multi engine","BOMBARDIER INC","CL-600-2D24",2,95,0,"Turbo-fan"
"N556UW",2012,"Fixed wing multi engine","AIRBUS","A321-231",2,379,0,"Turbo-fan"
"N556WN",2011,"Fixed wing multi engine","BOEING","737-7BD",2,149,0,"Turbo-fan"
"N557AS",2006,"Fixed wing multi engine","BOEING","737-890",2,149,0,"Turbo-fan"
"N557NN",2014,"Fixed wing multi engine","BOMBARDIER INC","CL-600-2D24",2,95,0,"Turbo-fan"
"N557UW",2012,"Fixed wing multi engine","AIRBUS","A321-231",2,379,0,"Turbo-fan"
"N558AS",2006,"Fixed wing multi engine","BOEING","737-890",2,149,0,"Turbo-fan"
"N558JB",2003,"Fixed wing multi engine","AIRBUS","A320-232",2,200,0,"Turbo-fan"
"N558NN",2014,"Fixed wing multi engine","BOMBARDIER INC","CL-600-2D24",2,95,0,"Turbo-fan"
"N558UW",2012,"Fixed wing multi engine","AIRBUS","A321-231",2,379,0,"Turbo-fan"
"N558WN",2002,"Fixed wing multi engine","BOEING","737-73V",2,149,0,"Turbo-fan"
"N559JB",2003,"Fixed wing multi engine","AIRBUS","A320-232",2,200,0,"Turbo-fan"
"N559NN",2014,"Fixed wing multi engine","BOMBARDIER INC","CL-600-2D24",2,95,0,"Turbo-fan"
"N559UW",2012,"Fixed wing multi engine","AIRBUS","A321-231",2,379,0,"Turbo-fan"
"N560NN",2014,"Fixed wing multi engine","BOMBARDIER INC","CL-600-2D24",2,95,0,"Turbo-fan"
"N560UW",2012,"Fixed wing multi engine","AIRBUS","A321-231",2,379,0,"Turbo-fan"
"N561JB",2003,"Fixed wing multi engine","AIRBUS","A320-232",2,200,0,"Turbo-fan"
"N561NN",2014,"Fixed wing multi engine","BOMBARDIER INC","CL-600-2D24",2,95,0,"Turbo-fan"
"N561UW",2012,"Fixed wing multi engine","AIRBUS","A321-231",2,379,0,"Turbo-fan"
"N561WN",2003,"Fixed wing multi engine","BOEING","737-73V",2,149,0,"Turbo-fan"
"N562AS",2006,"Fixed wing multi engine","BOEING","737-890",2,149,0,"Turbo-fan"
"N562JB",2003,"Fixed wing multi engine","AIRBUS","A320-232",2,200,0,"Turbo-fan"
"N562NN",2014,"Fixed wing multi engine","BOMBARDIER INC","CL-600-2D24",2,95,0,"Turbo-fan"
"N562UW",2012,"Fixed wing multi engine","AIRBUS","A321-231",2,379,0,"Turbo-fan"
"N563AS",2006,"Fixed wing multi engine","BOEING","737-890",2,149,0,"Turbo-fan"
"N563JB",2003,"Fixed wing multi engine","AIRBUS","A320-232",2,200,0,"Turbo-fan"
"N563NN",2015,"Fixed wing multi engine","BOMBARDIER INC","CL-600-2D24",2,95,0,"Turbo-fan"
"N563UW",2012,"Fixed wing multi engine","AIRBUS","A321-231",2,379,0,"Turbo-fan"
"N563WN",2002,"Fixed wing multi engine","BOEING","737-752",2,149,0,"Turbo-fan"
"N564AS",2006,"Fixed wing multi engine","BOEING","737-890",2,149,0,"Turbo-fan"
"N564JB",2003,"Fixed wing multi engine","AIRBUS","A320-232",2,200,0,"Turbo-fan"
"N564NN",2015,"Fixed wing multi engine","BOMBARDIER INC","CL-600-2D24",2,95,0,"Turbo-fan"
"N565AS",2006,"Fixed wing multi engine","BOEING","737-890",2,149,0,"Turbo-fan"
"N565JB",2003,"Fixed wing multi engine","AIRBUS","A320-232",2,200,0,"Turbo-fan"
"N565NN",2015,"Fixed wing multi engine","BOMBARDIER INC","CL-600-2D24",2,95,0,"Turbo-fan"
"N566AS",2007,"Fixed wing multi engine","BOEING","737-890",2,149,0,"Turbo-fan"
"N566JB",2003,"Fixed wing multi engine","AIRBUS","A320-232",2,200,0,"Turbo-fan"
"N566NN",2015,"Fixed wing multi engine","BOMBARDIER INC","CL-600-2D24",2,95,0,"Turbo-fan"
"N566WN",2002,"Fixed wing multi engine","BOEING","737-7CT",2,149,0,"Turbo-fan"
"N567NN",2015,"Fixed wing multi engine","BOMBARDIER INC","CL-600-2D24",2,95,0,"Turbo-fan"
"N567UW",2013,"Fixed wing multi engine","AIRBUS","A321-231",2,379,0,"Turbo-fan"
"N567WN",2002,"Fixed wing multi engine","BOEING","737-7CT",2,149,0,"Turbo-fan"
"N568AS",2007,"Fixed wing multi engine","BOEING","737-890",2,149,0,"Turbo-fan"
"N568JB",2003,"Fixed wing multi engine","AIRBUS","A320-232",2,200,0,"Turbo-fan"
"N568NN",2015,"Fixed wing multi engine","BOMBARDIER INC","CL-600-2D24",2,95,0,"Turbo-fan"
"N568UW",2013,"Fixed wing multi engine","AIRBUS","A321-231",2,379,0,"Turbo-fan"
"N569AS",2007,"Fixed wing multi engine","BOEING","737-890",2,149,0,"Turbo-fan"
"N569JB",2003,"Fixed wing multi engine","AIRBUS","A320-232",2,200,0,"Turbo-fan"
"N569NN",2015,"Fixed wing multi engine","BOMBARDIER INC","CL-600-2D24",2,95,0,"Turbo-fan"
"N569WN",2002,"Fixed wing multi engine","BOEING","737-7CT",2,149,0,"Turbo-fan"
"N570AS",2007,"Fixed wing multi engine","BOEING","737-890",2,149,0,"Turbo-fan"
"N570JB",2003,"Fixed wing multi engine","AIRBUS","A320-232",2,200,0,"Turbo-fan"
"N570NN",2015,"Fixed wing multi engine","BOMBARDIER INC","CL-600-2D24",2,95,0,"Turbo-fan"
"N570WN",2002,"Fixed wing multi engine","BOEING","737-7CT",2,149,0,"Turbo-fan"
"N571JB",2003,"Fixed wing multi engine","AIRBUS","A320-232",2,200,0,"Turbo-fan"
"N571NN",2015,"Fixed wing multi engine","BOMBARDIER INC","CL-600-2D24",2,95,0,"Turbo-fan"
"N572NN",2015,"Fixed wing multi engine","BOMBARDIER INC","CL-600-2D24",2,95,0,"Turbo-fan"
"N572UW",2013,"Fixed wing multi engine","AIRBUS INDUSTRIE","A321-231",2,379,0,"Turbo-fan"
"N573NN",2015,"Fixed wing multi engine","BOMBARDIER INC","CL-600-2D24",2,95,0,"Turbo-fan"
"N573UW",2014,"Fixed wing multi engine","AIRBUS INDUSTRIE","A321-231",2,379,0,"Turbo-fan"
"N57439",2009,"Fixed wing multi engine","BOEING","737-924ER",2,191,0,"Turbo-fan"
"N574NN",2015,"Fixed wing multi engine","BOMBARDIER INC","CL-600-2D24",2,95,0,"Turbo-fan"
"N575NN",2015,"Fixed wing multi engine","BOMBARDIER INC","CL-600-2D24",2,95,0,"Turbo-fan"
"N575UW",2014,"Fixed wing multi engine","AIRBUS INDUSTRIE","A321-231",2,379,0,"Turbo-fan"
"N576NN",2015,"Fixed wing multi engine","BOMBARDIER INC","CL-600-2D24",2,95,0,"Turbo-fan"
"N576UW",2014,"Fixed wing multi engine","AIRBUS INDUSTRIE","A321-231",2,379,0,"Turbo-fan"
"N577AS",2007,"Fixed wing multi engine","BOEING","737-890",2,149,0,"Turbo-fan"
"N577NN",2015,"Fixed wing multi engine","BOMBARDIER INC","CL-600-2D24",2,95,0,"Turbo-fan"
"N578NN",2015,"Fixed wing multi engine","BOMBARDIER INC","CL-600-2D24",2,95,0,"Turbo-fan"
"N578UW",2014,"Fixed wing multi engine","AIRBUS INDUSTRIE","A321-231",2,379,0,"Turbo-fan"
"N579AS",2007,"Fixed wing multi engine","BOEING","737-890",2,149,0,"Turbo-fan"
"N579JB",2003,"Fixed wing multi engine","AIRBUS","A320-232",2,200,0,"Turbo-fan"
"N579NN",2015,"Fixed wing multi engine","BOMBARDIER INC","CL-600-2D24",2,95,0,"Turbo-fan"
"N579UW",2014,"Fixed wing multi engine","AIRBUS INDUSTRIE","A321-231",2,379,0,"Turbo-fan"
"N580JB",2003,"Fixed wing multi engine","AIRBUS","A320-232",2,200,0,"Turbo-fan"
"N580NN",2015,"Fixed wing multi engine","BOMBARDIER INC","CL-600-2D24",2,95,0,"Turbo-fan"
"N580UW",2014,"Fixed wing multi engine","AIRBUS","A321-231",2,379,0,"Turbo-fan"
"N581AS",2007,"Fixed wing multi engine","BOEING","737-890",2,149,0,"Turbo-fan"
"N581NN",2015,"Fixed wing multi engine","BOMBARDIER INC","CL-600-2D24",2,95,0,"Turbo-fan"
"N581UW",2014,"Fixed wing multi engine","AIRBUS INDUSTRIE","A321-231",2,379,0,"Turbo-fan"
"N582CA",2008,"Fixed wing multi engine","BOMBARDIER INC","CL-600-2D24",2,95,0,"Turbo-fan"
"N582NN",2015,"Fixed wing multi engine","BOMBARDIER INC","CL-600-2D24",2,95,0,"Turbo-fan"
"N582UW",2014,"Fixed wing multi engine","AIRBUS INDUSTRIE","A321-231",2,379,0,"Turbo-fan"
"N583AS",2007,"Fixed wing multi engine","BOEING","737-890",2,149,0,"Turbo-fan"
"N583JB",2004,"Fixed wing multi engine","AIRBUS","A320-232",2,200,0,"Turbo-fan"
"N583NN",2016,"Fixed wing multi engine","BOMBARDIER INC","CL-600-2D24",2,95,0,"Turbo-fan"
"N583UW",2014,"Fixed wing multi engine","AIRBUS INDUSTRIE","A321-231",2,379,0,"Turbo-fan"
"N584AS",2007,"Fixed wing multi engine","BOEING","737-890",2,149,0,"Turbo-fan"
"N584JB",2004,"Fixed wing multi engine","AIRBUS","A320-232",2,200,0,"Turbo-fan"
"N584NN",2016,"Fixed wing multi engine","BOMBARDIER INC","CL-600-2D24",2,95,0,"Turbo-fan"
"N584UW",2014,"Fixed wing multi engine","AIRBUS INDUSTRIE","A321-231",2,379,0,"Turbo-fan"
"N585AS",2007,"Fixed wing multi engine","BOEING","737-890",2,149,0,"Turbo-fan"
"N585JB",2004,"Fixed wing multi engine","AIRBUS","A320-232",2,200,0,"Turbo-fan"
"N585NN",2016,"Fixed wing multi engine","BOMBARDIER INC","CL-600-2D24",2,95,0,"Turbo-fan"
"N585UW",2014,"Fixed wing multi engine","AIRBUS INDUSTRIE","A321-231",2,379,0,"Turbo-fan"
"N586AS",2007,"Fixed wing multi engine","BOEING","737-890",2,149,0,"Turbo-fan"
"N586JB",2004,"Fixed wing multi engine","AIRBUS","A320-232",2,200,0,"Turbo-fan"
"N586NN",2016,"Fixed wing multi engine","BOMBARDIER INC","CL-600-2D24",2,95,0,"Turbo-fan"
"N586UW",2014,"Fixed wing multi engine","AIRBUS","A321-231",2,379,0,"Turbo-fan"
"N587AS",2007,"Fixed wing multi engine","BOEING","737-890",2,149,0,"Turbo-fan"
"N587JB",2004,"Fixed wing multi engine","AIRBUS","A320-232",2,200,0,"Turbo-fan"
"N587NN",2016,"Fixed wing multi engine","BOMBARDIER INC","CL-600-2D24",2,95,0,"Turbo-fan"
"N587UW",2014,"Fixed wing multi engine","AIRBUS","A321-231",2,379,0,"Turbo-fan"
"N588AS",2007,"Fixed wing multi engine","BOEING","737-890",2,149,0,"Turbo-fan"
"N588JB",2004,"Fixed wing multi engine","AIRBUS","A320-232",2,200,0,"Turbo-fan"
"N588NN",2016,"Fixed wing multi engine","BOMBARDIER INC","CL-600-2D24",2,95,0,"Turbo-fan"
"N589JB",2004,"Fixed wing multi engine","AIRBUS","A320-232",2,200,0,"Turbo-fan"
"N589NN",2016,"Fixed wing multi engine","BOMBARDIER INC","CL-600-2D24",2,95,0,"Turbo-fan"
"N590AS",2008,"Fixed wing multi engine","BOEING","737-890",2,149,0,"Turbo-fan"
"N590JB",2004,"Fixed wing multi engine","AIRBUS","A320-232",2,200,0,"Turbo-fan"
"N590NN",2016,"Fixed wing multi engine","BOMBARDIER INC","CL-600-2D24",2,95,0,"Turbo-fan"
"N591JB",2004,"Fixed wing multi engine","AIRBUS","A320-232",2,200,0,"Turbo-fan"
"N591NN",2016,"Fixed wing multi engine","BOMBARDIER INC","CL-600-2D24",2,95,0,"Turbo-fan"
"N592AS",2008,"Fixed wing multi engine","BOEING","737-890",2,149,0,"Turbo-fan"
"N592JB",2004,"Fixed wing multi engine","AIRBUS","A320-232",2,200,0,"Turbo-fan"
"N592NN",2016,"Fixed wing multi engine","BOMBARDIER INC","CL-600-2D24",2,95,0,"Turbo-fan"
"N593AS",2008,"Fixed wing multi engine","BOEING","737-890",2,149,0,"Turbo-fan"
"N593JB",2004,"Fixed wing multi engine","AIRBUS","A320-232",2,200,0,"Turbo-fan"
"N593NN",2016,"Fixed wing multi engine","BOMBARDIER INC","CL-600-2D24",2,95,0,"Turbo-fan"
"N594AS",2008,"Fixed wing multi engine","BOEING","737-890",2,149,0,"Turbo-fan"
"N594JB",2004,"Fixed wing multi engine","AIRBUS","A320-232",2,200,0,"Turbo-fan"
"N594NN",2016,"Fixed wing multi engine","BOMBARDIER INC","CL-600-2D24",2,95,0,"Turbo-fan"
"N595JB",2004,"Fixed wing multi engine","AIRBUS","A320-232",2,200,0,"Turbo-fan"
"N595NN",2016,"Fixed wing multi engine","BOMBARDIER INC","CL-600-2D24",2,95,0,"Turbo-fan"
"N596AS",2008,"Fixed wing multi engine","BOEING","737-890",2,149,0,"Turbo-fan"
"N596NN",2016,"Fixed wing multi engine","BOMBARDIER INC","CL-600-2D24",2,95,0,"Turbo-fan"
"N597AS",2008,"Fixed wing multi engine","BOEING","737-890",2,149,0,"Turbo-fan"
"N597JB",2004,"Fixed wing multi engine","AIRBUS","A320-232",2,200,0,"Turbo-fan"
"N597NN",2016,"Fixed wing multi engine","BOMBARDIER INC","CL-600-2D24",2,95,0,"Turbo-fan"
"N598JB",2004,"Fixed wing multi engine","AIRBUS","A320-232",2,200,0,"Turbo-fan"
"N598NN",2016,"Fixed wing multi engine","BOMBARDIER INC","CL-600-2D24",2,95,0,"Turbo-fan"
"N599JB",2004,"Fixed wing multi engine","AIRBUS","A320-232",2,200,0,"Turbo-fan"
"N599NN",2016,"Fixed wing multi engine","BOMBARDIER INC","CL-600-2D24",2,95,0,"Turbo-fan"
"N600LR",2007,"Fixed wing multi engine","BOMBARDIER INC","CL-600-2D24",2,95,0,"Turbo-fan"
"N600NN",2016,"Fixed wing multi engine","BOMBARDIER INC","CL-600-2D24",2,95,0,"Turbo-fan"
"N601AW",2003,"Fixed wing multi engine","AIRBUS","A320-232",2,200,0,"Turbo-fan"
"N601EN",2019,"Fixed wing multi engine","BOMBARDIER INC","CL-600-2D24",2,95,0,"Turbo-fan"
"N601LR",2007,"Fixed wing multi engine","BOMBARDIER INC","CL-600-2D24",2,95,0,"Turbo-fan"
"N601NK",2010,"Fixed wing multi engine","AIRBUS","A320-232",2,200,0,"Turbo-fan"
"N601UX",2019,"Fixed wing multi engine","EMBRAER S A","ERJ 170-200 LL",2,88,0,"Turbo-fan"
"N602LR",2008,"Fixed wing multi engine","BOMBARDIER INC","CL-600-2D24",2,95,0,"Turbo-fan"
"N602NK",2010,"Fixed wing multi engine","AIRBUS","A320-232",2,200,0,"Turbo-fan"
"N602NN",2019,"Fixed wing multi engine","BOMBARDIER INC","CL-600-2D24",2,95,0,"Turbo-fan"
"N602UX",2019,"Fixed wing multi engine","EMBRAER S A","ERJ 170-200 LL",2,88,0,"Turbo-fan"
"N603AT",2001,"Fixed wing multi engine","BOEING","717-200",2,100,0,"Turbo-fan"
"N603JB",2005,"Fixed wing multi engine","AIRBUS","A320-232",2,200,0,"Turbo-fan"
"N603NK",2010,"Fixed wing multi engine","AIRBUS","A320-232",2,200,0,"Turbo-fan"
"N603NN",2019,"Fixed wing multi engine","BOMBARDIER INC","CL-600-2D24",2,95,0,"Turbo-fan"
"N603SK",2006,"Fixed wing multi engine","BOMBARDIER INC","CL-600-2C11",2,55,0,"Turbo-fan"
"N603UX",2019,"Fixed wing multi engine","EMBRAER S A","ERJ 170-200 LL",2,88,0,"Turbo-fan"
"N604AW",2000,"Fixed wing multi engine","AIRBUS INDUSTRIE","A320-232",2,200,0,"Turbo-fan"
"N604LR",2007,"Fixed wing multi engine","BOMBARDIER INC","CL-600-2D24",2,95,0,"Turbo-fan"
"N604NK",NA,"Fixed wing multi engine","AIRBUS","A320-232",2,200,0,"Turbo-fan"
"N604NN",2019,"Fixed wing multi engine","BOMBARDIER INC","CL-600-2D24",2,95,0,"Turbo-fan"
"N604SK",2006,"Fixed wing multi engine","BOMBARDIER INC","CL-600-2C10",2,80,0,"Turbo-fan"
"N604UX",2019,"Fixed wing multi engine","EMBRAER S A","ERJ 170-200 LL",2,88,0,"Turbo-fan"
"N605JB",2005,"Fixed wing multi engine","AIRBUS","A320-232",2,200,0,"Turbo-fan"
"N605KS",1998,"Fixed wing multi engine","EMBRAER","EMB-145LR",2,55,0,"Turbo-fan"
"N605LR",2008,"Fixed wing multi engine","BOMBARDIER INC","CL-600-2D24",2,95,0,"Turbo-fan"
"N605NK",2011,"Fixed wing multi engine","AIRBUS","A320-232",2,200,0,"Turbo-fan"
"N605NN",2019,"Fixed wing multi engine","BOMBARDIER INC","CL-600-2D24",2,95,0,"Turbo-fan"
"N605UX",2019,"Fixed wing multi engine","EMBRAER S A","ERJ 170-200 LL",2,88,0,"Turbo-fan"
"N606AE",1998,"Fixed wing multi engine","EMBRAER","EMB-145LR",2,55,0,"Turbo-fan"
"N606JB",2005,"Fixed wing multi engine","AIRBUS","A320-232",2,200,0,"Turbo-fan"
"N606LR",2008,"Fixed wing multi engine","BOMBARDIER INC","CL-600-2D24",2,95,0,"Turbo-fan"
"N606NK",2011,"Fixed wing multi engine","AIRBUS","A320-232",2,200,0,"Turbo-fan"
"N606NN",2019,"Fixed wing multi engine","BOMBARDIER INC","CL-600-2D24",2,95,0,"Turbo-fan"
"N606SK",2006,"Fixed wing multi engine","BOMBARDIER INC","CL-600-2C10",2,80,0,"Turbo-fan"
"N606UX",2019,"Fixed wing multi engine","EMBRAER S A","ERJ 170-200 LL",2,88,0,"Turbo-fan"
"N607AE",1998,"Fixed wing multi engine","EMBRAER","EMB-145",2,55,0,"Turbo-jet"
"N607AT",2000,"Fixed wing multi engine","BOEING","717-200",2,100,0,"Turbo-fan"
"N607JB",2005,"Fixed wing multi engine","AIRBUS","A320-232",2,200,0,"Turbo-fan"
"N607LR",2008,"Fixed wing multi engine","BOMBARDIER INC","CL-600-2D24",2,95,0,"Turbo-fan"
"N607NK",2011,"Fixed wing multi engine","AIRBUS INDUSTRIE","A320-232",2,200,0,"Turbo-fan"
"N607NN",2019,"Fixed wing multi engine","BOMBARDIER INC","CL-600-2D24",2,95,0,"Turbo-fan"
"N607SK",2006,"Fixed wing multi engine","BOMBARDIER INC","CL-600-2C11",2,55,0,"Turbo-fan"
"N607UX",2019,"Fixed wing multi engine","EMBRAER S A","ERJ 170-200 LL",2,88,0,"Turbo-fan"
"N608AT",2000,"Fixed wing multi engine","BOEING","717-200",2,100,0,"Turbo-fan"
"N608JB",2005,"Fixed wing multi engine","AIRBUS","A320-232",2,200,0,"Turbo-fan"
"N608NK",2011,"Fixed wing multi engine","AIRBUS","A320-232",2,200,0,"Turbo-fan"
"N608NN",2019,"Fixed wing multi engine","BOMBARDIER INC","CL-600-2D24",2,95,0,"Turbo-fan"
"N608SK",2006,"Fixed wing multi engine","BOMBARDIER INC","CL-600-2C10",2,80,0,"Turbo-fan"
"N608UX",2019,"Fixed wing multi engine","EMBRAER S A","ERJ 170-200 LL",2,88,0,"Turbo-fan"
"N609AS",1999,"Fixed wing multi engine","BOEING","737-790",2,151,0,"Turbo-fan"
"N609NK",2011,"Fixed wing multi engine","AIRBUS","A320-232",2,200,0,"Turbo-fan"
"N609NN",2019,"Fixed wing multi engine","BOMBARDIER INC","CL-600-2D24",2,95,0,"Turbo-fan"
"N609SK",2002,"Fixed wing multi engine","BOMBARDIER INC","CL-600-2C10",2,80,0,"Turbo-fan"
"N609UX",2019,"Fixed wing multi engine","EMBRAER S A","ERJ 170-200 LL",2,88,0,"Turbo-fan"
"N610AE",1998,"Fixed wing multi engine","EMBRAER","EMB-145",2,55,0,"Turbo-jet"
"N610NN",2019,"Fixed wing multi engine","BOMBARDIER INC","CL-600-2D24",2,95,0,"Turbo-fan"
"N610UX",2019,"Fixed wing multi engine","EMBRAER S A","ERJ 170-200 LL",2,88,0,"Turbo-fan"
"N611AE",1998,"Fixed wing multi engine","EMBRAER","EMB-145",2,55,0,"Turbo-jet"
"N611AS",1999,"Fixed wing multi engine","BOEING","737-790",2,151,0,"Turbo-fan"
"N611NK",2012,"Fixed wing multi engine","AIRBUS","A320-232",2,200,0,"Turbo-fan"
"N611NN",2019,"Fixed wing multi engine","BOMBARDIER INC","CL-600-2D24",2,95,0,"Turbo-fan"
"N611SK",2002,"Fixed wing multi engine","BOMBARDIER INC","CL-600-2C10",2,80,0,"Turbo-fan"
"N611UX",2019,"Fixed wing multi engine","EMBRAER S A","ERJ 170-200 LL",2,88,0,"Turbo-fan"
"N612AE",1998,"Fixed wing multi engine","EMBRAER","EMB-145",2,55,0,"Turbo-jet"
"N612JB",2005,"Fixed wing multi engine","AIRBUS","A320-232",2,200,0,"Turbo-fan"
"N612NK",2012,"Fixed wing multi engine","AIRBUS","A320-232",2,200,0,"Turbo-fan"
"N612NN",2019,"Fixed wing multi engine","BOMBARDIER INC","CL-600-2D24",2,95,0,"Turbo-fan"
"N612UX",2019,"Fixed wing multi engine","EMBRAER S A","ERJ 170-200 LL",2,88,0,"Turbo-fan"
"N613AE",1998,"Fixed wing multi engine","EMBRAER","EMB-145",2,55,0,"Turbo-jet"
"N613JB",2005,"Fixed wing multi engine","AIRBUS","A320-232",2,200,0,"Turbo-fan"
"N613NK",2012,"Fixed wing multi engine","AIRBUS","A320-232",2,200,0,"Turbo-fan"
"N613SK",2002,"Fixed wing multi engine","BOMBARDIER INC","CL-600-2C10",2,80,0,"Turbo-fan"
"N613UX",2019,"Fixed wing multi engine","EMBRAER S A","ERJ 170-200 LL",2,88,0,"Turbo-fan"
"N614NK",2012,"Fixed wing multi engine","AIRBUS","A320-232",2,200,0,"Turbo-fan"
"N614SK",2002,"Fixed wing multi engine","BOMBARDIER INC","CL-600-2C10",2,80,0,"Turbo-fan"
"N614UX",2019,"Fixed wing multi engine","EMBRAER S A","ERJ 170-200 LL",2,88,0,"Turbo-fan"
"N615AE",1998,"Fixed wing multi engine","EMBRAER","EMB-145LR",2,55,0,"Turbo-fan"
"N615JB",2005,"Fixed wing multi engine","AIRBUS","A320-232",2,200,0,"Turbo-fan"
"N615NK",2012,"Fixed wing multi engine","AIRBUS","A320-232",2,200,0,"Turbo-fan"
"N615UX",2019,"Fixed wing multi engine","EMBRAER S A","ERJ 170-200 LL",2,88,0,"Turbo-fan"
"N616AE",1998,"Fixed wing multi engine","EMBRAER","EMB-145LR",2,55,0,"Turbo-fan"
"N616NK",2012,"Fixed wing multi engine","AIRBUS","A320-232",2,200,0,"Turbo-fan"
"N616UX",2019,"Fixed wing multi engine","EMBRAER S A","ERJ 170-200 LL",2,88,0,"Turbo-fan"
"N617NK",2012,"Fixed wing multi engine","AIRBUS","A320-232",2,200,0,"Turbo-fan"
"N617UX",2019,"Fixed wing multi engine","EMBRAER S A","ERJ 170-200 LL",2,88,0,"Turbo-fan"
"N61881",2015,"Fixed wing multi engine","BOEING","737-924ER",2,191,0,"Turbo-fan"
"N61882",2015,"Fixed wing multi engine","BOEING","737-924ER",2,191,0,"Turbo-fan"
"N61886",2015,"Fixed wing multi engine","BOEING","737-924ER",2,191,0,"Turbo-fan"
"N61887",2015,"Fixed wing multi engine","BOEING","737-924ER",2,191,0,"Turbo-fan"
"N61898",2016,"Fixed wing multi engine","BOEING","737-900ER",2,222,0,"Turbo-fan"
"N618AE",1998,"Fixed wing multi engine","EMBRAER","EMB-145LR",2,55,0,"Turbo-fan"
"N618AS",2000,"Fixed wing multi engine","BOEING","737-790",2,151,0,"Turbo-fan"
"N618JB",2005,"Fixed wing multi engine","AIRBUS","A320-232",2,200,0,"Turbo-fan"
"N618NK",2013,"Fixed wing multi engine","AIRBUS","A320-232",2,200,0,"Turbo-fan"
"N619AE",1998,"Fixed wing multi engine","EMBRAER","EMB-145LR",2,55,0,"Turbo-fan"
"N619NK",2013,"Fixed wing multi engine","AIRBUS","A320-232",2,200,0,"Turbo-fan"
"N620NK",2013,"Fixed wing multi engine","AIRBUS","A320-232",2,200,0,"Turbo-fan"
"N621JB",2005,"Fixed wing multi engine","AIRBUS","A320-232",2,200,0,"Turbo-fan"
"N621NK",2013,"Fixed wing multi engine","AIRBUS","A320-232",2,200,0,"Turbo-fan"
"N622AE",1999,"Fixed wing multi engine","EMBRAER","EMB-145LR",2,55,0,"Turbo-fan"
"N622NK",2013,"Fixed wing multi engine","AIRBUS","A320-232",2,200,0,"Turbo-fan"
"N622VA",NA,"Rotorcraft","VECTOR","HD 580",4,NA,0,"Electric"
"N623AE",1999,"Fixed wing multi engine","EMBRAER","EMB-145LR",2,55,0,"Turbo-fan"
"N623JB",2005,"Fixed wing multi engine","AIRBUS","A320-232",2,200,0,"Turbo-fan"
"N623NK",2013,"Fixed wing multi engine","AIRBUS","A320-232",2,200,0,"Turbo-fan"
"N624JB",2005,"Fixed wing multi engine","AIRBUS","A320-232",2,200,0,"Turbo-fan"
"N624NK",2013,"Fixed wing multi engine","AIRBUS","A320-232",2,200,0,"Turbo-fan"
"N624VA",2023,"Fixed wing single engine","CIRRUS DESIGN CORP","SR22",1,4,0,"Reciprocating"
"N625CA",2003,"Fixed wing multi engine","BOMBARDIER INC","CL-600-2C10",2,80,0,"Turbo-fan"
"N625JB",2005,"Fixed wing multi engine","AIRBUS","A320-232",2,200,0,"Turbo-fan"
"N625NK",NA,"Fixed wing multi engine","AIRBUS","A320-232",2,200,0,"Turbo-fan"
"N626NK",2014,"Fixed wing multi engine","AIRBUS","A320-232",2,200,0,"Turbo-fan"
"N626VA",2023,"Fixed wing single engine","CIRRUS DESIGN CORP","SR20",1,4,0,"Reciprocating"
"N627JB",2005,"Fixed wing multi engine","AIRBUS","A320-232",2,200,0,"Turbo-fan"
"N627NK",2014,"Fixed wing multi engine","AIRBUS","A320-232",2,200,0,"Turbo-fan"
"N627VA",2025,"Fixed wing single engine","CIRRUS DESIGN CORP","SR22",1,4,0,"Reciprocating"
"N62849",2015,"Fixed wing multi engine","BOEING","737-924ER",2,191,0,"Turbo-fan"
"N62883",2015,"Fixed wing multi engine","BOEING","737-924ER",2,191,0,"Turbo-fan"
"N62884",2015,"Fixed wing multi engine","BOEING","737-924ER",2,191,0,"Turbo-fan"
"N62889",2015,"Fixed wing multi engine","BOEING","737-924ER",2,191,0,"Turbo-fan"
"N62892",2015,"Fixed wing multi engine","BOEING","737-924ER",2,191,0,"Turbo-fan"
"N62894",2016,"Fixed wing multi engine","BOEING","737-924ER",2,191,0,"Turbo-fan"
"N62895",2016,"Fixed wing multi engine","BOEING","737-900ER",2,222,0,"Turbo-fan"
"N62896",2016,"Fixed wing multi engine","BOEING","737-900ER",2,222,0,"Turbo-fan"
"N628NK",2014,"Fixed wing multi engine","AIRBUS","A320-232",2,200,0,"Turbo-fan"
"N628VA",2007,"Fixed wing multi engine","AIRBUS","A320-214",2,182,0,"Turbo-fan"
"N629JB",2005,"Fixed wing multi engine","AIRBUS","A320-232",2,200,0,"Turbo-fan"
"N629NK",2014,"Fixed wing multi engine","AIRBUS","A320-232",2,200,0,"Turbo-fan"
"N630JB",2005,"Fixed wing multi engine","AIRBUS","A320-232",2,200,0,"Turbo-fan"
"N630NK",2014,"Fixed wing multi engine","AIRBUS","A320-232",2,200,0,"Turbo-fan"
"N630SK",2011,"Fixed wing multi engine","BOMBARDIER INC","CL-600-2C10",2,80,0,"Turbo-fan"
"N630VA",2007,"Fixed wing multi engine","AIRBUS","A320-214",2,182,0,"Turbo-fan"
"N631NK",2014,"Fixed wing multi engine","AIRBUS","A320-232",2,200,0,"Turbo-fan"
"N631SK",2011,"Fixed wing multi engine","BOMBARDIER INC","CL-600-2C10",2,80,0,"Turbo-fan"
"N632JB",2006,"Fixed wing multi engine","AIRBUS","A320-232",2,200,0,"Turbo-fan"
"N632SK",2011,"Fixed wing multi engine","BOMBARDIER INC","CL-600-2C10",2,80,0,"Turbo-fan"
"N633JB",2006,"Fixed wing multi engine","AIRBUS","A320-232",2,200,0,"Turbo-fan"
"N633NK",2014,"Fixed wing multi engine","AIRBUS","A320-232",2,200,0,"Turbo-fan"
"N633SK",2011,"Fixed wing multi engine","BOMBARDIER INC","CL-600-2C10",2,80,0,"Turbo-fan"
"N633VA",2007,"Fixed wing multi engine","AIRBUS","A320-214",2,182,0,"Turbo-fan"
"N634JB",2006,"Fixed wing multi engine","AIRBUS","A320-232",2,200,0,"Turbo-fan"
"N634NK",2014,"Fixed wing multi engine","AIRBUS","A320-232",2,200,0,"Turbo-fan"
"N635JB",2006,"Fixed wing multi engine","AIRBUS","A320-232",2,200,0,"Turbo-fan"
"N635NK",2014,"Fixed wing multi engine","AIRBUS","A320-232",2,200,0,"Turbo-fan"
"N636JB",2006,"Fixed wing multi engine","AIRBUS","A320-232",2,200,0,"Turbo-fan"
"N636NK",2015,"Fixed wing multi engine","AIRBUS","A320-232",2,200,0,"Turbo-fan"
"N637JB",2006,"Fixed wing multi engine","AIRBUS","A320-232",2,200,0,"Turbo-fan"
"N637NK",2015,"Fixed wing multi engine","AIRBUS","A320-232",2,200,0,"Turbo-fan"
"N63820",2014,"Fixed wing multi engine","BOEING","737-924ER",2,191,0,"Turbo-fan"
"N63890",2015,"Fixed wing multi engine","BOEING","737-924ER",2,191,0,"Turbo-fan"
"N63899",2016,"Fixed wing multi engine","BOEING","737-900ER",2,222,0,"Turbo-fan"
"N638JB",2006,"Fixed wing multi engine","AIRBUS","A320-232",2,200,0,"Turbo-fan"
"N638NK",2015,"Fixed wing multi engine","AIRBUS","A320-232",2,200,0,"Turbo-fan"
"N638RW",2004,"Fixed wing multi engine","EMBRAER","ERJ 170-100 SE",2,70,0,"Turbo-fan"
"N639JB",2006,"Fixed wing multi engine","AIRBUS","A320-232",2,200,0,"Turbo-fan"
"N639NK",2015,"Fixed wing multi engine","AIRBUS","A320-232",2,200,0,"Turbo-fan"
"N639RW",2004,"Fixed wing multi engine","EMBRAER","ERJ 170-100 SE",2,70,0,"Turbo-fan"
"N640JB",2006,"Fixed wing multi engine","AIRBUS","A320-232",2,200,0,"Turbo-fan"
"N640NK",2015,"Fixed wing multi engine","AIRBUS","A320-232",2,200,0,"Turbo-fan"
"N640RW",2004,"Fixed wing multi engine","EMBRAER","ERJ 170-100 SE",2,70,0,"Turbo-fan"
"N641CA",2003,"Fixed wing multi engine","BOMBARDIER INC","CL-600-2C10",2,80,0,"Turbo-fan"
"N641JB",2006,"Fixed wing multi engine","AIRBUS","A320-232",2,200,0,"Turbo-fan"
"N641NK",2015,"Fixed wing multi engine","AIRBUS","A320-232",2,200,0,"Turbo-fan"
"N641RW",2004,"Fixed wing multi engine","EMBRAER","ERJ 170-100 SE",2,70,0,"Turbo-fan"
"N642NK",2015,"Fixed wing multi engine","AIRBUS","A320-232",2,200,0,"Turbo-fan"
"N642RW",2004,"Fixed wing multi engine","EMBRAER","ERJ 170-100 SE",2,70,0,"Turbo-fan"
"N642VA",2008,"Fixed wing multi engine","AIRBUS","A320-214",2,182,0,"Turbo-fan"
"N643JB",2006,"Fixed wing multi engine","AIRBUS","A320-232",2,200,0,"Turbo-fan"
"N643NK",2015,"Fixed wing multi engine","AIRBUS","A320-232",2,200,0,"Turbo-fan"
"N644JB",2006,"Fixed wing multi engine","AIRBUS","A320-232",2,200,0,"Turbo-fan"
"N644NK",2016,"Fixed wing multi engine","AIRBUS","A320-232",2,200,0,"Turbo-fan"
"N645AE",2000,"Fixed wing multi engine","EMBRAER","EMB-145LR",2,55,0,"Turbo-fan"
"N645JB",2006,"Fixed wing multi engine","AIRBUS","A320-232",2,200,0,"Turbo-fan"
"N645NK",2016,"Fixed wing multi engine","AIRBUS","A320-232",2,200,0,"Turbo-fan"
"N646JB",2006,"Fixed wing multi engine","AIRBUS","A320-232",2,200,0,"Turbo-fan"
"N646NK",2016,"Fixed wing multi engine","AIRBUS","A320-232",2,200,0,"Turbo-fan"
"N647AW",1997,"Fixed wing multi engine","AIRBUS INDUSTRIE","A320-232",2,200,0,"Turbo-fan"
"N647NK",2017,"Fixed wing multi engine","AIRBUS","A320-232",2,200,0,"Turbo-fan"
"N647RW",2005,"Fixed wing multi engine","EMBRAER","ERJ 170-100 SE",2,70,0,"Turbo-fan"
"N64809",2013,"Fixed wing multi engine","BOEING","737-924ER",2,191,0,"Turbo-fan"
"N64844",2015,"Fixed wing multi engine","BOEING","737-924ER",2,191,0,"Turbo-fan"
"N648NK",2017,"Fixed wing multi engine","AIRBUS","A320-232",2,200,0,"Turbo-fan"
"N648RW",2005,"Fixed wing multi engine","EMBRAER","ERJ 170-100 SE",2,70,0,"Turbo-fan"
"N649AW",1998,"Fixed wing multi engine","AIRBUS INDUSTRIE","A320-232",2,200,0,"Turbo-fan"
"N649JB",2006,"Fixed wing multi engine","AIRBUS","A320-232",2,200,0,"Turbo-fan"
"N649NK",2017,"Fixed wing multi engine","AIRBUS","A320-232",2,200,0,"Turbo-fan"
"N650AE",2001,"Fixed wing multi engine","EMBRAER","EMB-145LR",2,55,0,"Turbo-fan"
"N650AW",1998,"Fixed wing multi engine","AIRBUS INDUSTRIE","A320-232",2,200,0,"Turbo-fan"
"N650NK",2017,"Fixed wing multi engine","AIRBUS","A320-232",2,200,0,"Turbo-fan"
"N651AW",1998,"Fixed wing multi engine","AIRBUS INDUSTRIE","A320-232",2,200,0,"Turbo-fan"
"N651JB",2007,"Fixed wing multi engine","AIRBUS","A320-232",2,200,0,"Turbo-fan"
"N651NK",2017,"Fixed wing multi engine","AIRBUS","A320-232",2,200,0,"Turbo-fan"
"N652AW",1999,"Fixed wing multi engine","AIRBUS INDUSTRIE","A320-232",2,200,0,"Turbo-fan"
"N652JB",2007,"Fixed wing multi engine","AIRBUS","A320-232",2,200,0,"Turbo-fan"
"N652NK",2017,"Fixed wing multi engine","AIRBUS","A320-232",2,200,0,"Turbo-fan"
"N653AE",2001,"Fixed wing multi engine","EMBRAER","EMB-145LR",2,55,0,"Turbo-fan"
"N653AW",1999,"Fixed wing multi engine","AIRBUS INDUSTRIE","A320-232",2,200,0,"Turbo-fan"
"N653JB",2007,"Fixed wing multi engine","AIRBUS","A320-232",2,200,0,"Turbo-fan"
"N653NK",2018,"Fixed wing multi engine","AIRBUS","A320-232",2,200,0,"Turbo-fan"
"N653RW",2005,"Fixed wing multi engine","EMBRAER","ERJ 170-100 SE",2,70,0,"Turbo-fan"
"N654AW",1999,"Fixed wing multi engine","AIRBUS INDUSTRIE","A320-232",2,200,0,"Turbo-fan"
"N654NK",2018,"Fixed wing multi engine","AIRBUS","A320-232",2,200,0,"Turbo-fan"
"N654RW",2005,"Fixed wing multi engine","EMBRAER","ERJ 170-100 SE",2,70,0,"Turbo-fan"
"N655AW",1999,"Fixed wing multi engine","AIRBUS INDUSTRIE","A320-232",2,200,0,"Turbo-fan"
"N655CA",NA,"Fixed wing multi engine","BOMBARDIER INC","CL-600-2C10",2,80,0,"Turbo-fan"
"N655JB",2007,"Fixed wing multi engine","AIRBUS","A320-232",2,200,0,"Turbo-fan"
"N655NK",2018,"Fixed wing multi engine","AIRBUS","A320-232",2,200,0,"Turbo-fan"
"N655RW",2005,"Fixed wing multi engine","EMBRAER","ERJ 170-100 SE",2,70,0,"Turbo-fan"
"N656AE",2003,"Fixed wing multi engine","EMBRAER","EMB-145LR",2,55,0,"Turbo-fan"
"N656AW",1999,"Fixed wing multi engine","AIRBUS INDUSTRIE","A320-232",2,200,0,"Turbo-fan"
"N656JB",2007,"Fixed wing multi engine","AIRBUS","A320-232",2,200,0,"Turbo-fan"
"N656NK",2018,"Fixed wing multi engine","AIRBUS","A320-232",2,200,0,"Turbo-fan"
"N656RW",2005,"Fixed wing multi engine","EMBRAER","ERJ 170-100 SE",2,70,0,"Turbo-fan"
"N657AW",1999,"Fixed wing multi engine","AIRBUS INDUSTRIE","A320-232",2,200,0,"Turbo-fan"
"N657JB",2007,"Fixed wing multi engine","AIRBUS","A320-232",2,200,0,"Turbo-fan"
"N657RW",2005,"Fixed wing multi engine","EMBRAER","ERJ 170-100 SE",2,70,0,"Turbo-fan"
"N65832",2014,"Fixed wing multi engine","BOEING","737-924ER",2,191,0,"Turbo-fan"
"N658AE",2003,"Fixed wing multi engine","EMBRAER","EMB-145LR",2,55,0,"Turbo-fan"
"N658AW",1999,"Fixed wing multi engine","AIRBUS INDUSTRIE","A320-232",2,200,0,"Turbo-fan"
"N658JB",2007,"Fixed wing multi engine","AIRBUS","A320-232",2,200,0,"Turbo-fan"
"N658NK",2015,"Fixed wing multi engine","AIRBUS","A321-231",2,379,0,"Turbo-fan"
"N659AW",2000,"Fixed wing multi engine","AIRBUS INDUSTRIE","A320-232",2,200,0,"Turbo-fan"
"N659BR",2001,"Fixed wing multi engine","BOMBARDIER INC","CL-600-2B19",2,55,0,"Turbo-fan"
"N659JB",2007,"Fixed wing multi engine","AIRBUS","A320-232",2,200,0,"Turbo-fan"
"N659NK",2015,"Fixed wing multi engine","AIRBUS","A321-231",2,379,0,"Turbo-fan"
"N660AW",2000,"Fixed wing multi engine","AIRBUS INDUSTRIE","A320-232",2,200,0,"Turbo-fan"
"N660NK",2015,"Fixed wing multi engine","AIRBUS","A321-231",2,379,0,"Turbo-fan"
"N661AW",2000,"Fixed wing multi engine","AIRBUS INDUSTRIE","A320-232",2,200,0,"Turbo-fan"
"N661JA",2003,"Fixed wing multi engine","EMBRAER","EMB-145LR",2,55,0,"Turbo-fan"
"N661JB",2007,"Fixed wing multi engine","AIRBUS","A320-232",2,200,0,"Turbo-fan"
"N661NK",2015,"Fixed wing multi engine","AIRBUS","A321-231",2,379,0,"Turbo-fan"
"N662AW",2000,"Fixed wing multi engine","AIRBUS INDUSTRIE","A320-232",2,200,0,"Turbo-fan"
"N662EH",2004,"Fixed wing multi engine","EMBRAER","EMB-145LR",2,55,0,"Turbo-fan"
"N662NK",2015,"Fixed wing multi engine","AIRBUS","A321-231",2,379,0,"Turbo-fan"
"N663AR",2004,"Fixed wing multi engine","EMBRAER","EMB-145LR",2,55,0,"Turbo-fan"
"N663AW",2001,"Fixed wing multi engine","AIRBUS INDUSTRIE","A320-232",2,200,0,"Turbo-fan"
"N663JB",2007,"Fixed wing multi engine","AIRBUS","A320-232",2,200,0,"Turbo-fan"
"N663NK",2016,"Fixed wing multi engine","AIRBUS","A321-231",2,379,0,"Turbo-fan"
"N664AW",2001,"Fixed wing multi engine","AIRBUS INDUSTRIE","A320-232",2,200,0,"Turbo-fan"
"N664MS",2004,"Fixed wing multi engine","EMBRAER","EMB-145LR",2,55,0,"Turbo-fan"
"N664NK",2016,"Fixed wing multi engine","AIRBUS","A321-231",2,379,0,"Turbo-fan"
"N665AW",2001,"Fixed wing multi engine","AIRBUS INDUSTRIE","A320-232",2,200,0,"Turbo-fan"
"N665JB",2007,"Fixed wing multi engine","AIRBUS","A320-232",2,200,0,"Turbo-fan"
"N665NK",2016,"Fixed wing multi engine","AIRBUS","A321-231",2,379,0,"Turbo-fan"
"N667AW",2002,"Fixed wing multi engine","AIRBUS INDUSTRIE","A320-232",2,200,0,"Turbo-fan"
"N667GB",2004,"Fixed wing multi engine","EMBRAER","EMB-145LR",2,55,0,"Turbo-fan"
"N667NK",2016,"Fixed wing multi engine","AIRBUS","A321-231",2,379,0,"Turbo-fan"
"N66803",2013,"Fixed wing multi engine","BOEING","737-924ER",2,191,0,"Turbo-fan"
"N66808",2013,"Fixed wing multi engine","BOEING","737-924ER",2,191,0,"Turbo-fan"
"N66814",2014,"Fixed wing multi engine","BOEING","737-924ER",2,191,0,"Turbo-fan"
"N66825",2014,"Fixed wing multi engine","BOEING","737-924ER",2,191,0,"Turbo-fan"
"N66828",2014,"Fixed wing multi engine","BOEING","737-924ER",2,191,0,"Turbo-fan"
"N66831",2014,"Fixed wing multi engine","BOEING","737-924ER",2,191,0,"Turbo-fan"
"N66837",2014,"Fixed wing multi engine","BOEING","737-924ER",2,191,0,"Turbo-fan"
"N66841",2015,"Fixed wing multi engine","BOEING","737-924ER",2,191,0,"Turbo-fan"
"N66848",2015,"Fixed wing multi engine","BOEING","737-924ER",2,191,0,"Turbo-fan"
"N66893",2016,"Fixed wing multi engine","BOEING","737-924ER",2,191,0,"Turbo-fan"
"N66897",2016,"Fixed wing multi engine","BOEING","737-900ER",2,222,0,"Turbo-fan"
"N668AW",2002,"Fixed wing multi engine","AIRBUS","A320-232",2,200,0,"Turbo-fan"
"N668CA",2004,"Fixed wing multi engine","BOMBARDIER INC","CL-600-2C10",2,80,0,"Turbo-fan"
"N668HH",2004,"Fixed wing multi engine","EMBRAER","EMB-145LR",2,55,0,"Turbo-fan"
"N668NK",2016,"Fixed wing multi engine","AIRBUS","A321-231",2,379,0,"Turbo-fan"
"N669AW",2002,"Fixed wing multi engine","AIRBUS","A320-232",2,200,0,"Turbo-fan"
"N669NK",2016,"Fixed wing multi engine","AIRBUS","A321-231",2,379,0,"Turbo-fan"
"N670AE",2004,"Fixed wing multi engine","EMBRAER","EMB-145LR",2,55,0,"Turbo-fan"
"N670NK",2016,"Fixed wing multi engine","AIRBUS","A321-231",2,379,0,"Turbo-fan"
"N6711M",2000,"Fixed wing multi engine","BOEING","757-232",2,178,0,"Turbo-fan"
"N671AE",2004,"Fixed wing multi engine","EMBRAER","EMB-145LR",2,55,0,"Turbo-fan"
"N671NK",2016,"Fixed wing multi engine","AIRBUS","A321-231",2,379,0,"Turbo-fan"
"N672NK",2017,"Fixed wing multi engine","AIRBUS","A321-231",2,379,0,"Turbo-fan"
"N673AE",2004,"Fixed wing multi engine","EMBRAER","EMB-145LR",2,55,0,"Turbo-fan"
"N673AW",NA,"Fixed wing multi engine","AIRBUS","A320-232",2,200,0,"Turbo-fan"
"N673NK",2017,"Fixed wing multi engine","AIRBUS","A321-231",2,379,0,"Turbo-fan"
"N674NK",2017,"Fixed wing multi engine","AIRBUS","A321-231",2,379,0,"Turbo-fan"
"N675AE",2004,"Fixed wing multi engine","EMBRAER","EMB-145LR",2,55,0,"Turbo-fan"
"N675BR",2002,"Fixed wing multi engine","BOMBARDIER INC","CL-600-2B19",2,55,0,"Turbo-fan"
"N675NK",2017,"Fixed wing multi engine","AIRBUS","A321-231",2,379,0,"Turbo-fan"
"N676AE",2004,"Fixed wing multi engine","EMBRAER","EMB-145LR",2,55,0,"Turbo-fan"
"N676CA",2007,"Fixed wing multi engine","BOMBARDIER INC","CL-600-2D24",2,95,0,"Turbo-fan"
"N676NK",2017,"Fixed wing multi engine","AIRBUS","A321-231",2,379,0,"Turbo-fan"
"N677AE",2004,"Fixed wing multi engine","EMBRAER","EMB-145LR",2,55,0,"Turbo-fan"
"N677NK",2017,"Fixed wing multi engine","AIRBUS","A321-231",2,379,0,"Turbo-fan"
"N67812",2014,"Fixed wing multi engine","BOEING","737-924ER",2,191,0,"Turbo-fan"
"N67815",2014,"Fixed wing multi engine","BOEING","737-924ER",2,191,0,"Turbo-fan"
"N67827",2014,"Fixed wing multi engine","BOEING","737-924ER",2,191,0,"Turbo-fan"
"N67845",2015,"Fixed wing multi engine","BOEING","737-924ER",2,191,0,"Turbo-fan"
"N67846",2015,"Fixed wing multi engine","BOEING","737-924ER",2,191,0,"Turbo-fan"
"N678AE",2004,"Fixed wing multi engine","EMBRAER","EMB-145LR",2,55,0,"Turbo-fan"
"N678CA",2007,"Fixed wing multi engine","BOMBARDIER INC","CL-600-2D24",2,95,0,"Turbo-fan"
"N678NK",2017,"Fixed wing multi engine","AIRBUS","A321-231",2,379,0,"Turbo-fan"
"N679AE",2004,"Fixed wing multi engine","EMBRAER","EMB-145LR",2,55,0,"Turbo-fan"
"N679AW",2005,"Fixed wing multi engine","AIRBUS","A320-232",2,200,0,"Turbo-fan"
"N679CA",2007,"Fixed wing multi engine","BOMBARDIER INC","CL-600-2D24",2,95,0,"Turbo-fan"
"N679NK",2017,"Fixed wing multi engine","AIRBUS","A321-231",2,379,0,"Turbo-fan"
"N679SA",NA,"Fixed wing multi engine","BOMBARDIER INC","CL-600-2B19",2,55,0,"Turbo-fan"
"N680AE",2004,"Fixed wing multi engine","EMBRAER","EMB-145LR",2,55,0,"Turbo-fan"
"N680AW",2005,"Fixed wing multi engine","AIRBUS","A320-232",2,200,0,"Turbo-fan"
"N680NK",2017,"Fixed wing multi engine","AIRBUS","A321-231",2,379,0,"Turbo-fan"
"N681AE",2004,"Fixed wing multi engine","EMBRAER","EMB-145LR",2,55,0,"Turbo-fan"
"N681NK",2017,"Fixed wing multi engine","AIRBUS","A321-231",2,379,0,"Turbo-fan"
"N682DA",1993,"Fixed wing multi engine","BOEING","757-232",2,178,0,"Turbo-fan"
"N682NK",2017,"Fixed wing multi engine","AIRBUS","A321-231",2,379,0,"Turbo-fan"
"N683DA",1993,"Fixed wing multi engine","BOEING","757-232",2,178,0,"Turbo-fan"
"N683NK",2018,"Fixed wing multi engine","AIRBUS","A321-231",2,379,0,"Turbo-fan"
"N68452",2012,"Fixed wing multi engine","BOEING","737-924ER",2,191,0,"Turbo-fan"
"N68453",2012,"Fixed wing multi engine","BOEING","737-924ER",2,191,0,"Turbo-fan"
"N684JW",2004,"Fixed wing multi engine","EMBRAER","EMB-145LR",2,55,0,"Turbo-fan"
"N684NK",2018,"Fixed wing multi engine","AIRBUS","A321-231",2,379,0,"Turbo-fan"
"N685AE",2004,"Fixed wing multi engine","EMBRAER","EMB-145LR",2,55,0,"Turbo-fan"
"N685BR",2002,"Fixed wing multi engine","BOMBARDIER INC","CL-600-2B19",2,55,0,"Turbo-fan"
"N685NK",2018,"Fixed wing multi engine","AIRBUS","A321-231",2,379,0,"Turbo-fan"
"N686BR",2003,"Fixed wing multi engine","BOMBARDIER INC","CL-600-2B19",2,55,0,"Turbo-fan"
"N686NK",2018,"Fixed wing multi engine","AIRBUS","A321-231",2,379,0,"Turbo-fan"
"N687JS",2004,"Fixed wing multi engine","EMBRAER","EMB-145LR",2,55,0,"Turbo-fan"
"N687NK",2018,"Fixed wing multi engine","AIRBUS","A321-231",2,379,0,"Turbo-fan"
"N68801",2013,"Fixed wing multi engine","BOEING","737-924ER",2,191,0,"Turbo-fan"
"N68802",2013,"Fixed wing multi engine","BOEING","737-924ER",2,191,0,"Turbo-fan"
"N68805",2013,"Fixed wing multi engine","BOEING","737-924ER",2,191,0,"Turbo-fan"
"N68807",2013,"Fixed wing multi engine","BOEING","737-924ER",2,191,0,"Turbo-fan"
"N68811",2014,"Fixed wing multi engine","BOEING","737-924ER",2,191,0,"Turbo-fan"
"N68817",2014,"Fixed wing multi engine","BOEING","737-924ER",2,191,0,"Turbo-fan"
"N68821",2014,"Fixed wing multi engine","BOEING","737-924ER",2,191,0,"Turbo-fan"
"N68822",2014,"Fixed wing multi engine","BOEING","737-924ER",2,191,0,"Turbo-fan"
"N68823",2014,"Fixed wing multi engine","BOEING","737-924ER",2,191,0,"Turbo-fan"
"N68834",2014,"Fixed wing multi engine","BOEING","737-924ER",2,191,0,"Turbo-fan"
"N68836",2014,"Fixed wing multi engine","BOEING","737-924ER",2,191,0,"Turbo-fan"
"N68842",2015,"Fixed wing multi engine","BOEING","737-924ER",2,191,0,"Turbo-fan"
"N68843",2015,"Fixed wing multi engine","BOEING","737-924ER",2,191,0,"Turbo-fan"
"N68880",2015,"Fixed wing multi engine","BOEING","737-924ER",2,191,0,"Turbo-fan"
"N68891",2015,"Fixed wing multi engine","BOEING","737-924ER",2,191,0,"Turbo-fan"
"N688AE",2004,"Fixed wing multi engine","EMBRAER","EMB-145LR",2,55,0,"Turbo-fan"
"N689CA",2007,"Fixed wing multi engine","BOMBARDIER INC","CL-600-2D24",2,95,0,"Turbo-fan"
"N689EC",2004,"Fixed wing multi engine","EMBRAER","EMB-145LR",2,55,0,"Turbo-fan"
"N690NK",2018,"Fixed wing multi engine","AIRBUS","A320-232",2,200,0,"Turbo-fan"
"N691CA",2007,"Fixed wing multi engine","BOMBARDIER INC","CL-600-2D24",2,95,0,"Turbo-fan"
"N691NK",2018,"Fixed wing multi engine","AIRBUS","A320-232",2,200,0,"Turbo-fan"
"N692AA",1993,"Fixed wing multi engine","BOEING","757-223",2,178,0,"Turbo-fan"
"N692CA",2006,"Fixed wing multi engine","BOMBARDIER INC","CL-600-2D24",2,95,0,"Turbo-fan"
"N692NK",2018,"Fixed wing multi engine","AIRBUS","A320-232",2,200,0,"Turbo-fan"
"N693AE",2004,"Fixed wing multi engine","EMBRAER","EMB-145LR",2,55,0,"Turbo-fan"
"N693BR",2003,"Fixed wing multi engine","BOMBARDIER INC","CL-600-2B19",2,55,0,"Turbo-fan"
"N693CA",2006,"Fixed wing multi engine","BOMBARDIER INC","CL-600-2D24",2,95,0,"Turbo-fan"
"N693NK",2018,"Fixed wing multi engine","AIRBUS","A320-232",2,200,0,"Turbo-fan"
"N694AE",2004,"Fixed wing multi engine","EMBRAER","EMB-145LR",2,55,0,"Turbo-fan"
"N694NK",2018,"Fixed wing multi engine","AIRBUS","A320-232",2,200,0,"Turbo-fan"
"N695CA",2006,"Fixed wing multi engine","BOMBARDIER INC","CL-600-2D24",2,95,0,"Turbo-fan"
"N696AE",2004,"Fixed wing multi engine","EMBRAER","EMB-145LR",2,55,0,"Turbo-fan"
"N696DL",1999,"Fixed wing multi engine","BOEING","757-232",2,178,0,"Turbo-fan"
"N696NK",2019,"Fixed wing multi engine","AIRBUS","A320-232",2,200,0,"Turbo-fan"
"N697AB",2004,"Fixed wing multi engine","EMBRAER","EMB-145LR",2,55,0,"Turbo-fan"
"N697NK",2010,"Fixed wing multi engine","AIRBUS","A320-232",2,200,0,"Turbo-fan"
"N69804",2013,"Fixed wing multi engine","BOEING","737-924ER",2,191,0,"Turbo-fan"
"N69806",2013,"Fixed wing multi engine","BOEING","737-924ER",2,191,0,"Turbo-fan"
"N69810",2013,"Fixed wing multi engine","BOEING","737-924ER",2,191,0,"Turbo-fan"
"N69813",2014,"Fixed wing multi engine","BOEING","737-924ER",2,191,0,"Turbo-fan"
"N69816",2014,"Fixed wing multi engine","BOEING","737-924ER",2,191,0,"Turbo-fan"
"N69818",2014,"Fixed wing multi engine","BOEING","737-924ER",2,191,0,"Turbo-fan"
"N69819",2014,"Fixed wing multi engine","BOEING","737-924ER",2,191,0,"Turbo-fan"
"N69824",2014,"Fixed wing multi engine","BOEING","737-924ER",2,191,0,"Turbo-fan"
"N69826",2014,"Fixed wing multi engine","BOEING","737-924ER",2,191,0,"Turbo-fan"
"N69829",2014,"Fixed wing multi engine","BOEING","737-924ER",2,191,0,"Turbo-fan"
"N69830",2014,"Fixed wing multi engine","BOEING","737-924ER",2,191,0,"Turbo-fan"
"N69833",2014,"Fixed wing multi engine","BOEING","737-924ER",2,191,0,"Turbo-fan"
"N69835",2014,"Fixed wing multi engine","BOEING","737-924ER",2,191,0,"Turbo-fan"
"N69838",2014,"Fixed wing multi engine","BOEING","737-924ER",2,191,0,"Turbo-fan"
"N69839",2014,"Fixed wing multi engine","BOEING","737-924ER",2,191,0,"Turbo-fan"
"N69840",2015,"Fixed wing multi engine","BOEING","737-924ER",2,191,0,"Turbo-fan"
"N69847",2015,"Fixed wing multi engine","BOEING","737-924ER",2,191,0,"Turbo-fan"
"N69885",2015,"Fixed wing multi engine","BOEING","737-924ER",2,191,0,"Turbo-fan"
"N69888",2015,"Fixed wing multi engine","BOEING","737-924ER",2,191,0,"Turbo-fan"
"N698CB",2004,"Fixed wing multi engine","EMBRAER","EMB-145LR",2,55,0,"Turbo-fan"
"N698NK",2010,"Fixed wing multi engine","AIRBUS","A320-232",2,200,0,"Turbo-fan"
"N699BR",2003,"Fixed wing multi engine","BOMBARDIER INC","CL-600-2B19",2,55,0,"Turbo-fan"
"N70020",2014,"Fixed wing multi engine","AIRBUS","A319-115",2,147,0,"Turbo-fan"
"N700UW",1998,"Fixed wing multi engine","AIRBUS INDUSTRIE","A319-112",2,179,0,"Turbo-fan"
"N701BR",2000,"Fixed wing multi engine","BOMBARDIER INC","CL-600-2B19",2,55,0,"Turbo-fan"
"N701FR",2015,"Fixed wing multi engine","AIRBUS","A321-211",2,199,0,"Turbo-fan"
"N701SK",2004,"Fixed wing multi engine","BOMBARDIER INC","CL-600-2C10",2,80,0,"Turbo-fan"
"N701UW",1998,"Fixed wing multi engine","AIRBUS INDUSTRIE","A319-112",2,179,0,"Turbo-fan"
"N702FR",2015,"Fixed wing multi engine","AIRBUS","A321-211",2,199,0,"Turbo-fan"
"N702PS",2004,"Fixed wing multi engine","BOMBARDIER INC","CL-600-2C10",2,80,0,"Turbo-fan"
"N702SK",2004,"Fixed wing multi engine","BOMBARDIER INC","CL-600-2C10",2,80,0,"Turbo-fan"
"N702UW",1998,"Fixed wing multi engine","AIRBUS INDUSTRIE","A319-112",2,179,0,"Turbo-fan"
"N703JB",2008,"Fixed wing multi engine","AIRBUS","A320-232",2,200,0,"Turbo-fan"
"N703PS",2004,"Fixed wing multi engine","BOMBARDIER INC","CL-600-2C10",2,80,0,"Turbo-fan"
"N703SK",2004,"Fixed wing multi engine","BOMBARDIER INC","CL-600-2C10",2,80,0,"Turbo-fan"
"N703SW",1997,"Fixed wing multi engine","BOEING","737-7H4",2,143,0,"Turbo-fan"
"N703UW",1998,"Fixed wing multi engine","AIRBUS INDUSTRIE","A319-112",2,179,0,"Turbo-fan"
"N704FR",2015,"Fixed wing multi engine","AIRBUS","A321-211",2,199,0,"Turbo-fan"
"N704US",1998,"Fixed wing multi engine","AIRBUS INDUSTRIE","A319-112",2,179,0,"Turbo-fan"
"N705FR",2015,"Fixed wing multi engine","AIRBUS","A321-211",2,199,0,"Turbo-fan"
"N705JB",2008,"Fixed wing multi engine","AIRBUS","A320-232",2,200,0,"Turbo-fan"
"N705PS",2004,"Fixed wing multi engine","BOMBARDIER INC","CL-600-2C10",2,80,0,"Turbo-fan"
"N705SK",2004,"Fixed wing multi engine","BOMBARDIER INC","CL-600-2C10",2,80,0,"Turbo-fan"
"N705UW",NA,"Fixed wing multi engine","AIRBUS INDUSTRIE","A319-112",2,179,0,"Turbo-fan"
"N706FR",2015,"Fixed wing multi engine","AIRBUS","A321-211",2,199,0,"Turbo-fan"
"N706JB",2008,"Fixed wing multi engine","AIRBUS","A320-232",2,200,0,"Turbo-fan"
"N706PS",2004,"Fixed wing multi engine","BOMBARDIER INC","CL-600-2C10",2,80,0,"Turbo-fan"
"N706SK",2004,"Fixed wing multi engine","BOMBARDIER INC","CL-600-2C10",2,80,0,"Turbo-fan"
"N706SW",1998,"Fixed wing multi engine","BOEING","737-7H4",2,143,0,"Turbo-fan"
"N707SK",1999,"Fixed wing multi engine","BOMBARDIER INC","CL-600-2C10",2,80,0,"Turbo-fan"
"N708FR",2015,"Fixed wing multi engine","AIRBUS","A321-211",2,199,0,"Turbo-fan"
"N708JB",2008,"Fixed wing multi engine","AIRBUS","A320-232",2,200,0,"Turbo-fan"
"N708PS",2004,"Fixed wing multi engine","BOMBARDIER INC","CL-600-2C10",2,80,0,"Turbo-fan"
"N708SK",2004,"Fixed wing multi engine","BOMBARDIER INC","CL-600-2C10",2,80,0,"Turbo-fan"
"N708UW",1999,"Fixed wing multi engine","AIRBUS INDUSTRIE","A319-112",2,179,0,"Turbo-fan"
"N709BR",2003,"Fixed wing multi engine","BOMBARDIER INC","CL-600-2B19",2,55,0,"Turbo-fan"
"N709FR",2016,"Fixed wing multi engine","AIRBUS","A321-211",2,199,0,"Turbo-fan"
"N709JB",2008,"Fixed wing multi engine","AIRBUS","A320-232",2,200,0,"Turbo-fan"
"N709SK",2004,"Fixed wing multi engine","BOMBARDIER INC","CL-600-2C10",2,80,0,"Turbo-fan"
"N709UW",1999,"Fixed wing multi engine","AIRBUS INDUSTRIE","A319-112",2,179,0,"Turbo-fan"
"N710FR",2016,"Fixed wing multi engine","AIRBUS","A321-211",2,199,0,"Turbo-fan"
"N710PS",2004,"Fixed wing multi engine","BOMBARDIER INC","CL-600-2C10",2,80,0,"Turbo-fan"
"N710SK",2004,"Fixed wing multi engine","BOMBARDIER INC","CL-600-2C10",2,80,0,"Turbo-fan"
"N710UW",1999,"Fixed wing multi engine","AIRBUS INDUSTRIE","A319-112",2,179,0,"Turbo-fan"
"N711FR",2016,"Fixed wing multi engine","AIRBUS","A321-211",2,199,0,"Turbo-fan"
"N711UW",1999,"Fixed wing multi engine","AIRBUS INDUSTRIE","A319-112",2,179,0,"Turbo-fan"
"N712FR",2016,"Fixed wing multi engine","AIRBUS","A321-211",2,199,0,"Turbo-fan"
"N712JB",2008,"Fixed wing multi engine","AIRBUS","A320-232",2,200,0,"Turbo-fan"
"N712PS",2004,"Fixed wing multi engine","BOMBARDIER INC","CL-600-2C10",2,80,0,"Turbo-fan"
"N712SK",2004,"Fixed wing multi engine","BOMBARDIER INC","CL-600-2C11",2,55,0,"Turbo-fan"
"N712SW",1998,"Fixed wing multi engine","BOEING","737-7H4",2,143,0,"Turbo-fan"
"N712US",1999,"Fixed wing multi engine","AIRBUS INDUSTRIE","A319-112",2,179,0,"Turbo-fan"
"N713FR",2016,"Fixed wing multi engine","AIRBUS","A321-211",2,199,0,"Turbo-fan"
"N713SK",2004,"Fixed wing multi engine","BOMBARDIER INC","CL-600-2C10",2,80,0,"Turbo-fan"
"N713UW",1999,"Fixed wing multi engine","AIRBUS INDUSTRIE","A319-112",2,179,0,"Turbo-fan"
"N71411",2002,"Fixed wing multi engine","BOEING","737-924",2,191,0,"Turbo-fan"
"N714FR",2016,"Fixed wing multi engine","AIRBUS","A321-211",2,199,0,"Turbo-fan"
"N714US",1999,"Fixed wing multi engine","AIRBUS INDUSTRIE","A319-112",2,179,0,"Turbo-fan"
"N715FR",2016,"Fixed wing multi engine","AIRBUS","A321-211",2,199,0,"Turbo-fan"
"N715SK",2004,"Fixed wing multi engine","BOMBARDIER INC","CL-600-2C10",2,80,0,"Turbo-fan"
"N715UW",1999,"Fixed wing multi engine","AIRBUS INDUSTRIE","A319-112",2,179,0,"Turbo-fan"
"N716FR",2017,"Fixed wing multi engine","AIRBUS","A321-211",2,199,0,"Turbo-fan"
"N716PS",2004,"Fixed wing multi engine","BOMBARDIER INC","CL-600-2C10",2,80,0,"Turbo-fan"
"N716SK",2004,"Fixed wing multi engine","BOMBARDIER INC","CL-600-2C10",2,80,0,"Turbo-fan"
"N716UW",1999,"Fixed wing multi engine","AIRBUS INDUSTRIE","A319-112",2,179,0,"Turbo-fan"
"N717FR",2017,"Fixed wing multi engine","AIRBUS","A321-211",2,199,0,"Turbo-fan"
"N717JL",2002,"Fixed wing multi engine","BOEING","717-200",2,100,0,"Turbo-fan"
"N717UW",1999,"Fixed wing multi engine","AIRBUS INDUSTRIE","A319-112",2,179,0,"Turbo-fan"
"N718FR",2017,"Fixed wing multi engine","AIRBUS","A321-211",2,199,0,"Turbo-fan"
"N718PS",2004,"Fixed wing multi engine","BOMBARDIER INC","CL-600-2C10",2,80,0,"Turbo-fan"
"N718SK",2004,"Fixed wing multi engine","BOMBARDIER INC","CL-600-2C10",2,80,0,"Turbo-fan"
"N719FR",2017,"Fixed wing multi engine","AIRBUS","A321-211",2,199,0,"Turbo-fan"
"N719PS",2004,"Fixed wing multi engine","BOMBARDIER INC","CL-600-2C10",2,80,0,"Turbo-fan"
"N719SK",2004,"Fixed wing multi engine","BOMBARDIER INC","CL-600-2C10",2,80,0,"Turbo-fan"
"N720FR",2017,"Fixed wing multi engine","AIRBUS","A321-211",2,199,0,"Turbo-fan"
"N720PS",2004,"Fixed wing multi engine","BOMBARDIER INC","CL-600-2C10",2,80,0,"Turbo-fan"
"N721FR",2017,"Fixed wing multi engine","AIRBUS","A321-211",2,199,0,"Turbo-fan"
"N721UW",1999,"Fixed wing multi engine","AIRBUS INDUSTRIE","A319-112",2,179,0,"Turbo-fan"
"N721YX",2015,"Fixed wing multi engine","EMBRAER S A","ERJ 170-200 LR",2,88,0,"Turbo-fan"
"N722EV",2003,"Fixed wing multi engine","BOMBARDIER INC","CL-600-2C10",2,80,0,"Turbo-fan"
"N722FR",2018,"Fixed wing multi engine","AIRBUS","A321-211",2,199,0,"Turbo-fan"
"N722US",1999,"Fixed wing multi engine","AIRBUS INDUSTRIE","A319-112",2,179,0,"Turbo-fan"
"N722YX",2015,"Fixed wing multi engine","EMBRAER S A","ERJ 170-200 LR",2,88,0,"Turbo-fan"
"N723FR",2018,"Fixed wing multi engine","AIRBUS","A321-211",2,199,0,"Turbo-fan"
"N723PS",2004,"Fixed wing multi engine","BOMBARDIER INC","CL-600-2C10",2,80,0,"Turbo-fan"
"N723UW",1999,"Fixed wing multi engine","AIRBUS INDUSTRIE","A319-112",2,179,0,"Turbo-fan"
"N723YX",2015,"Fixed wing multi engine","EMBRAER S A","ERJ 170-200 LR",2,88,0,"Turbo-fan"
"N72405",2001,"Fixed wing multi engine","BOEING","737-924",2,191,0,"Turbo-fan"
"N724SK",2004,"Fixed wing multi engine","BOMBARDIER INC","CL-600-2C10",2,80,0,"Turbo-fan"
"N724UW",1999,"Fixed wing multi engine","AIRBUS INDUSTRIE","A319-112",2,179,0,"Turbo-fan"
"N724YX",2015,"Fixed wing multi engine","EMBRAER S A","ERJ 170-200 LR",2,88,0,"Turbo-fan"
"N725PS",2005,"Fixed wing multi engine","BOMBARDIER INC","CL-600-2C10",2,80,0,"Turbo-fan"
"N725UW",1999,"Fixed wing multi engine","AIRBUS INDUSTRIE","A319-112",2,179,0,"Turbo-fan"
"N725YX",2015,"Fixed wing multi engine","EMBRAER S A","ERJ 170-200 LR",2,88,0,"Turbo-fan"
"N726SW",1999,"Fixed wing multi engine","BOEING","737-7H4",2,143,0,"Turbo-fan"
"N726YX",2015,"Fixed wing multi engine","EMBRAER S A","ERJ 170-200 LR",2,88,0,"Turbo-fan"
"N727SK",2005,"Fixed wing multi engine","BOMBARDIER INC","CL-600-2C10",2,80,0,"Turbo-fan"
"N727YX",2015,"Fixed wing multi engine","EMBRAER S A","ERJ 170-200 LR",2,88,0,"Turbo-fan"
"N728SK",2005,"Fixed wing multi engine","BOMBARDIER INC","CL-600-2C10",2,80,0,"Turbo-fan"
"N728YX",2015,"Fixed wing multi engine","EMBRAER S A","ERJ 170-200 LR",2,88,0,"Turbo-fan"
"N729JB",NA,"Fixed wing multi engine","AIRBUS","A320-232",2,200,0,"Turbo-fan"
"N729YX",2015,"Fixed wing multi engine","EMBRAER S A","ERJ 170-200 LR",2,88,0,"Turbo-fan"
"N730EV",2004,"Fixed wing multi engine","BOMBARDIER INC","CL-600-2C10",2,80,0,"Turbo-fan"
"N730SK",2005,"Fixed wing multi engine","BOMBARDIER INC","CL-600-2C10",2,80,0,"Turbo-fan"
"N730US",2000,"Fixed wing multi engine","AIRBUS INDUSTRIE","A319-112",2,179,0,"Turbo-fan"
"N730YX",2015,"Fixed wing multi engine","EMBRAER S A","ERJ 170-200 LR",2,88,0,"Turbo-fan"
"N731YX",2015,"Fixed wing multi engine","EMBRAER S A","ERJ 170-200 LR",2,88,0,"Turbo-fan"
"N73251",2000,"Fixed wing multi engine","BOEING","737-824",2,149,0,"Turbo-fan"
"N73256",2000,"Fixed wing multi engine","BOEING","737-824",2,149,0,"Turbo-fan"
"N73259",2001,"Fixed wing multi engine","BOEING","737-824",2,149,0,"Turbo-fan"
"N73270",2001,"Fixed wing multi engine","BOEING","737-824",2,149,0,"Turbo-fan"
"N73275",2002,"Fixed wing multi engine","BOEING","737-824",2,149,0,"Turbo-fan"
"N73276",2002,"Fixed wing multi engine","BOEING","737-824",2,149,0,"Turbo-fan"
"N73283",2004,"Fixed wing multi engine","BOEING","737-824",2,149,0,"Turbo-fan"
"N73291",2004,"Fixed wing multi engine","BOEING","737-824",2,149,0,"Turbo-fan"
"N73299",2005,"Fixed wing multi engine","BOEING","737-824",2,149,0,"Turbo-fan"
"N732SK",2005,"Fixed wing multi engine","BOMBARDIER INC","CL-600-2C10",2,80,0,"Turbo-fan"
"N732US",2000,"Fixed wing multi engine","AIRBUS INDUSTRIE","A319-112",2,179,0,"Turbo-fan"
"N732YX",2015,"Fixed wing multi engine","EMBRAER S A","ERJ 170-200 LR",2,88,0,"Turbo-fan"
"N733UW",2000,"Fixed wing multi engine","AIRBUS INDUSTRIE","A319-112",2,179,0,"Turbo-fan"
"N733YX",2016,"Fixed wing multi engine","EMBRAER S A","ERJ 170-200 LR",2,88,0,"Turbo-fan"
"N73406",2001,"Fixed wing multi engine","BOEING","737-924",2,191,0,"Turbo-fan"
"N73445",2011,"Fixed wing multi engine","BOEING","737-924ER",2,191,0,"Turbo-fan"
"N736YX",2016,"Fixed wing multi engine","EMBRAER S A","ERJ 170-200 LR",2,88,0,"Turbo-fan"
"N737US",2000,"Fixed wing multi engine","AIRBUS INDUSTRIE","A319-112",2,179,0,"Turbo-fan"
"N738SK",2005,"Fixed wing multi engine","BOMBARDIER INC","CL-600-2C11",2,55,0,"Turbo-fan"
"N738US",2000,"Fixed wing multi engine","AIRBUS INDUSTRIE","A319-112",2,179,0,"Turbo-fan"
"N739YX",2016,"Fixed wing multi engine","EMBRAER S A","ERJ 170-200 LR",2,88,0,"Turbo-fan"
"N740EV",2004,"Fixed wing multi engine","BOMBARDIER INC","CL-600-2C10",2,80,0,"Turbo-fan"
"N740SK",2005,"Fixed wing multi engine","BOMBARDIER INC","CL-600-2C10",2,80,0,"Turbo-fan"
"N740UW",2000,"Fixed wing multi engine","AIRBUS INDUSTRIE","A319-112",2,179,0,"Turbo-fan"
"N740YX",2016,"Fixed wing multi engine","EMBRAER S A","ERJ 170-200 LR",2,88,0,"Turbo-fan"
"N741EV",2004,"Fixed wing multi engine","BOMBARDIER INC","CL-600-2C10",2,80,0,"Turbo-fan"
"N741UW",2000,"Fixed wing multi engine","AIRBUS INDUSTRIE","A319-112",2,179,0,"Turbo-fan"
"N741YX",2017,"Fixed wing multi engine","EMBRAER S A","ERJ 170-200 LR",2,88,0,"Turbo-fan"
"N742PS",2000,"Fixed wing multi engine","AIRBUS INDUSTRIE","A319-112",2,179,0,"Turbo-fan"
"N742SK",2005,"Fixed wing multi engine","BOMBARDIER INC","CL-600-2C10",2,80,0,"Turbo-fan"
"N742YX",2017,"Fixed wing multi engine","EMBRAER S A","ERJ 170-200 LR",2,88,0,"Turbo-fan"
"N743SK",2005,"Fixed wing multi engine","BOMBARDIER INC","CL-600-2C10",2,80,0,"Turbo-fan"
"N743YX",2017,"Fixed wing multi engine","EMBRAER","ERJ 170-200 LR",2,88,0,"Turbo-fan"
"N744EV",2004,"Fixed wing multi engine","BOMBARDIER INC","CL-600-2C10",2,80,0,"Turbo-fan"
"N744P",2000,"Fixed wing multi engine","AIRBUS INDUSTRIE","A319-112",2,179,0,"Turbo-fan"
"N744SK",2005,"Fixed wing multi engine","BOMBARDIER INC","CL-600-2C10",2,80,0,"Turbo-fan"
"N744YX",2017,"Fixed wing multi engine","EMBRAER S A","ERJ 170-200 LR",2,88,0,"Turbo-fan"
"N745SK",2005,"Fixed wing multi engine","BOMBARDIER INC","CL-600-2C10",2,80,0,"Turbo-fan"
"N745VJ",2000,"Fixed wing multi engine","AIRBUS INDUSTRIE","A319-112",2,179,0,"Turbo-fan"
"N745YX",2017,"Fixed wing multi engine","EMBRAER S A","ERJ 170-200 LR",2,88,0,"Turbo-fan"
"N746JB",2008,"Fixed wing multi engine","AIRBUS","A320-232",2,200,0,"Turbo-fan"
"N746SK",2005,"Fixed wing multi engine","BOMBARDIER INC","CL-600-2C10",2,80,0,"Turbo-fan"
"N746UW",2000,"Fixed wing multi engine","AIRBUS INDUSTRIE","A319-112",2,179,0,"Turbo-fan"
"N746YX",2017,"Fixed wing multi engine","EMBRAER S A","ERJ 170-200 LR",2,88,0,"Turbo-fan"
"N747UW",2000,"Fixed wing multi engine","AIRBUS INDUSTRIE","A319-112",2,179,0,"Turbo-fan"
"N747YX",2017,"Fixed wing multi engine","EMBRAER S A","ERJ 170-200 LR",2,88,0,"Turbo-fan"
"N748EV",2004,"Fixed wing multi engine","BOMBARDIER INC","CL-600-2C10",2,80,0,"Turbo-fan"
"N748SK",2005,"Fixed wing multi engine","BOMBARDIER INC","CL-600-2C10",2,80,0,"Turbo-fan"
"N748UW",2000,"Fixed wing multi engine","AIRBUS INDUSTRIE","A319-112",2,179,0,"Turbo-fan"
"N748YX",2017,"Fixed wing multi engine","EMBRAER S A","ERJ 170-200 LR",2,88,0,"Turbo-fan"
"N749SW",1999,"Fixed wing multi engine","BOEING","737-7H4",2,143,0,"Turbo-fan"
"N749US",2000,"Fixed wing multi engine","AIRBUS INDUSTRIE","A319-112",2,179,0,"Turbo-fan"
"N749YX",2017,"Fixed wing multi engine","EMBRAER","ERJ 170-200 LR",2,88,0,"Turbo-fan"
"N750EV",2004,"Fixed wing multi engine","BOMBARDIER INC","CL-600-2C10",2,80,0,"Turbo-fan"
"N750SK",2005,"Fixed wing multi engine","BOMBARDIER INC","CL-600-2C10",2,80,0,"Turbo-fan"
"N750UW",2000,"Fixed wing multi engine","AIRBUS INDUSTRIE","A319-112",2,179,0,"Turbo-fan"
"N750YX",2017,"Fixed wing multi engine","EMBRAER S A","ERJ 170-200 LR",2,88,0,"Turbo-fan"
"N751EV",2004,"Fixed wing multi engine","BOMBARDIER INC","CL-600-2C11",2,55,0,"Turbo-fan"
"N751SK",2005,"Fixed wing multi engine","BOMBARDIER INC","CL-600-2C10",2,80,0,"Turbo-fan"
"N751UW",2000,"Fixed wing multi engine","AIRBUS INDUSTRIE","A319-112",2,179,0,"Turbo-fan"
"N751YX",2017,"Fixed wing multi engine","EMBRAER S A","ERJ 170-200 LR",2,88,0,"Turbo-fan"
"N752EV",NA,"Fixed wing multi engine","BOMBARDIER INC","CL-600-2C10",2,80,0,"Turbo-fan"
"N752US",2000,"Fixed wing multi engine","AIRBUS INDUSTRIE","A319-112",2,179,0,"Turbo-fan"
"N752YX",2017,"Fixed wing multi engine","EMBRAER S A","ERJ 170-200 LR",2,88,0,"Turbo-fan"
"N753EV",2004,"Fixed wing multi engine","BOMBARDIER INC","CL-600-2C11",2,55,0,"Turbo-fan"
"N753SK",2005,"Fixed wing multi engine","BOMBARDIER INC","CL-600-2C10",2,80,0,"Turbo-fan"
"N753US",2000,"Fixed wing multi engine","AIRBUS INDUSTRIE","A319-112",2,179,0,"Turbo-fan"
"N75410",2001,"Fixed wing multi engine","BOEING","737-924",2,191,0,"Turbo-fan"
"N75425",2008,"Fixed wing multi engine","BOEING","737-924ER",2,191,0,"Turbo-fan"
"N75426",2008,"Fixed wing multi engine","BOEING","737-924ER",2,191,0,"Turbo-fan"
"N75428",2008,"Fixed wing multi engine","BOEING","737-924ER",2,191,0,"Turbo-fan"
"N75429",2008,"Fixed wing multi engine","BOEING","737-924ER",2,191,0,"Turbo-fan"
"N75432",2009,"Fixed wing multi engine","BOEING","737-924ER",2,191,0,"Turbo-fan"
"N75433",2009,"Fixed wing multi engine","BOEING","737-924ER",2,191,0,"Turbo-fan"
"N75435",2009,"Fixed wing multi engine","BOEING","737-924ER",2,191,0,"Turbo-fan"
"N75436",2009,"Fixed wing multi engine","BOEING","737-924ER",2,191,0,"Turbo-fan"
"N754EV",2004,"Fixed wing multi engine","BOMBARDIER INC","CL-600-2C10",2,80,0,"Turbo-fan"
"N754SK",2005,"Fixed wing multi engine","BOMBARDIER INC","CL-600-2C10",2,80,0,"Turbo-fan"
"N754UW",2000,"Fixed wing multi engine","AIRBUS INDUSTRIE","A319-112",2,179,0,"Turbo-fan"
"N755EV",NA,"Fixed wing multi engine","BOMBARDIER INC","CL-600-2C10",2,80,0,"Turbo-fan"
"N755SK",2005,"Fixed wing multi engine","BOMBARDIER INC","CL-600-2C10",2,80,0,"Turbo-fan"
"N755US",2000,"Fixed wing multi engine","AIRBUS INDUSTRIE","A319-112",2,179,0,"Turbo-fan"
"N756SK",2005,"Fixed wing multi engine","BOMBARDIER INC","CL-600-2C10",2,80,0,"Turbo-fan"
"N756US",2000,"Fixed wing multi engine","AIRBUS INDUSTRIE","A319-112",2,179,0,"Turbo-fan"
"N757LV",1999,"Fixed wing multi engine","BOEING","737-7H4",2,143,0,"Turbo-fan"
"N757UW",2000,"Fixed wing multi engine","AIRBUS INDUSTRIE","A319-112",2,179,0,"Turbo-fan"
"N758EV",2005,"Fixed wing multi engine","BOMBARDIER INC","CL-600-2C10",2,80,0,"Turbo-fan"
"N758SK",2005,"Fixed wing multi engine","BOMBARDIER INC","CL-600-2C10",2,80,0,"Turbo-fan"
"N758US",2000,"Fixed wing multi engine","AIRBUS INDUSTRIE","A319-112",2,179,0,"Turbo-fan"
"N759EV",2005,"Fixed wing multi engine","BOMBARDIER INC","CL-600-2C10",2,80,0,"Turbo-fan"
"N760EV",2005,"Fixed wing multi engine","BOMBARDIER INC","CL-600-2C10",2,80,0,"Turbo-fan"
"N760JB",2008,"Fixed wing multi engine","AIRBUS","A320-232",2,200,0,"Turbo-fan"
"N760SK",2005,"Fixed wing multi engine","BOMBARDIER INC","CL-600-2C10",2,80,0,"Turbo-fan"
"N760US",2000,"Fixed wing multi engine","AIRBUS INDUSTRIE","A319-112",2,179,0,"Turbo-fan"
"N761ND",2005,"Fixed wing multi engine","BOMBARDIER INC","CL-600-2C10",2,80,0,"Turbo-fan"
"N76254",2000,"Fixed wing multi engine","BOEING","737-824",2,149,0,"Turbo-fan"
"N76265",2001,"Fixed wing multi engine","BOEING","737-824",2,149,0,"Turbo-fan"
"N76269",2001,"Fixed wing multi engine","BOEING","737-824",2,149,0,"Turbo-fan"
"N76288",2004,"Fixed wing multi engine","BOEING","737-824",2,149,0,"Turbo-fan"
"N762SK",2005,"Fixed wing multi engine","BOMBARDIER INC","CL-600-2C11",2,55,0,"Turbo-fan"
"N762US",2000,"Fixed wing multi engine","AIRBUS INDUSTRIE","A319-112",2,179,0,"Turbo-fan"
"N763JB",2008,"Fixed wing multi engine","AIRBUS","A320-232",2,200,0,"Turbo-fan"
"N763SK",2005,"Fixed wing multi engine","BOMBARDIER INC","CL-600-2C10",2,80,0,"Turbo-fan"
"N763US",2000,"Fixed wing multi engine","AIRBUS INDUSTRIE","A319-112",2,179,0,"Turbo-fan"
"N764SK",2005,"Fixed wing multi engine","BOMBARDIER INC","CL-600-2C10",2,80,0,"Turbo-fan"
"N764US",2000,"Fixed wing multi engine","AIRBUS INDUSTRIE","A319-112",2,179,0,"Turbo-fan"
"N76502",2006,"Fixed wing multi engine","BOEING","737-824",2,149,0,"Turbo-fan"
"N76503",2006,"Fixed wing multi engine","BOEING","737-824",2,149,0,"Turbo-fan"
"N76504",2006,"Fixed wing multi engine","BOEING","737-824",2,149,0,"Turbo-fan"
"N76505",2006,"Fixed wing multi engine","BOEING","737-824",2,149,0,"Turbo-fan"
"N76508",2008,"Fixed wing multi engine","BOEING","737-824",2,149,0,"Turbo-fan"
"N76514",2008,"Fixed wing multi engine","BOEING","737-824",2,149,0,"Turbo-fan"
"N76515",2008,"Fixed wing multi engine","BOEING","737-824",2,149,0,"Turbo-fan"
"N76516",2008,"Fixed wing multi engine","BOEING","737-824",2,149,0,"Turbo-fan"
"N76517",2008,"Fixed wing multi engine","BOEING","737-824",2,149,0,"Turbo-fan"
"N76519",2010,"Fixed wing multi engine","BOEING","737-824",2,149,0,"Turbo-fan"
"N76522",2010,"Fixed wing multi engine","BOEING","737-824",2,149,0,"Turbo-fan"
"N76523",2010,"Fixed wing multi engine","BOEING","737-824",2,149,0,"Turbo-fan"
"N76526",2010,"Fixed wing multi engine","BOEING","737-824",2,149,0,"Turbo-fan"
"N76528",2010,"Fixed wing multi engine","BOEING","737-824",2,149,0,"Turbo-fan"
"N76529",2010,"Fixed wing multi engine","BOEING","737-824",2,149,0,"Turbo-fan"
"N76532",2016,"Fixed wing multi engine","BOEING","737-824",2,149,0,"Turbo-fan"
"N76533",2016,"Fixed wing multi engine","BOEING","737-824",2,149,0,"Turbo-fan"
"N765SK",2005,"Fixed wing multi engine","BOMBARDIER INC","CL-600-2C10",2,80,0,"Turbo-fan"
"N765SW",2000,"Fixed wing multi engine","BOEING","737-7H4",2,143,0,"Turbo-fan"
"N765US",2000,"Fixed wing multi engine","AIRBUS INDUSTRIE","A319-112",2,179,0,"Turbo-fan"
"N766JB",2008,"Fixed wing multi engine","AIRBUS","A320-232",2,200,0,"Turbo-fan"
"N766SK",2005,"Fixed wing multi engine","BOMBARDIER INC","CL-600-2C10",2,80,0,"Turbo-fan"
"N766US",2000,"Fixed wing multi engine","AIRBUS INDUSTRIE","A319-112",2,179,0,"Turbo-fan"
"N767SK",2005,"Fixed wing multi engine","BOMBARDIER INC","CL-600-2C11",2,55,0,"Turbo-fan"
"N767UW",2000,"Fixed wing multi engine","AIRBUS INDUSTRIE","A319-112",2,179,0,"Turbo-fan"
"N768JB",2009,"Fixed wing multi engine","AIRBUS","A320-232",2,200,0,"Turbo-fan"
"N768SK",2005,"Fixed wing multi engine","BOMBARDIER INC","CL-600-2C11",2,55,0,"Turbo-fan"
"N768US",2000,"Fixed wing multi engine","AIRBUS INDUSTRIE","A319-112",2,179,0,"Turbo-fan"
"N769US",2000,"Fixed wing multi engine","AIRBUS INDUSTRIE","A319-112",2,179,0,"Turbo-fan"
"N7702A",2004,"Fixed wing multi engine","BOEING","737-7BD",2,149,0,"Turbo-fan"
"N7704B",2004,"Fixed wing multi engine","BOEING","737-7BD",2,149,0,"Turbo-fan"
"N770SK",2006,"Fixed wing multi engine","BOMBARDIER INC","CL-600-2C10",2,80,0,"Turbo-fan"
"N770UW",2000,"Fixed wing multi engine","AIRBUS INDUSTRIE","A319-112",2,179,0,"Turbo-fan"
"N7713A",2005,"Fixed wing multi engine","BOEING","737-7BD",2,149,0,"Turbo-fan"
"N7715E",2005,"Fixed wing multi engine","BOEING","737-7BD",2,149,0,"Turbo-fan"
"N771SK",2006,"Fixed wing multi engine","BOMBARDIER INC","CL-600-2C11",2,55,0,"Turbo-fan"
"N771XF",2003,"Fixed wing multi engine","AIRBUS","A319-112",2,100,0,"Turbo-fan"
"N7721E",2006,"Fixed wing multi engine","BOEING","737-7BD",2,149,0,"Turbo-fan"
"N7723E",2006,"Fixed wing multi engine","BOEING","737-76N",2,149,0,"Turbo-fan"
"N7724A",2009,"Fixed wing multi engine","BOEING","737-7BD",2,149,0,"Turbo-fan"
"N77258",2000,"Fixed wing multi engine","BOEING","737-824",2,149,0,"Turbo-fan"
"N77261",2001,"Fixed wing multi engine","BOEING","737-824",2,149,0,"Turbo-fan"
"N77295",2005,"Fixed wing multi engine","BOEING","737-824",2,149,0,"Turbo-fan"
"N77296",2005,"Fixed wing multi engine","BOEING","737-824",2,149,0,"Turbo-fan"
"N7729A",2006,"Fixed wing multi engine","BOEING","737-76N",2,149,0,"Turbo-fan"
"N772SK",2005,"Fixed wing multi engine","BOMBARDIER INC","CL-600-2C10",2,80,0,"Turbo-fan"
"N772XF",2003,"Fixed wing multi engine","AIRBUS","A319-112",2,100,0,"Turbo-fan"
"N7731A",2006,"Fixed wing multi engine","BOEING","737-76N",2,149,0,"Turbo-fan"
"N7732A",2006,"Fixed wing multi engine","BOEING","737-7BD",2,149,0,"Turbo-fan"
"N7733B",2006,"Fixed wing multi engine","BOEING","737-76N",2,149,0,"Turbo-fan"
"N7734H",2006,"Fixed wing multi engine","BOEING","737-7BD",2,149,0,"Turbo-fan"
"N7735A",2006,"Fixed wing multi engine","BOEING","737-7BD",2,149,0,"Turbo-fan"
"N7736A",2006,"Fixed wing multi engine","BOEING","737-7BD",2,149,0,"Turbo-fan"
"N7737E",2006,"Fixed wing multi engine","BOEING","737-7BD",2,149,0,"Turbo-fan"
"N7738A",2006,"Fixed wing multi engine","BOEING","737-7BD",2,149,0,"Turbo-fan"
"N7739A",2006,"Fixed wing multi engine","BOEING","737-7BD",2,149,0,"Turbo-fan"
"N773SK",2005,"Fixed wing multi engine","BOMBARDIER INC","CL-600-2C11",2,55,0,"Turbo-fan"
"N773XF",2003,"Fixed wing multi engine","AIRBUS","A319-112",2,100,0,"Turbo-fan"
"N7740A",2007,"Fixed wing multi engine","BOEING","737-7BD",2,149,0,"Turbo-fan"
"N7741C",2007,"Fixed wing multi engine","BOEING","737-7BD",2,149,0,"Turbo-fan"
"N7742B",2007,"Fixed wing multi engine","BOEING","737-7BD",2,149,0,"Turbo-fan"
"N77430",2009,"Fixed wing multi engine","BOEING","737-924ER",2,191,0,"Turbo-fan"
"N77431",2009,"Fixed wing multi engine","BOEING","737-924ER",2,191,0,"Turbo-fan"
"N7743B",2008,"Fixed wing multi engine","BOEING","737-7BD",2,149,0,"Turbo-fan"
"N7744A",2007,"Fixed wing multi engine","BOEING","737-7BD",2,149,0,"Turbo-fan"
"N7745A",2007,"Fixed wing multi engine","BOEING","737-7BD",2,149,0,"Turbo-fan"
"N7746C",2007,"Fixed wing multi engine","BOEING","737-7BD",2,149,0,"Turbo-fan"
"N7747C",2007,"Fixed wing multi engine","BOEING","737-7BD",2,149,0,"Turbo-fan"
"N7748A",2007,"Fixed wing multi engine","BOEING","737-7BD",2,149,0,"Turbo-fan"
"N7749B",2009,"Fixed wing multi engine","BOEING","737-7BD",2,149,0,"Turbo-fan"
"N774DE",2012,"Fixed wing multi engine","BOEING","737-8EH",2,189,0,"Turbo-fan"
"N774SK",2006,"Fixed wing multi engine","BOMBARDIER INC","CL-600-2C10",2,80,0,"Turbo-fan"
"N774XF",2003,"Fixed wing multi engine","AIRBUS","A319-112",2,100,0,"Turbo-fan"
"N7750A",2008,"Fixed wing multi engine","BOEING","737-7BD",2,149,0,"Turbo-fan"
"N77510",2008,"Fixed wing multi engine","BOEING","737-824",2,149,0,"Turbo-fan"
"N77518",2008,"Fixed wing multi engine","BOEING","737-824",2,149,0,"Turbo-fan"
"N7751A",2008,"Fixed wing multi engine","BOEING","737-7BD",2,149,0,"Turbo-fan"
"N77520",2010,"Fixed wing multi engine","BOEING","737-824",2,149,0,"Turbo-fan"
"N77525",2010,"Fixed wing multi engine","BOEING","737-824",2,149,0,"Turbo-fan"
"N7752B",2008,"Fixed wing multi engine","BOEING","737-7BD",2,149,0,"Turbo-fan"
"N77530",2011,"Fixed wing multi engine","BOEING","737-824",2,149,0,"Turbo-fan"
"N77535",2016,"Fixed wing multi engine","BOEING","737-824",2,149,0,"Turbo-fan"
"N77536",2016,"Fixed wing multi engine","BOEING","737-824",2,149,0,"Turbo-fan"
"N77537",2016,"Fixed wing multi engine","BOEING","737-800",2,175,0,"Turbo-fan"
"N77538",2016,"Fixed wing multi engine","BOEING","737-800",2,175,0,"Turbo-fan"
"N77539",2017,"Fixed wing multi engine","BOEING","737-800",2,175,0,"Turbo-fan"
"N77542",2017,"Fixed wing multi engine","BOEING","737-800",2,175,0,"Turbo-fan"
"N775DE",2013,"Fixed wing multi engine","BOEING","737-8EH",2,189,0,"Turbo-fan"
"N775JB",2009,"Fixed wing multi engine","AIRBUS","A320-232",2,200,0,"Turbo-fan"
"N776DE",2013,"Fixed wing multi engine","BOEING","737-8EH",2,189,0,"Turbo-fan"
"N776SK",2006,"Fixed wing multi engine","BOMBARDIER INC","CL-600-2C10",2,80,0,"Turbo-fan"
"N776XF",2004,"Fixed wing multi engine","AIRBUS","A319-112",2,100,0,"Turbo-fan"
"N778SK",2006,"Fixed wing multi engine","BOMBARDIER INC","CL-600-2C11",2,55,0,"Turbo-fan"
"N778SW",2000,"Fixed wing multi engine","BOEING","737-7H4",2,143,0,"Turbo-fan"
"N778XF",2009,"Fixed wing multi engine","AIRBUS","A319-112",2,100,0,"Turbo-fan"
"N779JB",2009,"Fixed wing multi engine","AIRBUS","A320-232",2,200,0,"Turbo-fan"
"N779SK",2009,"Fixed wing multi engine","BOMBARDIER INC","CL-600-2C10",2,80,0,"Turbo-fan"
"N780SK",2009,"Fixed wing multi engine","BOMBARDIER INC","CL-600-2C10",2,80,0,"Turbo-fan"
"N7815L",2003,"Fixed wing multi engine","BOEING","737-76Q",2,149,0,"Turbo-fan"
"N7820L",2002,"Fixed wing multi engine","BOEING","737-79P",2,149,0,"Turbo-fan"
"N7821L",2003,"Fixed wing multi engine","BOEING","737-7CT",2,149,0,"Turbo-fan"
"N7823A",2003,"Fixed wing multi engine","BOEING","737-7CT",2,149,0,"Turbo-fan"
"N7824A",2001,"Fixed wing multi engine","BOEING","737-7BK",2,149,0,"Turbo-fan"
"N7825A",2003,"Fixed wing multi engine","BOEING","737-7CT",2,149,0,"Turbo-fan"
"N7826B",2003,"Fixed wing multi engine","BOEING","737-79P",2,149,0,"Turbo-fan"
"N7827A",2003,"Fixed wing multi engine","BOEING","737-79P",2,149,0,"Turbo-fan"
"N78285",2004,"Fixed wing multi engine","BOEING","737-824",2,149,0,"Turbo-fan"
"N7828A",2003,"Fixed wing multi engine","BOEING","737-7CT",2,149,0,"Turbo-fan"
"N7829B",2003,"Fixed wing multi engine","BOEING","737-7CT",2,149,0,"Turbo-fan"
"N782SK",2009,"Fixed wing multi engine","BOMBARDIER INC","CL-600-2C10",2,80,0,"Turbo-fan"
"N7831B",2003,"Fixed wing multi engine","BOEING","737-7CT",2,149,0,"Turbo-fan"
"N7832A",2003,"Fixed wing multi engine","BOEING","737-79P",2,149,0,"Turbo-fan"
"N7833A",2003,"Fixed wing multi engine","BOEING","737-79P",2,149,0,"Turbo-fan"
"N7835A",2005,"Fixed wing multi engine","BOEING","737-752",2,149,0,"Turbo-fan"
"N783SK",2009,"Fixed wing multi engine","BOMBARDIER INC","CL-600-2C11",2,55,0,"Turbo-fan"
"N783SW",2000,"Fixed wing multi engine","BOEING","737-7H4",2,143,0,"Turbo-fan"
"N7841A",2001,"Fixed wing multi engine","BOEING","737-7L9",2,149,0,"Turbo-fan"
"N78438",2009,"Fixed wing multi engine","BOEING","737-924ER",2,191,0,"Turbo-fan"
"N7843A",2006,"Fixed wing multi engine","BOEING","737-752",2,149,0,"Turbo-fan"
"N78448",2012,"Fixed wing multi engine","BOEING","737-924ER",2,191,0,"Turbo-fan"
"N7844A",2007,"Fixed wing multi engine","BOEING","737-752",2,149,0,"Turbo-fan"
"N7847A",2005,"Fixed wing multi engine","BOEING","737-752",2,149,0,"Turbo-fan"
"N7848A",2005,"Fixed wing multi engine","BOEING","737-752",2,149,0,"Turbo-fan"
"N784JB",2011,"Fixed wing multi engine","AIRBUS","A320-232",2,200,0,"Turbo-fan"
"N784SK",2009,"Fixed wing multi engine","BOMBARDIER INC","CL-600-2C10",2,80,0,"Turbo-fan"
"N78501",2006,"Fixed wing multi engine","BOEING","737-824",2,149,0,"Turbo-fan"
"N78506",2006,"Fixed wing multi engine","BOEING","737-824",2,149,0,"Turbo-fan"
"N78509",2008,"Fixed wing multi engine","BOEING","737-824",2,149,0,"Turbo-fan"
"N78511",2008,"Fixed wing multi engine","BOEING","737-824",2,149,0,"Turbo-fan"
"N78524",2010,"Fixed wing multi engine","BOEING","737-824",2,149,0,"Turbo-fan"
"N7852A",2006,"Fixed wing multi engine","BOEING","737-71B",2,149,0,"Turbo-fan"
"N78540",2017,"Fixed wing multi engine","BOEING","737-800",2,175,0,"Turbo-fan"
"N7854B",2006,"Fixed wing multi engine","BOEING","737-71B",2,149,0,"Turbo-fan"
"N7855A",2005,"Fixed wing multi engine","BOEING","737-79P",2,149,0,"Turbo-fan"
"N7857B",2005,"Fixed wing multi engine","BOEING","737-79P",2,149,0,"Turbo-fan"
"N7858A",2005,"Fixed wing multi engine","BOEING","737-79P",2,149,0,"Turbo-fan"
"N785SK",2009,"Fixed wing multi engine","BOMBARDIER INC","CL-600-2C11",2,55,0,"Turbo-fan"
"N7860A",2005,"Fixed wing multi engine","BOEING","737-79P",2,149,0,"Turbo-fan"
"N7861J",2005,"Fixed wing multi engine","BOEING","737-79P",2,149,0,"Turbo-fan"
"N7862A",2005,"Fixed wing multi engine","BOEING","737-79P",2,149,0,"Turbo-fan"
"N7863A",2002,"Fixed wing multi engine","BOEING","737-7Q8",2,149,0,"Turbo-fan"
"N7865A",2002,"Fixed wing multi engine","BOEING","737-7Q8",2,149,0,"Turbo-fan"
"N7866A",2002,"Fixed wing multi engine","BOEING","737-7Q8",2,149,0,"Turbo-fan"
"N7867A",NA,"Fixed wing multi engine","BOEING","737-7Q8",2,149,0,"Turbo-fan"
"N7868K",2001,"Fixed wing multi engine","BOEING","737-79P",2,149,0,"Turbo-fan"
"N7869A",2006,"Fixed wing multi engine","BOEING","737-79P",2,149,0,"Turbo-fan"
"N786SK",2009,"Fixed wing multi engine","BOMBARDIER INC","CL-600-2C10",2,80,0,"Turbo-fan"
"N7873A",2004,"Fixed wing multi engine","BOEING","737-7Q8",2,149,0,"Turbo-fan"
"N7874B",2004,"Fixed wing multi engine","BOEING","737-7Q8",2,149,0,"Turbo-fan"
"N7875A",2004,"Fixed wing multi engine","BOEING","737-7Q8",2,149,0,"Turbo-fan"
"N7876A",2004,"Fixed wing multi engine","BOEING","737-7Q8",2,149,0,"Turbo-fan"
"N7877H",2005,"Fixed wing multi engine","BOEING","737-7Q8",2,149,0,"Turbo-fan"
"N7878A",2005,"Fixed wing multi engine","BOEING","737-7K9",2,149,0,"Turbo-fan"
"N7879A",2005,"Fixed wing multi engine","BOEING","737-7K9",2,149,0,"Turbo-fan"
"N787SK",2009,"Fixed wing multi engine","BOMBARDIER INC","CL-600-2C10",2,80,0,"Turbo-fan"
"N7880D",2007,"Fixed wing multi engine","BOEING","737-7K5",2,151,0,"Turbo-fan"
"N7881A",2008,"Fixed wing multi engine","BOEING","737-7CT",2,149,0,"Turbo-fan"
"N7885A",2002,"Fixed wing multi engine","BOEING","737-76N",2,149,0,"Turbo-fan"
"N7886A",2007,"Fixed wing multi engine","BOEING","737-752",2,149,0,"Turbo-fan"
"N7887A",2007,"Fixed wing multi engine","BOEING","737-752",2,149,0,"Turbo-fan"
"N7888A",2007,"Fixed wing multi engine","BOEING","737-700",2,143,0,"Turbo-fan"
"N7889A",2005,"Fixed wing multi engine","BOEING","737-79L",2,149,0,"Turbo-fan"
"N788SK",2009,"Fixed wing multi engine","BOMBARDIER INC","CL-600-2C11",2,55,0,"Turbo-fan"
"N789JB",2011,"Fixed wing multi engine","AIRBUS","A320-232",2,200,0,"Turbo-fan"
"N789SK",2009,"Fixed wing multi engine","BOMBARDIER INC","CL-600-2C11",2,55,0,"Turbo-fan"
"N790SK",2009,"Fixed wing multi engine","BOMBARDIER INC","CL-600-2C11",2,55,0,"Turbo-fan"
"N791SK",2009,"Fixed wing multi engine","BOMBARDIER INC","CL-600-2C11",2,55,0,"Turbo-fan"
"N792SK",2009,"Fixed wing multi engine","BOMBARDIER INC","CL-600-2C11",2,55,0,"Turbo-fan"
"N793JB",2011,"Fixed wing multi engine","AIRBUS","A320-232",2,200,0,"Turbo-fan"
"N793SK",2009,"Fixed wing multi engine","BOMBARDIER INC","CL-600-2C11",2,55,0,"Turbo-fan"
"N79402",2001,"Fixed wing multi engine","BOEING","737-924",2,191,0,"Turbo-fan"
"N794JB",2011,"Fixed wing multi engine","AIRBUS","A320-232",2,200,0,"Turbo-fan"
"N794SK",2010,"Fixed wing multi engine","BOMBARDIER INC","CL-600-2C11",2,55,0,"Turbo-fan"
"N79521",2010,"Fixed wing multi engine","BOEING","737-824",2,149,0,"Turbo-fan"
"N79541",2017,"Fixed wing multi engine","BOEING","737-800",2,175,0,"Turbo-fan"
"N795SK",2010,"Fixed wing multi engine","BOMBARDIER INC","CL-600-2C11",2,55,0,"Turbo-fan"
"N796JB",2012,"Fixed wing multi engine","AIRBUS","A320-232",2,200,0,"Turbo-fan"
"N796SK",2010,"Fixed wing multi engine","BOMBARDIER INC","CL-600-2C11",2,55,0,"Turbo-fan"
"N797SK",2010,"Fixed wing multi engine","BOMBARDIER INC","CL-600-2C11",2,55,0,"Turbo-fan"
"N799SW",NA,"Fixed wing multi engine","BOEING","737-7Q8",2,149,0,"Turbo-fan"
"N8009T",2013,"Fixed wing multi engine","AIRBUS","A319-115",2,147,0,"Turbo-fan"
"N800AY",2004,"Fixed wing multi engine","BOMBARDIER INC","CL-600-2B19",2,55,0,"Turbo-fan"
"N800NN",2009,"Fixed wing multi engine","BOEING","737-823",2,162,0,"Turbo-fan"
"N800SK",2006,"Fixed wing multi engine","BOMBARDIER INC","CL-600-2D24",2,95,0,"Turbo-fan"
"N801AW",1998,"Fixed wing multi engine","AIRBUS INDUSTRIE","A319-132",2,179,0,"Turbo-jet"
"N801AY",2004,"Fixed wing multi engine","BOMBARDIER INC","CL-600-2B19",2,55,0,"Turbo-fan"
"N801DZ",2013,"Fixed wing multi engine","BOEING","737-932ER",2,222,0,"Turbo-fan"
"N801NN",2009,"Fixed wing multi engine","BOEING","737-823",2,162,0,"Turbo-fan"
"N801UA",1997,"Fixed wing multi engine","AIRBUS INDUSTRIE","A319-131",2,179,0,"Turbo-jet"
"N8027D",2015,"Fixed wing multi engine","AIRBUS","A319-115",2,147,0,"Turbo-fan"
"N802AW",1998,"Fixed wing multi engine","AIRBUS INDUSTRIE","A319-132",2,179,0,"Turbo-jet"
"N802DN",2013,"Fixed wing multi engine","BOEING","737-932ER",2,222,0,"Turbo-fan"
"N802NN",NA,"Fixed wing multi engine","BOEING","737-823",2,162,0,"Turbo-fan"
"N802SK",2006,"Fixed wing multi engine","BOMBARDIER INC","CL-600-2D24",2,95,0,"Turbo-fan"
"N802UA",1997,"Fixed wing multi engine","AIRBUS INDUSTRIE","A319-131",2,179,0,"Turbo-jet"
"N8030F",2015,"Fixed wing multi engine","AIRBUS","A319-115",2,147,0,"Turbo-fan"
"N8031M",2015,"Fixed wing multi engine","AIRBUS","A319-115",2,147,0,"Turbo-fan"
"N80343",2016,"Fixed wing multi engine","EMBRAER S A","ERJ 170-200 LR",2,88,0,"Turbo-fan"
"N80348",2016,"Fixed wing multi engine","EMBRAER S A","ERJ 170-200 LR",2,88,0,"Turbo-fan"
"N803AW",1998,"Fixed wing multi engine","AIRBUS INDUSTRIE","A319-132",2,179,0,"Turbo-jet"
"N803DN",2013,"Fixed wing multi engine","BOEING","737-932ER",2,222,0,"Turbo-fan"
"N803NN",NA,"Fixed wing multi engine","BOEING","737-823",2,162,0,"Turbo-fan"
"N803SK",2006,"Fixed wing multi engine","BOMBARDIER INC","CL-600-2D24",2,95,0,"Turbo-fan"
"N803UA",1997,"Fixed wing multi engine","AIRBUS INDUSTRIE","A319-131",2,179,0,"Turbo-jet"
"N804AW",1999,"Fixed wing multi engine","AIRBUS INDUSTRIE","A319-132",2,179,0,"Turbo-jet"
"N804DN",2013,"Fixed wing multi engine","BOEING","737-932ER",2,222,0,"Turbo-fan"
"N804JB",2012,"Fixed wing multi engine","AIRBUS","A320-232",2,200,0,"Turbo-fan"
"N804NN",NA,"Fixed wing multi engine","BOEING","737-823",2,162,0,"Turbo-fan"
"N804SK",2006,"Fixed wing multi engine","BOMBARDIER INC","CL-600-2D24",2,95,0,"Turbo-fan"
"N804UA",1997,"Fixed wing multi engine","AIRBUS INDUSTRIE","A319-131",2,179,0,"Turbo-jet"
"N805AW",1999,"Fixed wing multi engine","AIRBUS INDUSTRIE","A319-132",2,179,0,"Turbo-jet"
"N805DN",2013,"Fixed wing multi engine","BOEING","737-932ER",2,222,0,"Turbo-fan"
"N805JB",2012,"Fixed wing multi engine","AIRBUS","A320-232",2,200,0,"Turbo-fan"
"N805NN",2009,"Fixed wing multi engine","BOEING","737-823",2,162,0,"Turbo-fan"
"N805SK",2006,"Fixed wing multi engine","BOMBARDIER INC","CL-600-2D24",2,95,0,"Turbo-fan"
"N805UA",1998,"Fixed wing multi engine","AIRBUS INDUSTRIE","A319-131",2,179,0,"Turbo-jet"
"N806AE",2001,"Fixed wing multi engine","EMBRAER","EMB-135KL",2,37,0,"Turbo-fan"
"N806AW",1999,"Fixed wing multi engine","AIRBUS INDUSTRIE","A319-132",2,179,0,"Turbo-jet"
"N806DN",2013,"Fixed wing multi engine","BOEING","737-932ER",2,222,0,"Turbo-fan"
"N806JB",2012,"Fixed wing multi engine","AIRBUS","A320-232",2,200,0,"Turbo-fan"
"N806NN",2009,"Fixed wing multi engine","BOEING","737-823",2,162,0,"Turbo-fan"
"N806SK",2006,"Fixed wing multi engine","BOMBARDIER INC","CL-600-2D24",2,95,0,"Turbo-fan"
"N806UA",1998,"Fixed wing multi engine","AIRBUS INDUSTRIE","A319-131",2,179,0,"Turbo-jet"
"N807AW",1999,"Fixed wing multi engine","AIRBUS INDUSTRIE","A319-132",2,179,0,"Turbo-jet"
"N807DN",2013,"Fixed wing multi engine","BOEING","737-932ER",2,222,0,"Turbo-fan"
"N807NN",NA,"Fixed wing multi engine","BOEING","737-823",2,162,0,"Turbo-fan"
"N807SK",NA,"Fixed wing multi engine","BOMBARDIER INC","CL-600-2D24",2,95,0,"Turbo-fan"
"N807UA",1998,"Fixed wing multi engine","AIRBUS INDUSTRIE","A319-131",2,179,0,"Turbo-jet"
"N808AW",1999,"Fixed wing multi engine","AIRBUS INDUSTRIE","A319-132",2,179,0,"Turbo-jet"
"N808DN",2013,"Fixed wing multi engine","BOEING","737-932ER",2,222,0,"Turbo-fan"
"N808NN",NA,"Fixed wing multi engine","BOEING","737-823",2,162,0,"Turbo-fan"
"N808UA",1998,"Fixed wing multi engine","AIRBUS INDUSTRIE","A319-131",2,179,0,"Turbo-jet"
"N809AA",2015,"Fixed wing multi engine","BOEING","787-8",2,260,0,"Turbo-fan"
"N809AE",2001,"Fixed wing multi engine","EMBRAER","EMB-135KL",2,37,0,"Turbo-fan"
"N809AW",1999,"Fixed wing multi engine","AIRBUS INDUSTRIE","A319-132",2,179,0,"Turbo-jet"
"N809DN",2013,"Fixed wing multi engine","BOEING","737-932ER",2,222,0,"Turbo-fan"
"N809JB",2012,"Fixed wing multi engine","AIRBUS","A320-232",2,200,0,"Turbo-fan"
"N809NN",2009,"Fixed wing multi engine","BOEING","737-823",2,162,0,"Turbo-fan"
"N809SK",2006,"Fixed wing multi engine","BOMBARDIER INC","CL-600-2D24",2,95,0,"Turbo-fan"
"N809UA",1998,"Fixed wing multi engine","AIRBUS INDUSTRIE","A319-131",2,179,0,"Turbo-jet"
"N810AE",2001,"Fixed wing multi engine","EMBRAER","EMB-135KL",2,37,0,"Turbo-fan"
"N810AW",1999,"Fixed wing multi engine","AIRBUS INDUSTRIE","A319-132",2,179,0,"Turbo-jet"
"N810DN",2013,"Fixed wing multi engine","BOEING","737-932ER",2,222,0,"Turbo-fan"
"N810MD",2004,"Fixed wing multi engine","EMBRAER","ERJ 170-100SU",2,70,0,"Turbo-fan"
"N810NN",2009,"Fixed wing multi engine","BOEING","737-823",2,162,0,"Turbo-fan"
"N810SK",NA,"Fixed wing multi engine","BOMBARDIER INC","CL-600-2D24",2,95,0,"Turbo-fan"
"N810UA",1998,"Fixed wing multi engine","AIRBUS INDUSTRIE","A319-131",2,179,0,"Turbo-jet"
"N811DZ",2013,"Fixed wing multi engine","BOEING","737-932ER",2,222,0,"Turbo-fan"
"N811NN",2009,"Fixed wing multi engine","BOEING","737-823",2,162,0,"Turbo-fan"
"N811UA",1998,"Fixed wing multi engine","AIRBUS INDUSTRIE","A319-131",2,179,0,"Turbo-jet"
"N812AW",2000,"Fixed wing multi engine","AIRBUS INDUSTRIE","A319-132",2,179,0,"Turbo-jet"
"N812DN",2013,"Fixed wing multi engine","BOEING","737-932ER",2,222,0,"Turbo-fan"
"N812NN",2009,"Fixed wing multi engine","BOEING","737-823",2,162,0,"Turbo-fan"
"N812SK",NA,"Fixed wing multi engine","BOMBARDIER INC","CL-600-2D24",2,95,0,"Turbo-fan"
"N812UA",1998,"Fixed wing multi engine","AIRBUS INDUSTRIE","A319-131",2,179,0,"Turbo-jet"
"N813AW",2000,"Fixed wing multi engine","AIRBUS INDUSTRIE","A319-132",2,179,0,"Turbo-jet"
"N813DN",2014,"Fixed wing multi engine","BOEING","737-932ER",2,222,0,"Turbo-fan"
"N813NN",2009,"Fixed wing multi engine","BOEING","737-823",2,162,0,"Turbo-fan"
"N813SK",2006,"Fixed wing multi engine","BOMBARDIER INC","CL-600-2D24",2,95,0,"Turbo-fan"
"N813UA",1998,"Fixed wing multi engine","AIRBUS INDUSTRIE","A319-131",2,179,0,"Turbo-jet"
"N81449",2012,"Fixed wing multi engine","BOEING","737-924ER",2,191,0,"Turbo-fan"
"N814AW",2000,"Fixed wing multi engine","AIRBUS INDUSTRIE","A319-132",2,179,0,"Turbo-jet"
"N814DN",2014,"Fixed wing multi engine","BOEING","737-932ER",2,222,0,"Turbo-fan"
"N814NN",2009,"Fixed wing multi engine","BOEING","737-823",2,162,0,"Turbo-fan"
"N814SK",NA,"Fixed wing multi engine","BOMBARDIER INC","CL-600-2D24",2,95,0,"Turbo-fan"
"N814UA",1998,"Fixed wing multi engine","AIRBUS INDUSTRIE","A319-131",2,179,0,"Turbo-jet"
"N815AE",2002,"Fixed wing multi engine","EMBRAER","EMB-135KL",2,37,0,"Turbo-fan"
"N815AW",2000,"Fixed wing multi engine","AIRBUS INDUSTRIE","A319-132",2,179,0,"Turbo-jet"
"N815DN",2014,"Fixed wing multi engine","BOEING","737-932ER",2,222,0,"Turbo-fan"
"N815MD",2004,"Fixed wing multi engine","EMBRAER","ERJ 170-100SU",2,70,0,"Turbo-fan"
"N815NN",2009,"Fixed wing multi engine","BOEING","737-823",2,162,0,"Turbo-fan"
"N815SK",NA,"Fixed wing multi engine","BOMBARDIER INC","CL-600-2D24",2,95,0,"Turbo-fan"
"N815UA",1998,"Fixed wing multi engine","AIRBUS INDUSTRIE","A319-131",2,179,0,"Turbo-jet"
"N816AW",2000,"Fixed wing multi engine","AIRBUS INDUSTRIE","A319-132",2,179,0,"Turbo-jet"
"N816DN",2014,"Fixed wing multi engine","BOEING","737-932ER",2,222,0,"Turbo-fan"
"N816NN",2009,"Fixed wing multi engine","BOEING","737-823",2,162,0,"Turbo-fan"
"N816SK",2006,"Fixed wing multi engine","BOMBARDIER INC","CL-600-2D24",2,95,0,"Turbo-fan"
"N816UA",1998,"Fixed wing multi engine","AIRBUS INDUSTRIE","A319-131",2,179,0,"Turbo-jet"
"N817AW",2000,"Fixed wing multi engine","AIRBUS INDUSTRIE","A319-132",2,179,0,"Turbo-jet"
"N817DN",2014,"Fixed wing multi engine","BOEING","737-932ER",2,222,0,"Turbo-fan"
"N817NN",2009,"Fixed wing multi engine","BOEING","737-823",2,162,0,"Turbo-fan"
"N817SK",2006,"Fixed wing multi engine","BOMBARDIER INC","CL-600-2D24",2,95,0,"Turbo-fan"
"N817UA",1998,"Fixed wing multi engine","AIRBUS INDUSTRIE","A319-131",2,179,0,"Turbo-jet"
"N818AW",2000,"Fixed wing multi engine","AIRBUS INDUSTRIE","A319-132",2,179,0,"Turbo-jet"
"N818DA",2014,"Fixed wing multi engine","BOEING","737-932ER",2,222,0,"Turbo-fan"
"N818MD",NA,"Fixed wing multi engine","EMBRAER","ERJ 170-100SU",2,70,0,"Turbo-fan"
"N818NN",2009,"Fixed wing multi engine","BOEING","737-823",2,162,0,"Turbo-fan"
"N818UA",1998,"Fixed wing multi engine","AIRBUS INDUSTRIE","A319-131",2,179,0,"Turbo-jet"
"N819AE",NA,"Fixed wing multi engine","EMBRAER","EMB-135KL",2,37,0,"Turbo-fan"
"N819AW",2000,"Fixed wing multi engine","AIRBUS INDUSTRIE","A319-132",2,179,0,"Turbo-jet"
"N819AY",2005,"Fixed wing multi engine","BOMBARDIER INC","CL-600-2B19",2,55,0,"Turbo-fan"
"N819DN",2014,"Fixed wing multi engine","BOEING","737-932ER",2,222,0,"Turbo-fan"
"N819NN",2009,"Fixed wing multi engine","BOEING","737-823",2,162,0,"Turbo-fan"
"N819UA",1998,"Fixed wing multi engine","AIRBUS INDUSTRIE","A319-131",2,179,0,"Turbo-jet"
"N820AW",2000,"Fixed wing multi engine","AIRBUS INDUSTRIE","A319-132",2,179,0,"Turbo-jet"
"N820AY",2005,"Fixed wing multi engine","BOMBARDIER INC","CL-600-2B19",2,55,0,"Turbo-fan"
"N820DN",2014,"Fixed wing multi engine","BOEING","737-932ER",2,222,0,"Turbo-fan"
"N820NN",2009,"Fixed wing multi engine","BOEING","737-823",2,162,0,"Turbo-fan"
"N820SK",2006,"Fixed wing multi engine","BOMBARDIER INC","CL-600-2D24",2,95,0,"Turbo-fan"
"N820UA",1998,"Fixed wing multi engine","AIRBUS INDUSTRIE","A319-131",2,179,0,"Turbo-jet"
"N821AE",2002,"Fixed wing multi engine","EMBRAER","EMB-135KL",2,37,0,"Turbo-fan"
"N821AW",2000,"Fixed wing multi engine","AIRBUS INDUSTRIE","A319-132",2,179,0,"Turbo-jet"
"N821DN",2014,"Fixed wing multi engine","BOEING","737-932ER",2,222,0,"Turbo-fan"
"N821JB",2012,"Fixed wing multi engine","AIRBUS","A320-232",2,200,0,"Turbo-fan"
"N821NN",2010,"Fixed wing multi engine","BOEING","737-823",2,162,0,"Turbo-fan"
"N821SK",2007,"Fixed wing multi engine","BOMBARDIER INC","CL-600-2D24",2,95,0,"Turbo-fan"
"N821UA",1998,"Fixed wing multi engine","AIRBUS INDUSTRIE","A319-131",2,179,0,"Turbo-jet"
"N822AE",2002,"Fixed wing multi engine","EMBRAER","EMB-135KL",2,37,0,"Turbo-fan"
"N822AW",2000,"Fixed wing multi engine","AIRBUS INDUSTRIE","A319-132",2,179,0,"Turbo-jet"
"N822DN",2014,"Fixed wing multi engine","BOEING","737-932ER",2,222,0,"Turbo-fan"
"N822NN",2010,"Fixed wing multi engine","BOEING","737-823",2,162,0,"Turbo-fan"
"N822SK",2008,"Fixed wing multi engine","BOMBARDIER INC","CL-600-2D24",2,95,0,"Turbo-fan"
"N822UA",1998,"Fixed wing multi engine","AIRBUS INDUSTRIE","A319-131",2,179,0,"Turbo-jet"
"N82314",2014,"Fixed wing multi engine","EMBRAER S A","ERJ 170-200 LL",2,88,0,"Turbo-fan"
"N82333",2015,"Fixed wing multi engine","EMBRAER S A","ERJ 170-200 LR",2,88,0,"Turbo-fan"
"N82338",2016,"Fixed wing multi engine","EMBRAER S A","ERJ 170-200 LL",2,88,0,"Turbo-fan"
"N823DN",2014,"Fixed wing multi engine","BOEING","737-932ER",2,222,0,"Turbo-fan"
"N823MD",2005,"Fixed wing multi engine","EMBRAER","ERJ 170-100SU",2,70,0,"Turbo-fan"
"N823NN",2010,"Fixed wing multi engine","BOEING","737-823",2,162,0,"Turbo-fan"
"N823SK",2008,"Fixed wing multi engine","BOMBARDIER INC","CL-600-2D24",2,95,0,"Turbo-fan"
"N823UA",1998,"Fixed wing multi engine","AIRBUS INDUSTRIE","A319-131",2,179,0,"Turbo-jet"
"N824AW",2001,"Fixed wing multi engine","AIRBUS INDUSTRIE","A319-132",2,179,0,"Turbo-jet"
"N824DN",2014,"Fixed wing multi engine","BOEING","737-932ER",2,222,0,"Turbo-fan"
"N824MD",2005,"Fixed wing multi engine","EMBRAER","ERJ 170-100SU",2,70,0,"Turbo-fan"
"N824NN",2010,"Fixed wing multi engine","BOEING","737-823",2,162,0,"Turbo-fan"
"N824SK",2008,"Fixed wing multi engine","BOMBARDIER INC","CL-600-2D24",2,95,0,"Turbo-fan"
"N824UA",1999,"Fixed wing multi engine","AIRBUS INDUSTRIE","A319-131",2,179,0,"Turbo-jet"
"N825AE",2002,"Fixed wing multi engine","EMBRAER","EMB-135KL",2,37,0,"Turbo-fan"
"N825AW",2001,"Fixed wing multi engine","AIRBUS INDUSTRIE","A319-132",2,179,0,"Turbo-jet"
"N825DN",2014,"Fixed wing multi engine","BOEING","737-932ER",2,222,0,"Turbo-fan"
"N825NN",2010,"Fixed wing multi engine","BOEING","737-823",2,162,0,"Turbo-fan"
"N825SK",2009,"Fixed wing multi engine","BOMBARDIER INC","CL-600-2D24",2,95,0,"Turbo-fan"
"N825UA",1999,"Fixed wing multi engine","AIRBUS INDUSTRIE","A319-131",2,179,0,"Turbo-jet"
"N826AE",2002,"Fixed wing multi engine","EMBRAER","EMB-135KL",2,37,0,"Turbo-fan"
"N826AW",NA,"Fixed wing multi engine","AIRBUS INDUSTRIE","A319-132",2,179,0,"Turbo-jet"
"N826DN",2014,"Fixed wing multi engine","BOEING","737-932ER",2,222,0,"Turbo-fan"
"N826NN",2010,"Fixed wing multi engine","BOEING","737-823",2,162,0,"Turbo-fan"
"N826SK",2018,"Fixed wing multi engine","BOMBARDIER INC","CL-600-2D24",2,95,0,"Turbo-fan"
"N826UA",1999,"Fixed wing multi engine","AIRBUS INDUSTRIE","A319-131",2,179,0,"Turbo-jet"
"N827AW",2001,"Fixed wing multi engine","AIRBUS INDUSTRIE","A319-132",2,179,0,"Turbo-jet"
"N827DN",2014,"Fixed wing multi engine","BOEING","737-932ER",2,222,0,"Turbo-fan"
"N827JB",2013,"Fixed wing multi engine","AIRBUS","A320-232",2,200,0,"Turbo-fan"
"N827NN",2010,"Fixed wing multi engine","BOEING","737-823",2,162,0,"Turbo-fan"
"N827SK",2018,"Fixed wing multi engine","BOMBARDIER INC","CL-600-2D24",2,95,0,"Turbo-fan"
"N827UA",1999,"Fixed wing multi engine","AIRBUS INDUSTRIE","A319-131",2,179,0,"Turbo-jet"
"N828AW",NA,"Fixed wing multi engine","AIRBUS INDUSTRIE","A319-132",2,179,0,"Turbo-jet"
"N828DN",2014,"Fixed wing multi engine","BOEING","737-932ER",2,222,0,"Turbo-fan"
"N828JB",2013,"Fixed wing multi engine","AIRBUS","A320-232",2,200,0,"Turbo-fan"
"N828UA",1999,"Fixed wing multi engine","AIRBUS INDUSTRIE","A319-131",2,179,0,"Turbo-jet"
"N829AW",NA,"Fixed wing multi engine","AIRBUS INDUSTRIE","A319-132",2,179,0,"Turbo-jet"
"N829DN",2014,"Fixed wing multi engine","BOEING","737-932ER",2,222,0,"Turbo-fan"
"N829NN",2010,"Fixed wing multi engine","BOEING","737-823",2,162,0,"Turbo-fan"
"N829SK",2018,"Fixed wing multi engine","BOMBARDIER INC","CL-600-2D24",2,95,0,"Turbo-fan"
"N829UA",2000,"Fixed wing multi engine","AIRBUS INDUSTRIE","A319-131",2,179,0,"Turbo-jet"
"N8301J",2012,"Fixed wing multi engine","BOEING","737-8H4",2,143,0,"Turbo-fan"
"N8302F",2012,"Fixed wing multi engine","BOEING","737-8H4",2,143,0,"Turbo-fan"
"N8303R",2012,"Fixed wing multi engine","BOEING","737-8H4",2,143,0,"Turbo-fan"
"N8305E",2012,"Fixed wing multi engine","BOEING","737-8H4",2,143,0,"Turbo-fan"
"N8306H",2012,"Fixed wing multi engine","BOEING","737-8H4",2,143,0,"Turbo-fan"
"N8307K",2012,"Fixed wing multi engine","BOEING","737-8H4",2,143,0,"Turbo-fan"
"N8308K",2012,"Fixed wing multi engine","BOEING","737-8H4",2,143,0,"Turbo-fan"
"N8309C",2012,"Fixed wing multi engine","BOEING","737-8H4",2,143,0,"Turbo-fan"
"N830AE",2002,"Fixed wing multi engine","EMBRAER","EMB-135KL",2,37,0,"Turbo-fan"
"N830AW",NA,"Fixed wing multi engine","AIRBUS INDUSTRIE","A319-132",2,179,0,"Turbo-jet"
"N830DN",2014,"Fixed wing multi engine","BOEING","737-932ER",2,222,0,"Turbo-fan"
"N830NN",2010,"Fixed wing multi engine","BOEING","737-823",2,162,0,"Turbo-fan"
"N830SK",2018,"Fixed wing multi engine","BOMBARDIER INC","CL-600-2D24",2,95,0,"Turbo-fan"
"N830UA",2000,"Fixed wing multi engine","AIRBUS INDUSTRIE","A319-131",2,179,0,"Turbo-jet"
"N8310C",2012,"Fixed wing multi engine","BOEING","737-8H4",2,143,0,"Turbo-fan"
"N8311Q",2012,"Fixed wing multi engine","BOEING","737-8H4",2,143,0,"Turbo-fan"
"N8312C",2012,"Fixed wing multi engine","BOEING","737-8H4",2,143,0,"Turbo-fan"
"N8313F",2012,"Fixed wing multi engine","BOEING","737-8H4",2,143,0,"Turbo-fan"
"N8314L",2012,"Fixed wing multi engine","BOEING","737-8H4",2,143,0,"Turbo-fan"
"N8315C",2012,"Fixed wing multi engine","BOEING","737-8H4",2,143,0,"Turbo-fan"
"N8316H",2012,"Fixed wing multi engine","BOEING","737-8H4",2,143,0,"Turbo-fan"
"N8317M",2012,"Fixed wing multi engine","BOEING","737-8H4",2,143,0,"Turbo-fan"
"N8318F",2012,"Fixed wing multi engine","BOEING","737-8H4",2,143,0,"Turbo-fan"
"N8319F",2012,"Fixed wing multi engine","BOEING","737-8H4",2,143,0,"Turbo-fan"
"N831AE",2002,"Fixed wing multi engine","EMBRAER","EMB-135KL",2,37,0,"Turbo-fan"
"N831AW",2001,"Fixed wing multi engine","AIRBUS INDUSTRIE","A319-132",2,179,0,"Turbo-jet"
"N831DN",2014,"Fixed wing multi engine","BOEING","737-932ER",2,222,0,"Turbo-fan"
"N831NN",2010,"Fixed wing multi engine","BOEING","737-823",2,162,0,"Turbo-fan"
"N831SK",2018,"Fixed wing multi engine","BOMBARDIER INC","CL-600-2D24",2,95,0,"Turbo-fan"
"N831UA",2000,"Fixed wing multi engine","AIRBUS INDUSTRIE","A319-131",2,179,0,"Turbo-jet"
"N8320J",2012,"Fixed wing multi engine","BOEING","737-8H4",2,143,0,"Turbo-fan"
"N8321D",2012,"Fixed wing multi engine","BOEING","737-8H4",2,143,0,"Turbo-fan"
"N8322X",2012,"Fixed wing multi engine","BOEING","737-8H4",2,143,0,"Turbo-fan"
"N8323C",2012,"Fixed wing multi engine","BOEING","737-8H4",2,143,0,"Turbo-fan"
"N8324A",2012,"Fixed wing multi engine","BOEING","737-8H4",2,143,0,"Turbo-fan"
"N8325D",2012,"Fixed wing multi engine","BOEING","737-8H4",2,143,0,"Turbo-fan"
"N8326F",2012,"Fixed wing multi engine","BOEING","737-8H4",2,143,0,"Turbo-fan"
"N8327A",2012,"Fixed wing multi engine","BOEING","737-8H4",2,143,0,"Turbo-fan"
"N8328A",2012,"Fixed wing multi engine","BOEING","737-8H4",2,143,0,"Turbo-fan"
"N8329B",2012,"Fixed wing multi engine","BOEING","737-8H4",2,143,0,"Turbo-fan"
"N832AW",2001,"Fixed wing multi engine","AIRBUS INDUSTRIE","A319-132",2,179,0,"Turbo-jet"
"N832AY",2005,"Fixed wing multi engine","BOMBARDIER INC","CL-600-2B19",2,55,0,"Turbo-fan"
"N832DN",2015,"Fixed wing multi engine","BOEING","737-932ER",2,222,0,"Turbo-fan"
"N832NN",2010,"Fixed wing multi engine","BOEING","737-823",2,162,0,"Turbo-fan"
"N832SK",2019,"Fixed wing multi engine","BOMBARDIER INC","CL-600-2D24",2,95,0,"Turbo-fan"
"N832UA",2000,"Fixed wing multi engine","AIRBUS INDUSTRIE","A319-131",2,179,0,"Turbo-jet"
"N83329",2015,"Fixed wing multi engine","EMBRAER S A","ERJ 170-200 LL",2,88,0,"Turbo-fan"
"N833AE",2002,"Fixed wing multi engine","EMBRAER","EMB-135KL",2,37,0,"Turbo-fan"
"N833AW",2002,"Fixed wing multi engine","AIRBUS","A319-132",2,179,0,"Turbo-fan"
"N833DN",2015,"Fixed wing multi engine","BOEING","737-932ER",2,222,0,"Turbo-fan"
"N833NN",2010,"Fixed wing multi engine","BOEING","737-823",2,162,0,"Turbo-fan"
"N833SK",2019,"Fixed wing multi engine","BOMBARDIER INC","CL-600-2D24",2,95,0,"Turbo-fan"
"N833UA",2000,"Fixed wing multi engine","AIRBUS INDUSTRIE","A319-131",2,179,0,"Turbo-jet"
"N834AW",NA,"Fixed wing multi engine","AIRBUS","A319-132",2,179,0,"Turbo-fan"
"N834AY",2005,"Fixed wing multi engine","BOMBARDIER INC","CL-600-2B19",2,55,0,"Turbo-fan"
"N834DN",2015,"Fixed wing multi engine","BOEING","737-932ER",2,222,0,"Turbo-fan"
"N834JB",2013,"Fixed wing multi engine","AIRBUS","A320-232",2,200,0,"Turbo-fan"
"N834NN",2010,"Fixed wing multi engine","BOEING","737-823",2,162,0,"Turbo-fan"
"N834SK",2019,"Fixed wing multi engine","BOMBARDIER INC","CL-600-2D24",2,95,0,"Turbo-fan"
"N834UA",2001,"Fixed wing multi engine","AIRBUS INDUSTRIE","A319-131",2,179,0,"Turbo-jet"
"N835AW",NA,"Fixed wing multi engine","AIRBUS","A319-132",2,179,0,"Turbo-fan"
"N835AY",2005,"Fixed wing multi engine","BOMBARDIER INC","CL-600-2B19",2,55,0,"Turbo-fan"
"N835DN",2015,"Fixed wing multi engine","BOEING","737-932ER",2,222,0,"Turbo-fan"
"N835NN",2010,"Fixed wing multi engine","BOEING","737-823",2,162,0,"Turbo-fan"
"N835UA",2001,"Fixed wing multi engine","AIRBUS INDUSTRIE","A319-131",2,179,0,"Turbo-jet"
"N836AE",2002,"Fixed wing multi engine","EMBRAER","EMB-135KL",2,37,0,"Turbo-fan"
"N836AW",2005,"Fixed wing multi engine","AIRBUS","A319-132",2,179,0,"Turbo-fan"
"N836AY",2005,"Fixed wing multi engine","BOMBARDIER INC","CL-600-2B19",2,55,0,"Turbo-fan"
"N836DN",2015,"Fixed wing multi engine","BOEING","737-932ER",2,222,0,"Turbo-fan"
"N836NN",2010,"Fixed wing multi engine","BOEING","737-823",2,162,0,"Turbo-fan"
"N836SK",2019,"Fixed wing multi engine","BOMBARDIER INC","CL-600-2D24",2,95,0,"Turbo-fan"
"N836UA",2001,"Fixed wing multi engine","AIRBUS INDUSTRIE","A319-131",2,179,0,"Turbo-jet"
"N837AE",2002,"Fixed wing multi engine","EMBRAER","EMB-135KL",2,37,0,"Turbo-fan"
"N837AW",2005,"Fixed wing multi engine","AIRBUS","A319-132",2,179,0,"Turbo-fan"
"N837DN",2015,"Fixed wing multi engine","BOEING","737-932ER",2,222,0,"Turbo-fan"
"N837NN",2010,"Fixed wing multi engine","BOEING","737-823",2,162,0,"Turbo-fan"
"N837SK",2019,"Fixed wing multi engine","BOMBARDIER INC","CL-600-2D24",2,95,0,"Turbo-fan"
"N837UA",2001,"Fixed wing multi engine","AIRBUS INDUSTRIE","A319-131",2,179,0,"Turbo-jet"
"N837VA",2011,"Fixed wing multi engine","AIRBUS","A320-214",2,182,0,"Turbo-fan"
"N838AE",2002,"Fixed wing multi engine","EMBRAER","EMB-135KL",2,37,0,"Turbo-fan"
"N838AW",2005,"Fixed wing multi engine","AIRBUS","A319-132",2,179,0,"Turbo-fan"
"N838DN",2015,"Fixed wing multi engine","BOEING","737-932ER",2,222,0,"Turbo-fan"
"N838NN",2010,"Fixed wing multi engine","BOEING","737-823",2,162,0,"Turbo-fan"
"N838SK",2019,"Fixed wing multi engine","BOMBARDIER INC","CL-600-2D24",2,95,0,"Turbo-fan"
"N838UA",2001,"Fixed wing multi engine","AIRBUS INDUSTRIE","A319-131",2,179,0,"Turbo-jet"
"N839AW",2006,"Fixed wing multi engine","AIRBUS","A319-132",2,179,0,"Turbo-fan"
"N839DN",2015,"Fixed wing multi engine","BOEING","737-932ER",2,222,0,"Turbo-fan"
"N839NN",2010,"Fixed wing multi engine","BOEING","737-823",2,162,0,"Turbo-fan"
"N839SK",2019,"Fixed wing multi engine","BOMBARDIER INC","CL-600-2D24",2,95,0,"Turbo-fan"
"N839UA",2001,"Fixed wing multi engine","AIRBUS INDUSTRIE","A319-131",2,179,0,"Turbo-jet"
"N840AE",2002,"Fixed wing multi engine","EMBRAER","EMB-135KL",2,37,0,"Turbo-fan"
"N840AW",2006,"Fixed wing multi engine","AIRBUS","A319-132",2,179,0,"Turbo-fan"
"N840AY",2005,"Fixed wing multi engine","BOMBARDIER INC","CL-600-2B19",2,55,0,"Turbo-fan"
"N840DN",2015,"Fixed wing multi engine","BOEING","737-932ER",2,222,0,"Turbo-fan"
"N840NN",2010,"Fixed wing multi engine","BOEING","737-823",2,162,0,"Turbo-fan"
"N840UA",2001,"Fixed wing multi engine","AIRBUS INDUSTRIE","A319-131",2,179,0,"Turbo-jet"
"N841DN",2015,"Fixed wing multi engine","BOEING","737-932ER",2,222,0,"Turbo-fan"
"N841NN",2010,"Fixed wing multi engine","BOEING","737-823",2,162,0,"Turbo-fan"
"N841UA",2001,"Fixed wing multi engine","AIRBUS INDUSTRIE","A319-131",2,179,0,"Turbo-jet"
"N842AE",2002,"Fixed wing multi engine","EMBRAER","EMB-135KL",2,37,0,"Turbo-fan"
"N842DN",2015,"Fixed wing multi engine","BOEING","737-932ER",2,222,0,"Turbo-fan"
"N842NN",2010,"Fixed wing multi engine","BOEING","737-823",2,162,0,"Turbo-fan"
"N842UA",2001,"Fixed wing multi engine","AIRBUS INDUSTRIE","A319-131",2,179,0,"Turbo-jet"
"N84307",2014,"Fixed wing multi engine","EMBRAER S A","ERJ 170-200 LR",2,88,0,"Turbo-fan"
"N843DN",2015,"Fixed wing multi engine","BOEING","737-932ER",2,222,0,"Turbo-fan"
"N843NN",2010,"Fixed wing multi engine","BOEING","737-823",2,162,0,"Turbo-fan"
"N843UA",2001,"Fixed wing multi engine","AIRBUS INDUSTRIE","A319-131",2,179,0,"Turbo-jet"
"N844DN",2015,"Fixed wing multi engine","BOEING","737-932ER",2,222,0,"Turbo-fan"
"N844NN",2010,"Fixed wing multi engine","BOEING","737-823",2,162,0,"Turbo-fan"
"N844UA",2001,"Fixed wing multi engine","AIRBUS INDUSTRIE","A319-131",2,179,0,"Turbo-jet"
"N845DN",2015,"Fixed wing multi engine","BOEING","737-932ER",2,222,0,"Turbo-fan"
"N845NN",2010,"Fixed wing multi engine","BOEING","737-823",2,162,0,"Turbo-fan"
"N845UA",2001,"Fixed wing multi engine","AIRBUS INDUSTRIE","A319-131",2,179,0,"Turbo-jet"
"N846AE",2003,"Fixed wing multi engine","EMBRAER","EMB-135KL",2,37,0,"Turbo-fan"
"N846DN",2015,"Fixed wing multi engine","BOEING","737-932ER",2,222,0,"Turbo-fan"
"N846NN",2010,"Fixed wing multi engine","BOEING","737-823",2,162,0,"Turbo-fan"
"N846UA",2001,"Fixed wing multi engine","AIRBUS INDUSTRIE","A319-131",2,179,0,"Turbo-jet"
"N847DN",2015,"Fixed wing multi engine","BOEING","737-932ER",2,222,0,"Turbo-fan"
"N847NN",2010,"Fixed wing multi engine","BOEING","737-823",2,162,0,"Turbo-fan"
"N847UA",2001,"Fixed wing multi engine","AIRBUS INDUSTRIE","A319-131",2,179,0,"Turbo-jet"
"N848AE",2003,"Fixed wing multi engine","EMBRAER","EMB-135KL",2,37,0,"Turbo-fan"
"N848DN",2015,"Fixed wing multi engine","BOEING","737-932ER",2,222,0,"Turbo-fan"
"N848NN",2010,"Fixed wing multi engine","BOEING","737-823",2,162,0,"Turbo-fan"
"N848UA",2002,"Fixed wing multi engine","AIRBUS INDUSTRIE","A319-131",2,179,0,"Turbo-jet"
"N849AE",2003,"Fixed wing multi engine","EMBRAER","EMB-135KL",2,37,0,"Turbo-fan"
"N849DN",2015,"Fixed wing multi engine","BOEING","737-932ER",2,222,0,"Turbo-fan"
"N849NN",2010,"Fixed wing multi engine","BOEING","737-823",2,162,0,"Turbo-fan"
"N849UA",2002,"Fixed wing multi engine","AIRBUS INDUSTRIE","A319-131",2,179,0,"Turbo-jet"
"N8501V",2016,"Fixed wing multi engine","BOEING","737-800",2,175,0,"Turbo-fan"
"N8502Z",2016,"Fixed wing multi engine","BOEING","737-800",2,175,0,"Turbo-fan"
"N8503A",2016,"Fixed wing multi engine","BOEING","737-800",2,175,0,"Turbo-fan"
"N8504G",2016,"Fixed wing multi engine","BOEING","737-800",2,175,0,"Turbo-fan"
"N8507C",2016,"Fixed wing multi engine","BOEING","737-800",2,175,0,"Turbo-fan"
"N8508W",2016,"Fixed wing multi engine","BOEING","737-800",2,175,0,"Turbo-fan"
"N8509U",2016,"Fixed wing multi engine","BOEING","737-800",2,175,0,"Turbo-fan"
"N850AE",2003,"Fixed wing multi engine","EMBRAER","EMB-135KL",2,37,0,"Turbo-fan"
"N850DN",NA,"Fixed wing multi engine","BOEING","737-932ER",2,222,0,"Turbo-fan"
"N850NN",2010,"Fixed wing multi engine","BOEING","737-823",2,162,0,"Turbo-fan"
"N850UA",2002,"Fixed wing multi engine","AIRBUS INDUSTRIE","A319-131",2,179,0,"Turbo-jet"
"N8510E",2016,"Fixed wing multi engine","BOEING","737-800",2,175,0,"Turbo-fan"
"N8511K",2016,"Fixed wing multi engine","BOEING","737-800",2,175,0,"Turbo-fan"
"N8512U",2016,"Fixed wing multi engine","BOEING","737-800",2,175,0,"Turbo-fan"
"N8513F",2016,"Fixed wing multi engine","BOEING","737-800",2,175,0,"Turbo-fan"
"N8514F",2016,"Fixed wing multi engine","BOEING","737-800",2,175,0,"Turbo-fan"
"N8515X",2016,"Fixed wing multi engine","BOEING","737-800",2,175,0,"Turbo-fan"
"N8517F",2016,"Fixed wing multi engine","BOEING","737-800",2,175,0,"Turbo-fan"
"N8518R",2016,"Fixed wing multi engine","BOEING","737-800",2,175,0,"Turbo-fan"
"N8519R",2017,"Fixed wing multi engine","BOEING","737-800",2,175,0,"Turbo-fan"
"N851DN",2016,"Fixed wing multi engine","BOEING","737-932ER",2,222,0,"Turbo-fan"
"N851NN",2010,"Fixed wing multi engine","BOEING","737-823",2,162,0,"Turbo-fan"
"N851UA",2002,"Fixed wing multi engine","AIRBUS","A319-131",2,179,0,"Turbo-jet"
"N8520Q",2017,"Fixed wing multi engine","BOEING","737-800",2,175,0,"Turbo-fan"
"N8522P",2017,"Fixed wing multi engine","BOEING","737-800",2,175,0,"Turbo-fan"
"N8523W",2017,"Fixed wing multi engine","BOEING","737-800",2,175,0,"Turbo-fan"
"N8524Z",2017,"Fixed wing multi engine","BOEING","737-800",2,175,0,"Turbo-fan"
"N8525S",2017,"Fixed wing multi engine","BOEING","737-800",2,175,0,"Turbo-fan"
"N8526W",2017,"Fixed wing multi engine","BOEING","737-800",2,175,0,"Turbo-fan"
"N8527Q",2017,"Fixed wing multi engine","BOEING","737-800",2,175,0,"Turbo-fan"
"N8528Q",2017,"Fixed wing multi engine","BOEING","737-800",2,175,0,"Turbo-fan"
"N8529Z",2017,"Fixed wing multi engine","BOEING","737-800",2,175,0,"Turbo-fan"
"N852AE",2003,"Fixed wing multi engine","EMBRAER","EMB-135KL",2,37,0,"Turbo-fan"
"N852DN",2016,"Fixed wing multi engine","BOEING","737-932ER",2,222,0,"Turbo-fan"
"N852NN",2010,"Fixed wing multi engine","BOEING","737-823",2,162,0,"Turbo-fan"
"N852UA",2002,"Fixed wing multi engine","AIRBUS","A319-131",2,179,0,"Turbo-jet"
"N8530W",2017,"Fixed wing multi engine","BOEING","737-800",2,175,0,"Turbo-fan"
"N8531Q",2017,"Fixed wing multi engine","BOEING","737-800",2,175,0,"Turbo-fan"
"N85320",2015,"Fixed wing multi engine","EMBRAER S A","ERJ 170-200 LL",2,88,0,"Turbo-fan"
"N85323",2015,"Fixed wing multi engine","EMBRAER S A","ERJ 170-200 LL",2,88,0,"Turbo-fan"
"N8532S",2017,"Fixed wing multi engine","BOEING","737-800",2,175,0,"Turbo-fan"
"N8533S",2017,"Fixed wing multi engine","BOEING","737-800",2,175,0,"Turbo-fan"
"N85340",2016,"Fixed wing multi engine","EMBRAER S A","ERJ 170-200 LR",2,88,0,"Turbo-fan"
"N8534Z",2017,"Fixed wing multi engine","BOEING","737-800",2,175,0,"Turbo-fan"
"N85351",2017,"Fixed wing multi engine","EMBRAER S A","ERJ 170-200 LR",2,88,0,"Turbo-fan"
"N85352",2017,"Fixed wing multi engine","EMBRAER S A","ERJ 170-200 LR",2,88,0,"Turbo-fan"
"N85354",2017,"Fixed wing multi engine","EMBRAER S A","ERJ 170-200 LR",2,88,0,"Turbo-fan"
"N85355",2017,"Fixed wing multi engine","EMBRAER S A","ERJ 170-200 LR",2,88,0,"Turbo-fan"
"N85356",2017,"Fixed wing multi engine","EMBRAER S A","ERJ 170-200 LR",2,88,0,"Turbo-fan"
"N85358",2017,"Fixed wing multi engine","EMBRAER S A","ERJ 170-200 LR",2,88,0,"Turbo-fan"
"N8535S",2017,"Fixed wing multi engine","BOEING","737-800",2,175,0,"Turbo-fan"
"N8536Z",2017,"Fixed wing multi engine","BOEING","737-800",2,175,0,"Turbo-fan"
"N8537Z",2017,"Fixed wing multi engine","BOEING","737-800",2,175,0,"Turbo-fan"
"N8538V",2017,"Fixed wing multi engine","BOEING","737-800",2,175,0,"Turbo-fan"
"N8539V",2017,"Fixed wing multi engine","BOEING","737-800",2,175,0,"Turbo-fan"
"N853AE",2003,"Fixed wing multi engine","EMBRAER","EMB-135KL",2,37,0,"Turbo-fan"
"N853DN",2016,"Fixed wing multi engine","BOEING","737-932ER",2,222,0,"Turbo-fan"
"N853NN",2010,"Fixed wing multi engine","BOEING","737-823",2,162,0,"Turbo-fan"
"N853UA",2002,"Fixed wing multi engine","AIRBUS","A319-131",2,179,0,"Turbo-jet"
"N8540V",2017,"Fixed wing multi engine","BOEING","737-800",2,175,0,"Turbo-fan"
"N8541W",2017,"Fixed wing multi engine","BOEING","737-800",2,175,0,"Turbo-fan"
"N8542Z",2017,"Fixed wing multi engine","BOEING","737-800",2,175,0,"Turbo-fan"
"N8543Z",2017,"Fixed wing multi engine","BOEING","737-800",2,175,0,"Turbo-fan"
"N8544Z",2017,"Fixed wing multi engine","BOEING","737-800",2,175,0,"Turbo-fan"
"N8545V",2017,"Fixed wing multi engine","BOEING","737-800",2,175,0,"Turbo-fan"
"N8546V",2017,"Fixed wing multi engine","BOEING","737-800",2,175,0,"Turbo-fan"
"N8547V",2017,"Fixed wing multi engine","BOEING","737-800",2,175,0,"Turbo-fan"
"N8548P",2017,"Fixed wing multi engine","BOEING","737-800",2,175,0,"Turbo-fan"
"N8549Z",2017,"Fixed wing multi engine","BOEING","737-800",2,175,0,"Turbo-fan"
"N854AS",2000,"Fixed wing multi engine","BOMBARDIER INC","CL-600-2B19",2,55,0,"Turbo-fan"
"N854DN",2016,"Fixed wing multi engine","BOEING","737-932ER",2,222,0,"Turbo-fan"
"N854NN",2010,"Fixed wing multi engine","BOEING","737-823",2,162,0,"Turbo-fan"
"N854UA",2002,"Fixed wing multi engine","AIRBUS","A319-131",2,179,0,"Turbo-jet"
"N8550Q",2017,"Fixed wing multi engine","BOEING","737-800",2,175,0,"Turbo-fan"
"N8551Q",2017,"Fixed wing multi engine","BOEING","737-800",2,175,0,"Turbo-fan"
"N8552Z",2017,"Fixed wing multi engine","BOEING","737-800",2,175,0,"Turbo-fan"
"N8553W",2017,"Fixed wing multi engine","BOEING","737-800",2,175,0,"Turbo-fan"
"N8554X",2017,"Fixed wing multi engine","BOEING","737-800",2,175,0,"Turbo-fan"
"N8555Z",2017,"Fixed wing multi engine","BOEING","737-800",2,175,0,"Turbo-fan"
"N8556Z",2017,"Fixed wing multi engine","BOEING","737-800",2,175,0,"Turbo-fan"
"N8557Q",2017,"Fixed wing multi engine","BOEING","737-800",2,175,0,"Turbo-fan"
"N8558Z",2017,"Fixed wing multi engine","BOEING","737-800",2,175,0,"Turbo-fan"
"N8559Q",2018,"Fixed wing multi engine","BOEING","737-800",2,175,0,"Turbo-fan"
"N855DN",2016,"Fixed wing multi engine","BOEING","737-932ER",2,222,0,"Turbo-fan"
"N855NN",2010,"Fixed wing multi engine","BOEING","737-823",2,162,0,"Turbo-fan"
"N855RW",2005,"Fixed wing multi engine","EMBRAER","ERJ 170-100 SE",2,70,0,"Turbo-fan"
"N855UA",2002,"Fixed wing multi engine","AIRBUS","A319-131",2,179,0,"Turbo-jet"
"N8560Z",2018,"Fixed wing multi engine","BOEING","737-800",2,175,0,"Turbo-fan"
"N8561Z",2018,"Fixed wing multi engine","BOEING","737-800",2,175,0,"Turbo-fan"
"N8562Z",2018,"Fixed wing multi engine","BOEING","737-800",2,175,0,"Turbo-fan"
"N8563Z",2018,"Fixed wing multi engine","BOEING","737-800",2,175,0,"Turbo-fan"
"N8564Z",2018,"Fixed wing multi engine","BOEING","737-800",2,175,0,"Turbo-fan"
"N8565Z",2018,"Fixed wing multi engine","BOEING","737-800",2,175,0,"Turbo-fan"
"N8566Z",2018,"Fixed wing multi engine","BOEING","737-800",2,175,0,"Turbo-fan"
"N8567Z",2018,"Fixed wing multi engine","BOEING","737-800",2,175,0,"Turbo-fan"
"N8568Z",2018,"Fixed wing multi engine","BOEING","737-800",2,175,0,"Turbo-fan"
"N8569Z",2018,"Fixed wing multi engine","BOEING","737-800",2,175,0,"Turbo-fan"
"N856AE",2003,"Fixed wing multi engine","EMBRAER","EMB-135KL",2,37,0,"Turbo-fan"
"N856AS",2000,"Fixed wing multi engine","BOMBARDIER INC","CL-600-2B19",2,55,0,"Turbo-fan"
"N856DN",2016,"Fixed wing multi engine","BOEING","737-932ER",2,222,0,"Turbo-fan"
"N856NN",2010,"Fixed wing multi engine","BOEING","737-823",2,162,0,"Turbo-fan"
"N8570W",2018,"Fixed wing multi engine","BOEING","737-800",2,175,0,"Turbo-fan"
"N8571Z",2018,"Fixed wing multi engine","BOEING","737-800",2,175,0,"Turbo-fan"
"N8572X",2018,"Fixed wing multi engine","BOEING","737-800",2,175,0,"Turbo-fan"
"N8573Z",2018,"Fixed wing multi engine","BOEING","737-800",2,175,0,"Turbo-fan"
"N8574Z",2018,"Fixed wing multi engine","BOEING","737-800",2,175,0,"Turbo-fan"
"N8575Z",2018,"Fixed wing multi engine","BOEING","737-800",2,175,0,"Turbo-fan"
"N8576Z",2018,"Fixed wing multi engine","BOEING","737-800",2,175,0,"Turbo-fan"
"N8577Z",2018,"Fixed wing multi engine","BOEING","737-800",2,175,0,"Turbo-fan"
"N8578Q",2018,"Fixed wing multi engine","BOEING","737-800",2,175,0,"Turbo-fan"
"N8579Z",2018,"Fixed wing multi engine","BOEING","737-800",2,175,0,"Turbo-fan"
"N857AE",2003,"Fixed wing multi engine","EMBRAER","EMB-135KL",2,37,0,"Turbo-fan"
"N857DZ",2016,"Fixed wing multi engine","BOEING","737-932ER",2,222,0,"Turbo-fan"
"N857NN",2010,"Fixed wing multi engine","BOEING","737-823",2,162,0,"Turbo-fan"
"N857RW",2005,"Fixed wing multi engine","EMBRAER","ERJ 170-100 SE",2,70,0,"Turbo-fan"
"N8580Z",2018,"Fixed wing multi engine","BOEING","737-800",2,175,0,"Turbo-fan"
"N8581Z",2018,"Fixed wing multi engine","BOEING","737-800",2,175,0,"Turbo-fan"
"N8582Z",2018,"Fixed wing multi engine","BOEING","737-800",2,175,0,"Turbo-fan"
"N8583Z",2018,"Fixed wing multi engine","BOEING","737-800",2,175,0,"Turbo-fan"
"N8584Z",2018,"Fixed wing multi engine","BOEING","737-800",2,175,0,"Turbo-fan"
"N858DZ",2016,"Fixed wing multi engine","BOEING","737-932ER",2,222,0,"Turbo-fan"
"N858NN",2010,"Fixed wing multi engine","BOEING","737-823",2,162,0,"Turbo-fan"
"N859DN",2016,"Fixed wing multi engine","BOEING","737-932ER",2,222,0,"Turbo-fan"
"N859NN",2010,"Fixed wing multi engine","BOEING","737-823",2,162,0,"Turbo-fan"
"N8600F",2012,"Fixed wing multi engine","BOEING","737-8H4",2,143,0,"Turbo-fan"
"N8602F",2012,"Fixed wing multi engine","BOEING","737-8H4",2,143,0,"Turbo-fan"
"N8603F",2012,"Fixed wing multi engine","BOEING","737-8H4",2,143,0,"Turbo-fan"
"N8605E",2012,"Fixed wing multi engine","BOEING","737-8H4",2,143,0,"Turbo-fan"
"N8606C",NA,"Fixed wing multi engine","BOEING","737-8H4",2,143,0,"Turbo-fan"
"N8607M",2013,"Fixed wing multi engine","BOEING","737-8H4",2,143,0,"Turbo-fan"
"N8608N",2013,"Fixed wing multi engine","BOEING","737-8H4",2,143,0,"Turbo-fan"
"N8609A",2013,"Fixed wing multi engine","BOEING","737-8H4",2,143,0,"Turbo-fan"
"N860DN",2016,"Fixed wing multi engine","BOEING","737-932ER",2,222,0,"Turbo-fan"
"N860NN",2010,"Fixed wing multi engine","BOEING","737-823",2,162,0,"Turbo-fan"
"N860RW",2005,"Fixed wing multi engine","EMBRAER","ERJ 170-100 SE",2,70,0,"Turbo-fan"
"N8610A",2013,"Fixed wing multi engine","BOEING","737-8H4",2,143,0,"Turbo-fan"
"N8611F",2013,"Fixed wing multi engine","BOEING","737-8H4",2,143,0,"Turbo-fan"
"N8612K",2013,"Fixed wing multi engine","BOEING","737-8H4",2,143,0,"Turbo-fan"
"N8613K",2013,"Fixed wing multi engine","BOEING","737-8H4",2,143,0,"Turbo-fan"
"N8614M",2013,"Fixed wing multi engine","BOEING","737-8H4",2,143,0,"Turbo-fan"
"N8619F",2013,"Fixed wing multi engine","BOEING","737-8H4",2,143,0,"Turbo-fan"
"N861DN",2016,"Fixed wing multi engine","BOEING","737-932ER",2,222,0,"Turbo-fan"
"N861NN",2010,"Fixed wing multi engine","BOEING","737-823",2,162,0,"Turbo-fan"
"N861RW",2005,"Fixed wing multi engine","EMBRAER","ERJ 170-100 SE",2,70,0,"Turbo-fan"
"N8621A",2013,"Fixed wing multi engine","BOEING","737-8H4",2,143,0,"Turbo-fan"
"N8623F",2013,"Fixed wing multi engine","BOEING","737-8H4",2,143,0,"Turbo-fan"
"N8626B",2014,"Fixed wing multi engine","BOEING","737-8H4",2,143,0,"Turbo-fan"
"N8628A",2014,"Fixed wing multi engine","BOEING","737-8H4",2,143,0,"Turbo-fan"
"N8629A",2014,"Fixed wing multi engine","BOEING","737-8H4",2,143,0,"Turbo-fan"
"N862DN",2016,"Fixed wing multi engine","BOEING","737-932ER",2,222,0,"Turbo-fan"
"N862NN",2010,"Fixed wing multi engine","BOEING","737-823",2,162,0,"Turbo-fan"
"N862RW",2005,"Fixed wing multi engine","EMBRAER","ERJ 170-100 SE",2,70,0,"Turbo-fan"
"N86309",2014,"Fixed wing multi engine","EMBRAER S A","ERJ 170-200 LR",2,88,0,"Turbo-fan"
"N8630B",2014,"Fixed wing multi engine","BOEING","737-8H4",2,143,0,"Turbo-fan"
"N86311",2014,"Fixed wing multi engine","EMBRAER S A","ERJ 170-200 LL",2,88,0,"Turbo-fan"
"N86312",2014,"Fixed wing multi engine","EMBRAER S A","ERJ 170-200 LL",2,88,0,"Turbo-fan"
"N86316",2014,"Fixed wing multi engine","EMBRAER S A","ERJ 170-200 LL",2,88,0,"Turbo-fan"
"N8631A",2014,"Fixed wing multi engine","BOEING","737-8H4",2,143,0,"Turbo-fan"
"N86322",2015,"Fixed wing multi engine","EMBRAER S A","ERJ 170-200 LL",2,88,0,"Turbo-fan"
"N86324",2015,"Fixed wing multi engine","EMBRAER S A","ERJ 170-200 LL",2,88,0,"Turbo-fan"
"N8632A",2014,"Fixed wing multi engine","BOEING","737-8H4",2,143,0,"Turbo-fan"
"N86334",2016,"Fixed wing multi engine","EMBRAER S A","ERJ 170-200 LR",2,88,0,"Turbo-fan"
"N86336",2016,"Fixed wing multi engine","EMBRAER S A","ERJ 170-200 LL",2,88,0,"Turbo-fan"
"N86344",2016,"Fixed wing multi engine","EMBRAER S A","ERJ 170-200 LR",2,88,0,"Turbo-fan"
"N86347",2016,"Fixed wing multi engine","EMBRAER S A","ERJ 170-200 LR",2,88,0,"Turbo-fan"
"N8634A",2014,"Fixed wing multi engine","BOEING","737-8H4",2,143,0,"Turbo-fan"
"N86350",2017,"Fixed wing multi engine","EMBRAER S A","ERJ 170-200 LL",2,88,0,"Turbo-fan"
"N8637A",2014,"Fixed wing multi engine","BOEING","737-8H4",2,143,0,"Turbo-fan"
"N8639B",2014,"Fixed wing multi engine","BOEING","737-8H4",2,143,0,"Turbo-fan"
"N863DN",2016,"Fixed wing multi engine","BOEING","737-932ER",2,222,0,"Turbo-fan"
"N863NN",2010,"Fixed wing multi engine","BOEING","737-823",2,162,0,"Turbo-fan"
"N863RW",2005,"Fixed wing multi engine","EMBRAER","ERJ 170-100 SE",2,70,0,"Turbo-fan"
"N8640D",2014,"Fixed wing multi engine","BOEING","737-8H4",2,143,0,"Turbo-fan"
"N8641B",2014,"Fixed wing multi engine","BOEING","737-8H4",2,143,0,"Turbo-fan"
"N8643A",2014,"Fixed wing multi engine","BOEING","737-8H4",2,143,0,"Turbo-fan"
"N8644C",2014,"Fixed wing multi engine","BOEING","737-8H4",2,143,0,"Turbo-fan"
"N8645A",2014,"Fixed wing multi engine","BOEING","737-8H4",2,143,0,"Turbo-fan"
"N8646B",2014,"Fixed wing multi engine","BOEING","737-8H4",2,143,0,"Turbo-fan"
"N8647A",2014,"Fixed wing multi engine","BOEING","737-8H4",2,143,0,"Turbo-fan"
"N8648A",2014,"Fixed wing multi engine","BOEING","737-8H4",2,143,0,"Turbo-fan"
"N8649A",2014,"Fixed wing multi engine","BOEING","737-8H4",2,143,0,"Turbo-fan"
"N864DN",2016,"Fixed wing multi engine","BOEING","737-932ER",2,222,0,"Turbo-fan"
"N864NN",2010,"Fixed wing multi engine","BOEING","737-823",2,162,0,"Turbo-fan"
"N864RW",2006,"Fixed wing multi engine","EMBRAER","ERJ 170-100 SE",2,70,0,"Turbo-fan"
"N8650F",2014,"Fixed wing multi engine","BOEING","737-8H4",2,143,0,"Turbo-fan"
"N8651A",2014,"Fixed wing multi engine","BOEING","737-8H4",2,143,0,"Turbo-fan"
"N8652B",2014,"Fixed wing multi engine","BOEING","737-8H4",2,143,0,"Turbo-fan"
"N86534",2016,"Fixed wing multi engine","BOEING","737-824",2,149,0,"Turbo-fan"
"N8653A",2014,"Fixed wing multi engine","BOEING","737-8H4",2,143,0,"Turbo-fan"
"N8654B",2014,"Fixed wing multi engine","BOEING","737-8H4",2,143,0,"Turbo-fan"
"N8655D",2014,"Fixed wing multi engine","BOEING","737-8H4",2,143,0,"Turbo-fan"
"N8656B",2014,"Fixed wing multi engine","BOEING","737-8H4",2,143,0,"Turbo-fan"
"N8657B",2015,"Fixed wing multi engine","BOEING","737-8H4",2,143,0,"Turbo-fan"
"N8658A",2015,"Fixed wing multi engine","BOEING","737-8H4",2,143,0,"Turbo-fan"
"N8659D",2015,"Fixed wing multi engine","BOEING","737-8H4",2,143,0,"Turbo-fan"
"N865DN",2016,"Fixed wing multi engine","BOEING","737-932ER",2,222,0,"Turbo-fan"
"N865NN",2010,"Fixed wing multi engine","BOEING","737-823",2,162,0,"Turbo-fan"
"N865RW",2006,"Fixed wing multi engine","EMBRAER","ERJ 170-100 SE",2,70,0,"Turbo-fan"
"N8660A",2015,"Fixed wing multi engine","BOEING","737-8H4",2,143,0,"Turbo-fan"
"N8661A",2015,"Fixed wing multi engine","BOEING","737-8H4",2,143,0,"Turbo-fan"
"N8662F",2015,"Fixed wing multi engine","BOEING","737-8H4",2,143,0,"Turbo-fan"
"N8663A",2015,"Fixed wing multi engine","BOEING","737-8H4",2,143,0,"Turbo-fan"
"N8664J",2015,"Fixed wing multi engine","BOEING","737-8H4",2,143,0,"Turbo-fan"
"N8665D",2015,"Fixed wing multi engine","BOEING","737-8H4",2,143,0,"Turbo-fan"
"N8667D",2015,"Fixed wing multi engine","BOEING","737-8H4",2,143,0,"Turbo-fan"
"N8668A",2015,"Fixed wing multi engine","BOEING","737-8H4",2,143,0,"Turbo-fan"
"N8669B",2015,"Fixed wing multi engine","BOEING","737-8H4",2,143,0,"Turbo-fan"
"N866DN",2016,"Fixed wing multi engine","BOEING","737-900ER",2,222,0,"Turbo-fan"
"N866NN",2010,"Fixed wing multi engine","BOEING","737-823",2,162,0,"Turbo-fan"
"N8670A",2015,"Fixed wing multi engine","BOEING","737-8H4",2,143,0,"Turbo-fan"
"N8671D",2015,"Fixed wing multi engine","BOEING","737-8H4",2,143,0,"Turbo-fan"
"N8672F",2015,"Fixed wing multi engine","BOEING","737-8H4",2,143,0,"Turbo-fan"
"N8673F",2015,"Fixed wing multi engine","BOEING","737-8H4",2,143,0,"Turbo-fan"
"N8674B",2015,"Fixed wing multi engine","BOEING","737-8H4",2,143,0,"Turbo-fan"
"N8675A",2015,"Fixed wing multi engine","BOEING","737-8H4",2,143,0,"Turbo-fan"
"N8676A",2015,"Fixed wing multi engine","BOEING","737-8H4",2,143,0,"Turbo-fan"
"N8677A",2016,"Fixed wing multi engine","BOEING","737-8H4",2,143,0,"Turbo-fan"
"N8678E",2016,"Fixed wing multi engine","BOEING","737-8H4",2,143,0,"Turbo-fan"
"N8679A",2016,"Fixed wing multi engine","BOEING","737-8H4",2,143,0,"Turbo-fan"
"N867DN",2016,"Fixed wing multi engine","BOEING","737-900ER",2,222,0,"Turbo-fan"
"N867NN",2011,"Fixed wing multi engine","BOEING","737-823",2,162,0,"Turbo-fan"
"N8680C",2016,"Fixed wing multi engine","BOEING","737-8H4",2,143,0,"Turbo-fan"
"N8681M",2016,"Fixed wing multi engine","BOEING","737-8H4",2,143,0,"Turbo-fan"
"N8682B",2016,"Fixed wing multi engine","BOEING","737-8H4",2,143,0,"Turbo-fan"
"N8683B",2002,"Fixed wing multi engine","BOMBARDIER INC","CL-600-2B19",2,55,0,"Turbo-fan"
"N8683D",2016,"Fixed wing multi engine","BOEING","737-8H4",2,143,0,"Turbo-fan"
"N8684F",2016,"Fixed wing multi engine","BOEING","737-8H4",2,143,0,"Turbo-fan"
"N8685B",2016,"Fixed wing multi engine","BOEING","737-8H4",2,143,0,"Turbo-fan"
"N8686A",2016,"Fixed wing multi engine","BOEING","737-8H4",2,143,0,"Turbo-fan"
"N8687A",2016,"Fixed wing multi engine","BOEING","737-8H4",2,143,0,"Turbo-fan"
"N8688C",2002,"Fixed wing multi engine","BOMBARDIER INC","CL-600-2B19",2,55,0,"Turbo-fan"
"N8688J",2016,"Fixed wing multi engine","BOEING","737-8H4",2,143,0,"Turbo-fan"
"N8689C",2016,"Fixed wing multi engine","BOEING","737-8H4",2,143,0,"Turbo-fan"
"N868DN",2016,"Fixed wing multi engine","BOEING","737-900ER",2,222,0,"Turbo-fan"
"N868NN",2011,"Fixed wing multi engine","BOEING","737-823",2,162,0,"Turbo-fan"
"N8690A",2016,"Fixed wing multi engine","BOEING","737-8H4",2,143,0,"Turbo-fan"
"N8691A",2016,"Fixed wing multi engine","BOEING","737-8H4",2,143,0,"Turbo-fan"
"N8692F",2016,"Fixed wing multi engine","BOEING","737-8H4",2,143,0,"Turbo-fan"
"N8693A",2016,"Fixed wing multi engine","BOEING","737-8H4",2,143,0,"Turbo-fan"
"N8694A",2002,"Fixed wing multi engine","BOMBARDIER INC","CL-600-2B19",2,55,0,"Turbo-fan"
"N8694E",2016,"Fixed wing multi engine","BOEING","737-8H4",2,143,0,"Turbo-fan"
"N8695D",2016,"Fixed wing multi engine","BOEING","737-8H4",2,143,0,"Turbo-fan"
"N8696E",2016,"Fixed wing multi engine","BOEING","737-8H4",2,143,0,"Turbo-fan"
"N8697C",2016,"Fixed wing multi engine","BOEING","737-8H4",2,143,0,"Turbo-fan"
"N8698B",2016,"Fixed wing multi engine","BOEING","737-8H4",2,143,0,"Turbo-fan"
"N8699A",2016,"Fixed wing multi engine","BOEING","737-8H4",2,143,0,"Turbo-fan"
"N869DN",2016,"Fixed wing multi engine","BOEING","737-900ER",2,222,0,"Turbo-fan"
"N869NN",2011,"Fixed wing multi engine","BOEING","737-823",2,162,0,"Turbo-fan"
"N8701Q",2015,"Fixed wing multi engine","BOEING","737-8",2,175,0,"Turbo-fan"
"N8702L",2018,"Fixed wing multi engine","BOEING","737-8",2,175,0,"Turbo-fan"
"N8705Q",2017,"Fixed wing multi engine","BOEING","737-8",2,175,0,"Turbo-fan"
"N8706W",2017,"Fixed wing multi engine","BOEING","737-8",2,175,0,"Turbo-fan"
"N8707P",NA,"Fixed wing multi engine","BOEING","737-8",2,175,0,"Turbo-fan"
"N8708Q",2017,"Fixed wing multi engine","BOEING","737-8",2,175,0,"Turbo-fan"
"N8709Q",2017,"Fixed wing multi engine","BOEING","737-8",2,175,0,"Turbo-fan"
"N870DN",2017,"Fixed wing multi engine","BOEING","737-900ER",2,222,0,"Turbo-fan"
"N870NN",2011,"Fixed wing multi engine","BOEING","737-823",2,162,0,"Turbo-fan"
"N8710M",2017,"Fixed wing multi engine","BOEING","737-8",2,175,0,"Turbo-fan"
"N8711Q",2017,"Fixed wing multi engine","BOEING","737-8",2,175,0,"Turbo-fan"
"N8712L",2017,"Fixed wing multi engine","BOEING","737-8",2,175,0,"Turbo-fan"
"N8713M",2017,"Fixed wing multi engine","BOEING","737-800",2,175,0,"Turbo-fan"
"N8714Q",2017,"Fixed wing multi engine","BOEING","737-8",2,175,0,"Turbo-fan"
"N8715Q",2017,"Fixed wing multi engine","BOEING","737-8",2,175,0,"Turbo-fan"
"N8716B",2017,"Fixed wing multi engine","BOEING","737-8",2,175,0,"Turbo-fan"
"N8717M",2018,"Fixed wing multi engine","BOEING","737-8",2,175,0,"Turbo-fan"
"N8718Q",2018,"Fixed wing multi engine","BOEING","737-8",2,175,0,"Turbo-fan"
"N8719Q",2018,"Fixed wing multi engine","BOEING","737-8",2,175,0,"Turbo-fan"
"N871AS",2001,"Fixed wing multi engine","BOMBARDIER INC","CL-600-2B19",2,55,0,"Turbo-fan"
"N871DN",NA,"Fixed wing multi engine","BOEING","737-900ER",2,222,0,"Turbo-fan"
"N871NN",2011,"Fixed wing multi engine","BOEING","737-823",2,162,0,"Turbo-fan"
"N871UA",2003,"Fixed wing multi engine","AIRBUS","A319-132",2,179,0,"Turbo-fan"
"N8720L",2018,"Fixed wing multi engine","BOEING","737-8",2,175,0,"Turbo-fan"
"N8721J",2018,"Fixed wing multi engine","BOEING","737-8",2,175,0,"Turbo-fan"
"N8722L",2018,"Fixed wing multi engine","BOEING","737-8",2,175,0,"Turbo-fan"
"N8723Q",2018,"Fixed wing multi engine","BOEING","737-8",2,175,0,"Turbo-fan"
"N8724J",2018,"Fixed wing multi engine","BOEING","737-8",2,175,0,"Turbo-fan"
"N8725L",2018,"Fixed wing multi engine","BOEING","737-8",2,175,0,"Turbo-fan"
"N8726H",2018,"Fixed wing multi engine","BOEING","737-8",2,175,0,"Turbo-fan"
"N8727M",2018,"Fixed wing multi engine","BOEING","737-8",2,175,0,"Turbo-fan"
"N8728Q",2018,"Fixed wing multi engine","BOEING","737-8",2,175,0,"Turbo-fan"
"N8729H",2018,"Fixed wing multi engine","BOEING","737-8",2,175,0,"Turbo-fan"
"N872DN",2017,"Fixed wing multi engine","BOEING","737-900ER",2,222,0,"Turbo-fan"
"N872NN",2011,"Fixed wing multi engine","BOEING","737-823",2,162,0,"Turbo-fan"
"N87302",2014,"Fixed wing multi engine","EMBRAER S A","ERJ 170-200 LL",2,88,0,"Turbo-fan"
"N87303",2014,"Fixed wing multi engine","EMBRAER S A","ERJ 170-200 LL",2,88,0,"Turbo-fan"
"N87306",2014,"Fixed wing multi engine","EMBRAER S A","ERJ 170-200 LL",2,88,0,"Turbo-fan"
"N8730Q",2018,"Fixed wing multi engine","BOEING","737-8",2,175,0,"Turbo-fan"
"N87318",2014,"Fixed wing multi engine","EMBRAER S A","ERJ 170-200 LR",2,88,0,"Turbo-fan"
"N87319",2014,"Fixed wing multi engine","EMBRAER S A","ERJ 170-200 LL",2,88,0,"Turbo-fan"
"N8731J",2018,"Fixed wing multi engine","BOEING","737-8",2,175,0,"Turbo-fan"
"N8732S",2018,"Fixed wing multi engine","BOEING","737-8",2,175,0,"Turbo-fan"
"N87337",2016,"Fixed wing multi engine","EMBRAER S A","ERJ 170-200 LL",2,88,0,"Turbo-fan"
"N87339",2016,"Fixed wing multi engine","EMBRAER S A","ERJ 170-200 LR",2,88,0,"Turbo-fan"
"N8733M",2019,"Fixed wing multi engine","BOEING","737-8",2,175,0,"Turbo-fan"
"N87345",2016,"Fixed wing multi engine","EMBRAER S A","ERJ 170-200 LR",2,88,0,"Turbo-fan"
"N8734Q",2019,"Fixed wing multi engine","BOEING","737-8",2,175,0,"Turbo-fan"
"N87353",2017,"Fixed wing multi engine","EMBRAER S A","ERJ 170-200 LR",2,88,0,"Turbo-fan"
"N87360",2017,"Fixed wing multi engine","EMBRAER S A","ERJ 170-200 LR",2,88,0,"Turbo-fan"
"N873AS",2001,"Fixed wing multi engine","BOMBARDIER INC","CL-600-2B19",2,55,0,"Turbo-fan"
"N873DN",2017,"Fixed wing multi engine","BOEING","737-900ER",2,222,0,"Turbo-fan"
"N873NN",2011,"Fixed wing multi engine","BOEING","737-823",2,162,0,"Turbo-fan"
"N874AS",2001,"Fixed wing multi engine","BOMBARDIER INC","CL-600-2B19",2,55,0,"Turbo-fan"
"N874DN",2017,"Fixed wing multi engine","BOEING","737-900ER",2,222,0,"Turbo-fan"
"N874NN",2011,"Fixed wing multi engine","BOEING","737-823",2,162,0,"Turbo-fan"
"N87507",2008,"Fixed wing multi engine","BOEING","737-824",2,149,0,"Turbo-fan"
"N87512",2008,"Fixed wing multi engine","BOEING","737-824",2,149,0,"Turbo-fan"
"N87513",2008,"Fixed wing multi engine","BOEING","737-824",2,149,0,"Turbo-fan"
"N87527",2010,"Fixed wing multi engine","BOEING","737-824",2,149,0,"Turbo-fan"
"N87531",2011,"Fixed wing multi engine","BOEING","737-824",2,149,0,"Turbo-fan"
"N875AS",2001,"Fixed wing multi engine","BOMBARDIER INC","CL-600-2B19",2,55,0,"Turbo-fan"
"N875DN",2017,"Fixed wing multi engine","BOEING","737-900ER",2,222,0,"Turbo-fan"
"N875NN",2011,"Fixed wing multi engine","BOEING","737-823",2,162,0,"Turbo-fan"
"N875RW",2007,"Fixed wing multi engine","EMBRAER","ERJ 170-100 LR",2,70,0,"Turbo-fan"
"N876AS",2001,"Fixed wing multi engine","BOMBARDIER INC","CL-600-2B19",2,55,0,"Turbo-fan"
"N876DN",NA,"Fixed wing multi engine","BOEING","737-900ER",2,222,0,"Turbo-fan"
"N876NN",2011,"Fixed wing multi engine","BOEING","737-823",2,162,0,"Turbo-fan"
"N876UA",2004,"Fixed wing multi engine","AIRBUS","A319-132",2,179,0,"Turbo-fan"
"N877AS",2001,"Fixed wing multi engine","BOMBARDIER INC","CL-600-2B19",2,55,0,"Turbo-fan"
"N877DN",2017,"Fixed wing multi engine","BOEING","737-900ER",2,222,0,"Turbo-fan"
"N877NN",2011,"Fixed wing multi engine","BOEING","737-823",2,162,0,"Turbo-fan"
"N877UA",2004,"Fixed wing multi engine","AIRBUS","A319-132",2,179,0,"Turbo-fan"
"N8783E",2003,"Fixed wing multi engine","BOMBARDIER INC","CL-600-2B19",2,55,0,"Turbo-fan"
"N878AS",2002,"Fixed wing multi engine","BOMBARDIER INC","CL-600-2B19",2,55,0,"Turbo-fan"
"N878DN",2017,"Fixed wing multi engine","BOEING","737-900ER",2,222,0,"Turbo-fan"
"N878NN",2011,"Fixed wing multi engine","BOEING","737-823",2,162,0,"Turbo-fan"
"N878RW",2007,"Fixed wing multi engine","EMBRAER","ERJ 170-100 LR",2,70,0,"Turbo-fan"
"N879DN",2017,"Fixed wing multi engine","BOEING","737-900ER",2,222,0,"Turbo-fan"
"N879NN",2011,"Fixed wing multi engine","BOEING","737-823",2,162,0,"Turbo-fan"
"N879RW",2008,"Fixed wing multi engine","EMBRAER","ERJ 170-100 LR",2,70,0,"Turbo-fan"
"N880AS",2002,"Fixed wing multi engine","BOMBARDIER INC","CL-600-2B19",2,55,0,"Turbo-fan"
"N880DN",2017,"Fixed wing multi engine","BOEING","737-900ER",2,222,0,"Turbo-fan"
"N880NN",2011,"Fixed wing multi engine","BOEING","737-823",2,162,0,"Turbo-fan"
"N880RW",NA,"Fixed wing multi engine","EMBRAER","ERJ 170-100 LR",2,70,0,"Turbo-fan"
"N881AS",2001,"Fixed wing multi engine","BOMBARDIER INC","CL-600-2B19",2,55,0,"Turbo-fan"
"N881DN",2017,"Fixed wing multi engine","BOEING","737-900ER",2,222,0,"Turbo-fan"
"N881NN",2011,"Fixed wing multi engine","BOEING","737-823",2,162,0,"Turbo-fan"
"N8828D",2003,"Fixed wing multi engine","BOMBARDIER INC","CL-600-2B19",2,55,0,"Turbo-fan"
"N882DN",2017,"Fixed wing multi engine","BOEING","737-900ER",2,222,0,"Turbo-fan"
"N882NN",2011,"Fixed wing multi engine","BOEING","737-823",2,162,0,"Turbo-fan"
"N882RW",2008,"Fixed wing multi engine","EMBRAER","ERJ 170-100 LR",2,70,0,"Turbo-fan"
"N88301",2014,"Fixed wing multi engine","EMBRAER S A","ERJ 170-200 LL",2,88,0,"Turbo-fan"
"N88310",2014,"Fixed wing multi engine","EMBRAER S A","ERJ 170-200 LL",2,88,0,"Turbo-fan"
"N88325",2015,"Fixed wing multi engine","EMBRAER S A","ERJ 170-200 LL",2,88,0,"Turbo-fan"
"N88326",2015,"Fixed wing multi engine","EMBRAER S A","ERJ 170-200 LR",2,88,0,"Turbo-fan"
"N88327",2015,"Fixed wing multi engine","EMBRAER S A","ERJ 170-200 LL",2,88,0,"Turbo-fan"
"N88328",2015,"Fixed wing multi engine","EMBRAER S A","ERJ 170-200 LL",2,88,0,"Turbo-fan"
"N88330",2015,"Fixed wing multi engine","EMBRAER S A","ERJ 170-200 LL",2,88,0,"Turbo-fan"
"N88331",2015,"Fixed wing multi engine","EMBRAER S A","ERJ 170-200 LL",2,88,0,"Turbo-fan"
"N88332",2015,"Fixed wing multi engine","EMBRAER S A","ERJ 170-200 LL",2,88,0,"Turbo-fan"
"N88335",2016,"Fixed wing multi engine","EMBRAER S A","ERJ 170-200 LR",2,88,0,"Turbo-fan"
"N88341",2016,"Fixed wing multi engine","EMBRAER S A","ERJ 170-200 LR",2,88,0,"Turbo-fan"
"N88346",2016,"Fixed wing multi engine","EMBRAER S A","ERJ 170-200 LR",2,88,0,"Turbo-fan"
"N88359",2017,"Fixed wing multi engine","EMBRAER","ERJ 170-200 LR",2,88,0,"Turbo-fan"
"N8836A",2003,"Fixed wing multi engine","BOMBARDIER INC","CL-600-2B19",2,55,0,"Turbo-fan"
"N8837B",2003,"Fixed wing multi engine","BOMBARDIER INC","CL-600-2B19",2,55,0,"Turbo-fan"
"N883DN",2017,"Fixed wing multi engine","BOEING","737-900ER",2,222,0,"Turbo-fan"
"N883NN",2012,"Fixed wing multi engine","BOEING","737-823",2,162,0,"Turbo-fan"
"N8847A",2003,"Fixed wing multi engine","BOMBARDIER INC","CL-600-2B19",2,55,0,"Turbo-fan"
"N884AS",NA,"Rotorcraft","EA VISION","EA J100",4,NA,0,"Electric"
"N884DN",2017,"Fixed wing multi engine","BOEING","737-900ER",2,222,0,"Turbo-fan"
"N884NN",2012,"Fixed wing multi engine","BOEING","737-823",2,162,0,"Turbo-fan"
"N885DN",2017,"Fixed wing multi engine","BOEING","737-900ER",2,222,0,"Turbo-fan"
"N885NN",2012,"Fixed wing multi engine","BOEING","737-823",2,162,0,"Turbo-fan"
"N8869B",2003,"Fixed wing multi engine","BOMBARDIER INC","CL-600-2B19",2,55,0,"Turbo-fan"
"N886AS",2001,"Fixed wing multi engine","BOMBARDIER INC","CL-600-2B19",2,55,0,"Turbo-fan"
"N886DN",2017,"Fixed wing multi engine","BOEING","737-900ER",2,222,0,"Turbo-fan"
"N886NN",2012,"Fixed wing multi engine","BOEING","737-823",2,162,0,"Turbo-fan"
"N8877A",2003,"Fixed wing multi engine","BOMBARDIER INC","CL-600-2B19",2,55,0,"Turbo-fan"
"N887DN",2017,"Fixed wing multi engine","BOEING","737-900ER",2,222,0,"Turbo-fan"
"N887NN",2012,"Fixed wing multi engine","BOEING","737-823",2,162,0,"Turbo-fan"
"N8886A",2003,"Fixed wing multi engine","BOMBARDIER INC","CL-600-2B19",2,55,0,"Turbo-fan"
"N888DU",2017,"Fixed wing multi engine","BOEING","737-900ER",2,222,0,"Turbo-fan"
"N8891A",2004,"Fixed wing multi engine","BOMBARDIER INC","CL-600-2B19",2,55,0,"Turbo-fan"
"N8894A",NA,"Fixed wing multi engine","BOMBARDIER INC","CL-600-2B19",2,55,0,"Turbo-fan"
"N8896A",2004,"Fixed wing multi engine","BOMBARDIER INC","CL-600-2B19",2,55,0,"Turbo-fan"
"N889AS",2001,"Fixed wing multi engine","BOMBARDIER INC","CL-600-2B19",2,55,0,"Turbo-fan"
"N889DN",2017,"Fixed wing multi engine","BOEING","737-900ER",2,222,0,"Turbo-fan"
"N889NN",2012,"Fixed wing multi engine","BOEING","737-823",2,162,0,"Turbo-fan"
"N889UA",2006,"Fixed wing multi engine","AIRBUS","A319-132",2,179,0,"Turbo-fan"
"N8908D",2004,"Fixed wing multi engine","BOMBARDIER INC","CL-600-2B19",2,55,0,"Turbo-fan"
"N890DN",2018,"Fixed wing multi engine","BOEING","737-900ER",2,222,0,"Turbo-fan"
"N890NN",2012,"Fixed wing multi engine","BOEING","737-823",2,162,0,"Turbo-fan"
"N890UA",2006,"Fixed wing multi engine","AIRBUS","A319-132",2,179,0,"Turbo-fan"
"N891AT",2004,"Fixed wing multi engine","BOEING","717-200",2,100,0,"Turbo-fan"
"N891DN",2018,"Fixed wing multi engine","BOEING","737-900ER",2,222,0,"Turbo-fan"
"N891NN",2012,"Fixed wing multi engine","BOEING","737-823",2,162,0,"Turbo-fan"
"N891UA",2006,"Fixed wing multi engine","AIRBUS","A319-132",2,179,0,"Turbo-fan"
"N892AT",2004,"Fixed wing multi engine","BOEING","717-200",2,100,0,"Turbo-fan"
"N892DN",2018,"Fixed wing multi engine","BOEING","737-900ER",2,222,0,"Turbo-fan"
"N892NN",2012,"Fixed wing multi engine","BOEING","737-823",2,162,0,"Turbo-fan"
"N892UA",2006,"Fixed wing multi engine","AIRBUS","A319-132",2,179,0,"Turbo-fan"
"N89304",2014,"Fixed wing multi engine","EMBRAER S A","ERJ 170-200 LL",2,88,0,"Turbo-fan"
"N89308",2014,"Fixed wing multi engine","EMBRAER S A","ERJ 170-200 LL",2,88,0,"Turbo-fan"
"N89313",2014,"Fixed wing multi engine","EMBRAER S A","ERJ 170-200 LL",2,88,0,"Turbo-fan"
"N89315",2014,"Fixed wing multi engine","EMBRAER S A","ERJ 170-200 LR",2,88,0,"Turbo-fan"
"N89317",2014,"Fixed wing multi engine","EMBRAER S A","ERJ 170-200 LL",2,88,0,"Turbo-fan"
"N89321",2015,"Fixed wing multi engine","EMBRAER S A","ERJ 170-200 LL",2,88,0,"Turbo-fan"
"N8933B",2004,"Fixed wing multi engine","BOMBARDIER INC","CL-600-2B19",2,55,0,"Turbo-fan"
"N89342",2016,"Fixed wing multi engine","EMBRAER S A","ERJ 170-200 LR",2,88,0,"Turbo-fan"
"N89349",2017,"Fixed wing multi engine","EMBRAER S A","ERJ 170-200 LL",2,88,0,"Turbo-fan"
"N89357",2017,"Fixed wing multi engine","EMBRAER S A","ERJ 170-200 LR",2,88,0,"Turbo-fan"
"N8936A",2004,"Fixed wing multi engine","BOMBARDIER INC","CL-600-2B19",2,55,0,"Turbo-fan"
"N893AT",2004,"Fixed wing multi engine","BOEING","717-200",2,100,0,"Turbo-fan"
"N893DN",2018,"Fixed wing multi engine","BOEING","737-900ER",2,222,0,"Turbo-fan"
"N893NN",2012,"Fixed wing multi engine","BOEING","737-823",2,162,0,"Turbo-fan"
"N893UA",2006,"Fixed wing multi engine","AIRBUS","A319-132",2,179,0,"Turbo-fan"
"N8942A",2004,"Fixed wing multi engine","BOMBARDIER INC","CL-600-2B19",2,55,0,"Turbo-fan"
"N8943A",2004,"Fixed wing multi engine","BOMBARDIER INC","CL-600-2B19",2,55,0,"Turbo-fan"
"N8946A",2004,"Fixed wing multi engine","BOMBARDIER INC","CL-600-2B19",2,55,0,"Turbo-fan"
"N894AT",2004,"Fixed wing multi engine","BOEING","717-200",2,100,0,"Turbo-fan"
"N894DN",2018,"Fixed wing multi engine","BOEING","737-900ER",2,222,0,"Turbo-fan"
"N894NN",2012,"Fixed wing multi engine","BOEING","737-823",2,162,0,"Turbo-fan"
"N894UA",2006,"Fixed wing multi engine","AIRBUS","A319-132",2,179,0,"Turbo-fan"
"N895AT",2004,"Fixed wing multi engine","BOEING","717-200",2,100,0,"Turbo-fan"
"N895DN",2018,"Fixed wing multi engine","BOEING","737-900ER",2,222,0,"Turbo-fan"
"N895NN",2012,"Fixed wing multi engine","BOEING","737-823",2,162,0,"Turbo-fan"
"N895UA",2007,"Fixed wing multi engine","AIRBUS","A319-132",2,179,0,"Turbo-fan"
"N8969A",2004,"Fixed wing multi engine","BOMBARDIER INC","CL-600-2B19",2,55,0,"Turbo-fan"
"N896AT",2005,"Fixed wing multi engine","BOEING","717-200",2,100,0,"Turbo-fan"
"N896DN",2018,"Fixed wing multi engine","BOEING","737-900ER",2,222,0,"Turbo-fan"
"N896NN",2012,"Fixed wing multi engine","BOEING","737-823",2,162,0,"Turbo-fan"
"N896SK",2006,"Fixed wing multi engine","BOMBARDIER INC","CL-600-2D24",2,95,0,"Turbo-fan"
"N896UA",2007,"Fixed wing multi engine","AIRBUS","A319-132",2,179,0,"Turbo-fan"
"N8970D",2004,"Fixed wing multi engine","BOMBARDIER INC","CL-600-2B19",2,55,0,"Turbo-fan"
"N8974C",2004,"Fixed wing multi engine","BOMBARDIER INC","CL-600-2B19",2,55,0,"Turbo-fan"
"N8976E",2004,"Fixed wing multi engine","BOMBARDIER INC","CL-600-2B19",2,55,0,"Turbo-fan"
"N897DN",2018,"Fixed wing multi engine","BOEING","737-900ER",2,222,0,"Turbo-fan"
"N897NN",2012,"Fixed wing multi engine","BOEING","737-823",2,162,0,"Turbo-fan"
"N897SK",2006,"Fixed wing multi engine","BOMBARDIER INC","CL-600-2D24",2,95,0,"Turbo-fan"
"N897UA",2007,"Fixed wing multi engine","AIRBUS","A319-132",2,179,0,"Turbo-fan"
"N8980A",2004,"Fixed wing multi engine","BOMBARDIER INC","CL-600-2B19",2,55,0,"Turbo-fan"
"N8982A",2004,"Fixed wing multi engine","BOMBARDIER INC","CL-600-2B19",2,55,0,"Turbo-fan"
"N8986B",2004,"Fixed wing multi engine","BOMBARDIER INC","CL-600-2B19",2,55,0,"Turbo-fan"
"N898DN",2018,"Fixed wing multi engine","BOEING","737-900ER",2,222,0,"Turbo-fan"
"N898NN",2012,"Fixed wing multi engine","BOEING","737-823",2,162,0,"Turbo-fan"
"N898SK",2007,"Fixed wing multi engine","BOMBARDIER INC","CL-600-2D24",2,95,0,"Turbo-fan"
"N898UA",2007,"Fixed wing multi engine","AIRBUS","A319-132",2,179,0,"Turbo-fan"
"N899AT",2005,"Fixed wing multi engine","BOEING","717-200",2,100,0,"Turbo-fan"
"N899DN",2018,"Fixed wing multi engine","BOEING","737-900ER",2,222,0,"Turbo-fan"
"N899NN",2012,"Fixed wing multi engine","BOEING","737-823",2,162,0,"Turbo-fan"
"N899SK",2007,"Fixed wing multi engine","BOMBARDIER INC","CL-600-2D24",2,95,0,"Turbo-fan"
"N899UA",2007,"Fixed wing multi engine","AIRBUS","A319-132",2,179,0,"Turbo-fan"
"N90024",2014,"Fixed wing multi engine","AIRBUS","A319-115",2,147,0,"Turbo-fan"
"N9002U",2013,"Fixed wing multi engine","AIRBUS","A319-115",2,147,0,"Turbo-fan"
"N9004F",2013,"Fixed wing multi engine","AIRBUS","A319-115",2,147,0,"Turbo-fan"
"N9006",2013,"Fixed wing multi engine","AIRBUS","A319-115",2,147,0,"Turbo-fan"
"N9008U",2013,"Fixed wing multi engine","AIRBUS","A319-115",2,147,0,"Turbo-fan"
"N900AE",2004,"Fixed wing multi engine","EMBRAER","EMB-145LR",2,55,0,"Turbo-fan"
"N900DU",2018,"Fixed wing multi engine","BOEING","737-900ER",2,222,0,"Turbo-fan"
"N900EV",2002,"Fixed wing multi engine","BOMBARDIER INC","CL-600-2B19",2,55,0,"Turbo-fan"
"N900UW",2017,"Fixed wing multi engine","AIRBUS","A321-231",2,379,0,"Turbo-fan"
"N900WN",2007,"Fixed wing multi engine","BOEING","737-7H4",2,143,0,"Turbo-fan"
"N9011P",2013,"Fixed wing multi engine","AIRBUS","A319-115",2,147,0,"Turbo-fan"
"N9012",2013,"Fixed wing multi engine","AIRBUS","A319-115",2,147,0,"Turbo-fan"
"N9016",2014,"Fixed wing multi engine","AIRBUS","A319-115",2,147,0,"Turbo-fan"
"N9019F",2014,"Fixed wing multi engine","AIRBUS","A319-115",2,147,0,"Turbo-fan"
"N901AA",2017,"Fixed wing multi engine","AIRBUS","A321-231",2,379,0,"Turbo-fan"
"N901AN",1999,"Fixed wing multi engine","BOEING","737-823",2,162,0,"Turbo-fan"
"N901DN",2018,"Fixed wing multi engine","BOEING","737-900ER",2,222,0,"Turbo-fan"
"N901EV",2002,"Fixed wing multi engine","BOMBARDIER INC","CL-600-2B19",2,55,0,"Turbo-fan"
"N901NK",2016,"Fixed wing multi engine","AIRBUS","A320-271N",2,190,0,"Turbo-fan"
"N901NN",2012,"Fixed wing multi engine","BOEING","737-823",2,162,0,"Turbo-fan"
"N901WN",2007,"Fixed wing multi engine","BOEING","737-7H4",2,143,0,"Turbo-fan"
"N901XJ",2007,"Fixed wing multi engine","BOMBARDIER INC","CL-600-2D24",2,95,0,"Turbo-fan"
"N9021H",2014,"Fixed wing multi engine","AIRBUS","A319-115",2,147,0,"Turbo-fan"
"N9022G",2014,"Fixed wing multi engine","AIRBUS","A319-115",2,147,0,"Turbo-fan"
"N9025B",2014,"Fixed wing multi engine","AIRBUS","A319-115",2,147,0,"Turbo-fan"
"N9026C",2015,"Fixed wing multi engine","AIRBUS","A319-115",2,147,0,"Turbo-fan"
"N9029F",2015,"Fixed wing multi engine","AIRBUS","A319-115",2,147,0,"Turbo-fan"
"N902AA",2017,"Fixed wing multi engine","AIRBUS","A321-231",2,379,0,"Turbo-fan"
"N902AN",1999,"Fixed wing multi engine","BOEING","737-823",2,162,0,"Turbo-fan"
"N902BC",2005,"Fixed wing multi engine","EMBRAER","EMB-145LR",2,55,0,"Turbo-fan"
"N902DN",2018,"Fixed wing multi engine","BOEING","737-900ER",2,222,0,"Turbo-fan"
"N902EV",2002,"Fixed wing multi engine","BOMBARDIER INC","CL-600-2B19",2,55,0,"Turbo-fan"
"N902NK",2016,"Fixed wing multi engine","AIRBUS","A320-271N",2,190,0,"Turbo-fan"
"N902NN",2012,"Fixed wing multi engine","BOEING","737-823",2,162,0,"Turbo-fan"
"N902WN",2007,"Fixed wing multi engine","BOEING","737-7H4",2,143,0,"Turbo-fan"
"N902XJ",2007,"Fixed wing multi engine","BOMBARDIER INC","CL-600-2D24",2,95,0,"Turbo-fan"
"N903AA",2017,"Fixed wing multi engine","AIRBUS","A321-231",2,379,0,"Turbo-fan"
"N903AN",1999,"Fixed wing multi engine","BOEING","737-823",2,162,0,"Turbo-fan"
"N903DN",2018,"Fixed wing multi engine","BOEING","737-900ER",2,222,0,"Turbo-fan"
"N903EV",2002,"Fixed wing multi engine","BOMBARDIER INC","CL-600-2B19",2,55,0,"Turbo-fan"
"N903NK",2016,"Fixed wing multi engine","AIRBUS","A320-271N",2,190,0,"Turbo-fan"
"N903NN",2012,"Fixed wing multi engine","BOEING","737-823",2,162,0,"Turbo-fan"
"N903WN",2007,"Fixed wing multi engine","BOEING","737-7H4",2,143,0,"Turbo-fan"
"N903XJ",2007,"Fixed wing multi engine","BOMBARDIER INC","CL-600-2D24",2,95,0,"Turbo-fan"
"N904AA",2017,"Fixed wing multi engine","AIRBUS","A321-231",2,379,0,"Turbo-fan"
"N904AN",1999,"Fixed wing multi engine","BOEING","737-823",2,162,0,"Turbo-fan"
"N904DN",2018,"Fixed wing multi engine","BOEING","737-900ER",2,222,0,"Turbo-fan"
"N904EV",2002,"Fixed wing multi engine","BOMBARDIER INC","CL-600-2B19",2,55,0,"Turbo-fan"
"N904NK",2016,"Fixed wing multi engine","AIRBUS","A320-271N",2,190,0,"Turbo-fan"
"N904NN",2012,"Fixed wing multi engine","BOEING","737-823",2,162,0,"Turbo-fan"
"N904WN",2008,"Fixed wing multi engine","BOEING","737-7H4",2,143,0,"Turbo-fan"
"N904XJ",2007,"Fixed wing multi engine","BOMBARDIER INC","CL-600-2D24",2,95,0,"Turbo-fan"
"N905AN",1999,"Fixed wing multi engine","BOEING","737-823",2,162,0,"Turbo-fan"
"N905AU",2017,"Fixed wing multi engine","AIRBUS","A321-231",2,379,0,"Turbo-fan"
"N905DN",2018,"Fixed wing multi engine","BOEING","737-900ER",2,222,0,"Turbo-fan"
"N905EV",2002,"Fixed wing multi engine","BOMBARDIER INC","CL-600-2B19",2,55,0,"Turbo-fan"
"N905JH",2005,"Fixed wing multi engine","EMBRAER","EMB-145LR",2,55,0,"Turbo-fan"
"N905NK",2016,"Fixed wing multi engine","AIRBUS","A320-271N",2,190,0,"Turbo-fan"
"N905NN",2012,"Fixed wing multi engine","BOEING","737-823",2,162,0,"Turbo-fan"
"N905XJ",2007,"Fixed wing multi engine","BOMBARDIER INC","CL-600-2D24",2,95,0,"Turbo-fan"
"N906AA",2017,"Fixed wing multi engine","AIRBUS","A321-231",2,379,0,"Turbo-fan"
"N906AN",1999,"Fixed wing multi engine","BOEING","737-823",2,162,0,"Turbo-fan"
"N906AT",2001,"Fixed wing multi engine","BOEING","717-200",2,100,0,"Turbo-fan"
"N906DN",2018,"Fixed wing multi engine","BOEING","737-900ER",2,222,0,"Turbo-fan"
"N906EV",NA,"Fixed wing multi engine","BOMBARDIER INC","CL-600-2B19",2,55,0,"Turbo-fan"
"N906NK",2018,"Fixed wing multi engine","AIRBUS","A320-271N",2,190,0,"Turbo-fan"
"N906NN",2012,"Fixed wing multi engine","BOEING","737-823",2,162,0,"Turbo-fan"
"N906WN",2008,"Fixed wing multi engine","BOEING","737-7H4",2,143,0,"Turbo-fan"
"N906XJ",2007,"Fixed wing multi engine","BOMBARDIER INC","CL-600-2D24",2,95,0,"Turbo-fan"
"N907AA",2017,"Fixed wing multi engine","AIRBUS","A321-231",2,379,0,"Turbo-fan"
"N907AN",1999,"Fixed wing multi engine","BOEING","737-823",2,162,0,"Turbo-fan"
"N907DN",2018,"Fixed wing multi engine","BOEING","737-900ER",2,222,0,"Turbo-fan"
"N907EV",NA,"Fixed wing multi engine","BOMBARDIER INC","CL-600-2B19",2,55,0,"Turbo-fan"
"N907NN",2012,"Fixed wing multi engine","BOEING","737-823",2,162,0,"Turbo-fan"
"N907WN",2008,"Fixed wing multi engine","BOEING","737-7H4",2,143,0,"Turbo-fan"
"N907XJ",2007,"Fixed wing multi engine","BOMBARDIER INC","CL-600-2D24",2,95,0,"Turbo-fan"
"N908AA",2017,"Fixed wing multi engine","AIRBUS","A321-231",2,379,0,"Turbo-fan"
"N908AE",2005,"Fixed wing multi engine","EMBRAER","EMB-145LR",2,55,0,"Turbo-fan"
"N908AN",1999,"Fixed wing multi engine","BOEING","737-823",2,162,0,"Turbo-fan"
"N908DN",NA,"Fixed wing multi engine","BOEING","737-900ER",2,222,0,"Turbo-fan"
"N908EV",2002,"Fixed wing multi engine","BOMBARDIER INC","CL-600-2B19",2,55,0,"Turbo-fan"
"N908NK",2018,"Fixed wing multi engine","AIRBUS","A320-271N",2,190,0,"Turbo-fan"
"N908NN",2012,"Fixed wing multi engine","BOEING","737-823",2,162,0,"Turbo-fan"
"N908SW",2001,"Fixed wing multi engine","BOMBARDIER INC","CL-600-2B19",2,55,0,"Turbo-fan"
"N908WN",2008,"Fixed wing multi engine","BOEING","737-7H4",2,143,0,"Turbo-fan"
"N908XJ",2007,"Fixed wing multi engine","BOMBARDIER INC","CL-600-2D24",2,95,0,"Turbo-fan"
"N909AE",2005,"Fixed wing multi engine","EMBRAER","EMB-145LR",2,55,0,"Turbo-fan"
"N909AM",2017,"Fixed wing multi engine","AIRBUS","A321-231",2,379,0,"Turbo-fan"
"N909AN",1999,"Fixed wing multi engine","BOEING","737-823",2,162,0,"Turbo-fan"
"N909DN",2018,"Fixed wing multi engine","BOEING","737-900ER",2,222,0,"Turbo-fan"
"N909EV",2002,"Fixed wing multi engine","BOMBARDIER INC","CL-600-2B19",2,55,0,"Turbo-fan"
"N909NN",2012,"Fixed wing multi engine","BOEING","737-823",2,162,0,"Turbo-fan"
"N909SW",2001,"Fixed wing multi engine","BOMBARDIER INC","CL-600-2B19",2,55,0,"Turbo-fan"
"N909WN",2008,"Fixed wing multi engine","BOEING","737-7H4",2,143,0,"Turbo-fan"
"N909XJ",2007,"Fixed wing multi engine","BOMBARDIER INC","CL-600-2D24",2,95,0,"Turbo-fan"
"N910AN",1999,"Fixed wing multi engine","BOEING","737-823",2,162,0,"Turbo-fan"
"N910AT",2001,"Fixed wing multi engine","BOEING","717-200",2,100,0,"Turbo-fan"
"N910AU",2017,"Fixed wing multi engine","AIRBUS","A321-231",2,379,0,"Turbo-fan"
"N910DU",2018,"Fixed wing multi engine","BOEING","737-900ER",2,222,0,"Turbo-fan"
"N910EV",2002,"Fixed wing multi engine","BOMBARDIER INC","CL-600-2B19",2,55,0,"Turbo-fan"
"N910FR",2002,"Fixed wing multi engine","AIRBUS","A319-112",2,100,0,"Turbo-fan"
"N910NK",2018,"Fixed wing multi engine","AIRBUS","A320-271N",2,190,0,"Turbo-fan"
"N910NN",2012,"Fixed wing multi engine","BOEING","737-823",2,162,0,"Turbo-fan"
"N910SW",2001,"Fixed wing multi engine","BOMBARDIER INC","CL-600-2B19",2,55,0,"Turbo-fan"
"N910WN",2008,"Fixed wing multi engine","BOEING","737-7H4",2,143,0,"Turbo-fan"
"N910XJ",2007,"Fixed wing multi engine","BOMBARDIER INC","CL-600-2D24",2,95,0,"Turbo-fan"
"N911DQ",2018,"Fixed wing multi engine","BOEING","737-900ER",2,222,0,"Turbo-fan"
"N912AN",1999,"Fixed wing multi engine","BOEING","737-823",2,162,0,"Turbo-fan"
"N912DU",2018,"Fixed wing multi engine","BOEING","737-900ER",2,222,0,"Turbo-fan"
"N912EV",2002,"Fixed wing multi engine","BOMBARDIER INC","CL-600-2B19",2,55,0,"Turbo-fan"
"N912NK",2018,"Fixed wing multi engine","AIRBUS","A320-271N",2,190,0,"Turbo-fan"
"N912NN",2012,"Fixed wing multi engine","BOEING","737-823",2,162,0,"Turbo-fan"
"N912SW",2001,"Fixed wing multi engine","BOMBARDIER INC","CL-600-2B19",2,55,0,"Turbo-fan"
"N912UY",2014,"Fixed wing multi engine","AIRBUS","A321-231",2,379,0,"Turbo-fan"
"N912WN",2008,"Fixed wing multi engine","BOEING","737-7H4",2,143,0,"Turbo-fan"
"N912XJ",2007,"Fixed wing multi engine","BOMBARDIER INC","CL-600-2D24",2,95,0,"Turbo-fan"
"N913AN",1999,"Fixed wing multi engine","BOEING","737-823",2,162,0,"Turbo-fan"
"N913DE",1993,"Fixed wing multi engine","MCDONNELL DOUGLAS AIRCRAFT CO","MD-88",2,142,0,"Turbo-fan"
"N913DU",2018,"Fixed wing multi engine","BOEING","737-900ER",2,222,0,"Turbo-fan"
"N913EV",2002,"Fixed wing multi engine","BOMBARDIER INC","CL-600-2B19",2,55,0,"Turbo-fan"
"N913NK",2017,"Fixed wing multi engine","AIRBUS","A320-271N",2,190,0,"Turbo-fan"
"N913NN",2013,"Fixed wing multi engine","BOEING","737-823",2,162,0,"Turbo-fan"
"N913US",2014,"Fixed wing multi engine","AIRBUS","A321-231",2,379,0,"Turbo-fan"
"N913WN",2008,"Fixed wing multi engine","BOEING","737-7H4",2,143,0,"Turbo-fan"
"N913XJ",2007,"Fixed wing multi engine","BOMBARDIER INC","CL-600-2D24",2,95,0,"Turbo-fan"
"N914AN",1999,"Fixed wing multi engine","BOEING","737-823",2,162,0,"Turbo-fan"
"N914DU",2019,"Fixed wing multi engine","BOEING","737-900ER",2,222,0,"Turbo-fan"
"N914EV",2003,"Fixed wing multi engine","BOMBARDIER INC","CL-600-2B19",2,55,0,"Turbo-fan"
"N914NN",2013,"Fixed wing multi engine","BOEING","737-823",2,162,0,"Turbo-fan"
"N914UY",2014,"Fixed wing multi engine","AIRBUS","A321-231",2,379,0,"Turbo-fan"
"N914WN",2008,"Fixed wing multi engine","BOEING","737-7H4",2,143,0,"Turbo-fan"
"N914XJ",2007,"Fixed wing multi engine","BOMBARDIER INC","CL-600-2D24",2,95,0,"Turbo-fan"
"N915AN",1999,"Fixed wing multi engine","BOEING","737-823",2,162,0,"Turbo-fan"
"N915AT",2001,"Fixed wing multi engine","BOEING","717-200",2,100,0,"Turbo-fan"
"N915DU",2019,"Fixed wing multi engine","BOEING","737-900ER",2,222,0,"Turbo-fan"
"N915EV",2003,"Fixed wing multi engine","BOMBARDIER INC","CL-600-2B19",2,55,0,"Turbo-fan"
"N915NK",2018,"Fixed wing multi engine","AIRBUS","A320-271N",2,190,0,"Turbo-fan"
"N915NN",2013,"Fixed wing multi engine","BOEING","737-823",2,162,0,"Turbo-fan"
"N915SW",NA,"Fixed wing multi engine","BOMBARDIER INC","CL-600-2B19",2,55,0,"Turbo-fan"
"N915US",2014,"Fixed wing multi engine","AIRBUS","A321-231",2,379,0,"Turbo-fan"
"N915WN",2008,"Fixed wing multi engine","BOEING","737-7H4",2,143,0,"Turbo-fan"
"N915XJ",2007,"Fixed wing multi engine","BOMBARDIER INC","CL-600-2D24",2,95,0,"Turbo-fan"
"N916AN",1999,"Fixed wing multi engine","BOEING","737-823",2,162,0,"Turbo-fan"
"N916DU",2019,"Fixed wing multi engine","BOEING","737-900ER",2,222,0,"Turbo-fan"
"N916EV",2003,"Fixed wing multi engine","BOMBARDIER INC","CL-600-2B19",2,55,0,"Turbo-fan"
"N916NK",2019,"Fixed wing multi engine","AIRBUS","A320-271N",2,190,0,"Turbo-fan"
"N916NN",2013,"Fixed wing multi engine","BOEING","737-823",2,162,0,"Turbo-fan"
"N916SW",2002,"Fixed wing multi engine","BOMBARDIER INC","CL-600-2B19",2,55,0,"Turbo-fan"
"N916US",2015,"Fixed wing multi engine","AIRBUS","A321-231",2,379,0,"Turbo-fan"
"N916XJ",2008,"Fixed wing multi engine","BOMBARDIER INC","CL-600-2D24",2,95,0,"Turbo-fan"
"N917AN",1999,"Fixed wing multi engine","BOEING","737-823",2,162,0,"Turbo-fan"
"N917DU",2019,"Fixed wing multi engine","BOEING","737-900ER",2,222,0,"Turbo-fan"
"N917EV",2003,"Fixed wing multi engine","BOMBARDIER INC","CL-600-2B19",2,55,0,"Turbo-fan"
"N917NK",2019,"Fixed wing multi engine","AIRBUS","A320-271N",2,190,0,"Turbo-fan"
"N917NN",2013,"Fixed wing multi engine","BOEING","737-823",2,162,0,"Turbo-fan"
"N917SW",NA,"Fixed wing multi engine","BOMBARDIER INC","CL-600-2B19",2,55,0,"Turbo-fan"
"N917UY",2015,"Fixed wing multi engine","AIRBUS","A321-231",2,379,0,"Turbo-fan"
"N917WN",2008,"Fixed wing multi engine","BOEING","737-7H4",2,143,0,"Turbo-fan"
"N917XJ",2007,"Fixed wing multi engine","BOMBARDIER INC","CL-600-2D24",2,95,0,"Turbo-fan"
"N918AE",2005,"Fixed wing multi engine","EMBRAER","EMB-145LR",2,55,0,"Turbo-fan"
"N918AN",1999,"Fixed wing multi engine","BOEING","737-823",2,162,0,"Turbo-fan"
"N918DU",2019,"Fixed wing multi engine","BOEING","737-900ER",2,222,0,"Turbo-fan"
"N918NK",2019,"Fixed wing multi engine","AIRBUS","A320-271N",2,190,0,"Turbo-fan"
"N918NN",2013,"Fixed wing multi engine","BOEING","737-823",2,162,0,"Turbo-fan"
"N918SW",NA,"Fixed wing multi engine","BOMBARDIER INC","CL-600-2B19",2,55,0,"Turbo-fan"
"N918US",2015,"Fixed wing multi engine","AIRBUS","A321-231",2,379,0,"Turbo-fan"
"N918XJ",2007,"Fixed wing multi engine","BOMBARDIER INC","CL-600-2D24",2,95,0,"Turbo-fan"
"N919AN",1999,"Fixed wing multi engine","BOEING","737-823",2,162,0,"Turbo-fan"
"N919AT",2001,"Fixed wing multi engine","BOEING","717-200",2,100,0,"Turbo-fan"
"N919DU",2019,"Fixed wing multi engine","BOEING","737-900ER",2,222,0,"Turbo-fan"
"N919EV",2003,"Fixed wing multi engine","BOMBARDIER INC","CL-600-2B19",2,55,0,"Turbo-fan"
"N919NK",2019,"Fixed wing multi engine","AIRBUS","A320-271N",2,190,0,"Turbo-fan"
"N919NN",2013,"Fixed wing multi engine","BOEING","737-823",2,162,0,"Turbo-fan"
"N919SW",2002,"Fixed wing multi engine","BOMBARDIER INC","CL-600-2B19",2,55,0,"Turbo-fan"
"N919US",2015,"Fixed wing multi engine","AIRBUS","A321-231",2,379,0,"Turbo-fan"
"N919WN",2008,"Fixed wing multi engine","BOEING","737-7H4",2,143,0,"Turbo-fan"
"N919XJ",2008,"Fixed wing multi engine","BOMBARDIER INC","CL-600-2D24",2,95,0,"Turbo-fan"
"N920AN",1999,"Fixed wing multi engine","BOEING","737-823",2,162,0,"Turbo-fan"
"N920AT",2000,"Fixed wing multi engine","BOEING","717-200",2,100,0,"Turbo-fan"
"N920DU",2019,"Fixed wing multi engine","BOEING","737-900ER",2,222,0,"Turbo-fan"
"N920EV",2003,"Fixed wing multi engine","BOMBARDIER INC","CL-600-2B19",2,55,0,"Turbo-fan"
"N920NK",2019,"Fixed wing multi engine","AIRBUS","A320-271N",2,190,0,"Turbo-fan"
"N920NN",2013,"Fixed wing multi engine","BOEING","737-823",2,162,0,"Turbo-fan"
"N920SW",2002,"Fixed wing multi engine","BOMBARDIER INC","CL-600-2B19",2,55,0,"Turbo-fan"
"N920US",2015,"Fixed wing multi engine","AIRBUS","A321-231",2,379,0,"Turbo-fan"
"N920WN",2008,"Fixed wing multi engine","BOEING","737-7H4",2,143,0,"Turbo-fan"
"N920XJ",2008,"Fixed wing multi engine","BOMBARDIER INC","CL-600-2D24",2,95,0,"Turbo-fan"
"N921AN",1999,"Fixed wing multi engine","BOEING","737-823",2,162,0,"Turbo-fan"
"N921AT",2000,"Fixed wing multi engine","BOEING","717-200",2,100,0,"Turbo-fan"
"N921DU",2019,"Fixed wing multi engine","BOEING","737-900ER",2,222,0,"Turbo-fan"
"N921EV",2003,"Fixed wing multi engine","BOMBARDIER INC","CL-600-2B19",2,55,0,"Turbo-fan"
"N921NK",2019,"Fixed wing multi engine","AIRBUS","A320-271N",2,190,0,"Turbo-fan"
"N921NN",2013,"Fixed wing multi engine","BOEING","737-823",2,162,0,"Turbo-fan"
"N921US",2015,"Fixed wing multi engine","AIRBUS","A321-231",2,379,0,"Turbo-fan"
"N921XJ",2008,"Fixed wing multi engine","BOMBARDIER INC","CL-600-2D24",2,95,0,"Turbo-fan"
"N922AE",2005,"Fixed wing multi engine","EMBRAER","EMB-145LR",2,55,0,"Turbo-fan"
"N922AN",1999,"Fixed wing multi engine","BOEING","737-823",2,162,0,"Turbo-fan"
"N922AT",2005,"Fixed wing multi engine","BOEING","717-200",2,100,0,"Turbo-fan"
"N922DZ",2019,"Fixed wing multi engine","BOEING","737-900ER",2,222,0,"Turbo-fan"
"N922EV",2003,"Fixed wing multi engine","BOMBARDIER INC","CL-600-2B19",2,55,0,"Turbo-fan"
"N922NN",2013,"Fixed wing multi engine","BOEING","737-823",2,162,0,"Turbo-fan"
"N922US",2015,"Fixed wing multi engine","AIRBUS","A321-231",2,379,0,"Turbo-fan"
"N922WN",2008,"Fixed wing multi engine","BOEING","737-7H4",2,143,0,"Turbo-fan"
"N922XJ",2008,"Fixed wing multi engine","BOMBARDIER INC","CL-600-2D24",2,95,0,"Turbo-fan"
"N923AE",2005,"Fixed wing multi engine","EMBRAER","EMB-145LR",2,55,0,"Turbo-fan"
"N923AN",1999,"Fixed wing multi engine","BOEING","737-823",2,162,0,"Turbo-fan"
"N923AT",2005,"Fixed wing multi engine","BOEING","717-200",2,100,0,"Turbo-fan"
"N923DZ",2019,"Fixed wing multi engine","BOEING","737-900ER",2,222,0,"Turbo-fan"
"N923EV",2003,"Fixed wing multi engine","BOMBARDIER INC","CL-600-2B19",2,55,0,"Turbo-fan"
"N923NK",2019,"Fixed wing multi engine","AIRBUS","A320-271N",2,190,0,"Turbo-fan"
"N923NN",2013,"Fixed wing multi engine","BOEING","737-823",2,162,0,"Turbo-fan"
"N923SW",2002,"Fixed wing multi engine","BOMBARDIER INC","CL-600-2B19",2,55,0,"Turbo-fan"
"N923US",2015,"Fixed wing multi engine","AIRBUS","A321-231",2,379,0,"Turbo-fan"
"N923WN",2008,"Fixed wing multi engine","BOEING","737-7H4",2,143,0,"Turbo-fan"
"N923XJ",2008,"Fixed wing multi engine","BOMBARDIER INC","CL-600-2D24",2,95,0,"Turbo-fan"
"N924AN",1999,"Fixed wing multi engine","BOEING","737-823",2,162,0,"Turbo-fan"
"N924AT",2000,"Fixed wing multi engine","BOEING","717-200",2,100,0,"Turbo-fan"
"N924DZ",2019,"Fixed wing multi engine","BOEING","737-900ER",2,222,0,"Turbo-fan"
"N924NN",2013,"Fixed wing multi engine","BOEING","737-823",2,162,0,"Turbo-fan"
"N924SW",2002,"Fixed wing multi engine","BOMBARDIER INC","CL-600-2B19",2,55,0,"Turbo-fan"
"N924US",2015,"Fixed wing multi engine","AIRBUS","A321-231",2,379,0,"Turbo-fan"
"N924WN",2008,"Fixed wing multi engine","BOEING","737-7H4",2,143,0,"Turbo-fan"
"N924XJ",2008,"Fixed wing multi engine","BOMBARDIER INC","CL-600-2D24",2,95,0,"Turbo-fan"
"N925AE",2005,"Fixed wing multi engine","EMBRAER","EMB-145LR",2,55,0,"Turbo-fan"
"N925AN",1999,"Fixed wing multi engine","BOEING","737-823",2,162,0,"Turbo-fan"
"N925AT",2000,"Fixed wing multi engine","BOEING","717-200",2,100,0,"Turbo-fan"
"N925DZ",2019,"Fixed wing multi engine","BOEING","737-900ER",2,222,0,"Turbo-fan"
"N925EV",2003,"Fixed wing multi engine","BOMBARDIER INC","CL-600-2B19",2,55,0,"Turbo-fan"
"N925NN",2013,"Fixed wing multi engine","BOEING","737-823",2,162,0,"Turbo-fan"
"N925SW",2002,"Fixed wing multi engine","BOMBARDIER INC","CL-600-2B19",2,55,0,"Turbo-fan"
"N925UY",2015,"Fixed wing multi engine","AIRBUS","A321-231",2,379,0,"Turbo-fan"
"N925WN",2008,"Fixed wing multi engine","BOEING","737-7H4",2,143,0,"Turbo-fan"
"N925XJ",2008,"Fixed wing multi engine","BOMBARDIER INC","CL-600-2D24",2,95,0,"Turbo-fan"
"N926AN",2000,"Fixed wing multi engine","BOEING","737-823",2,162,0,"Turbo-fan"
"N926AT",2000,"Fixed wing multi engine","BOEING","717-200",2,100,0,"Turbo-fan"
"N926DZ",2019,"Fixed wing multi engine","BOEING","737-900ER",2,222,0,"Turbo-fan"
"N926EV",2003,"Fixed wing multi engine","BOMBARDIER INC","CL-600-2B19",2,55,0,"Turbo-fan"
"N926NN",2013,"Fixed wing multi engine","BOEING","737-823",2,162,0,"Turbo-fan"
"N926SW",2002,"Fixed wing multi engine","BOMBARDIER INC","CL-600-2B19",2,55,0,"Turbo-fan"
"N926UW",2015,"Fixed wing multi engine","AIRBUS","A321-231",2,379,0,"Turbo-fan"
"N926WN",2008,"Fixed wing multi engine","BOEING","737-7H4",2,143,0,"Turbo-fan"
"N926XJ",2008,"Fixed wing multi engine","BOMBARDIER INC","CL-600-2D24",2,95,0,"Turbo-fan"
"N927AN",2000,"Fixed wing multi engine","BOEING","737-823",2,162,0,"Turbo-fan"
"N927AT",2000,"Fixed wing multi engine","BOEING","717-200",2,100,0,"Turbo-fan"
"N927DZ",2019,"Fixed wing multi engine","BOEING","737-900ER",2,222,0,"Turbo-fan"
"N927EV",2003,"Fixed wing multi engine","BOMBARDIER INC","CL-600-2B19",2,55,0,"Turbo-fan"
"N927NN",2013,"Fixed wing multi engine","BOEING","737-823",2,162,0,"Turbo-fan"
"N927SW",2002,"Fixed wing multi engine","BOMBARDIER INC","CL-600-2B19",2,55,0,"Turbo-fan"
"N927UW",2015,"Fixed wing multi engine","AIRBUS","A321-231",2,379,0,"Turbo-fan"
"N927WN",NA,"Fixed wing multi engine","BOEING","737-7H4",2,143,0,"Turbo-fan"
"N927XJ",2008,"Fixed wing multi engine","BOMBARDIER INC","CL-600-2D24",2,95,0,"Turbo-fan"
"N928AE",2005,"Fixed wing multi engine","EMBRAER","EMB-145LR",2,55,0,"Turbo-fan"
"N928AM",2017,"Fixed wing multi engine","AIRBUS","A321-231",2,379,0,"Turbo-fan"
"N928AN",2000,"Fixed wing multi engine","BOEING","737-823",2,162,0,"Turbo-fan"
"N928AT",2000,"Fixed wing multi engine","BOEING","717-200",2,100,0,"Turbo-fan"
"N928DU",2019,"Fixed wing multi engine","BOEING","737-900ER",2,222,0,"Turbo-fan"
"N928EV",2004,"Fixed wing multi engine","BOMBARDIER INC","CL-600-2B19",2,55,0,"Turbo-fan"
"N928NN",2013,"Fixed wing multi engine","BOEING","737-823",2,162,0,"Turbo-fan"
"N928SW",2002,"Fixed wing multi engine","BOMBARDIER INC","CL-600-2B19",2,55,0,"Turbo-fan"
"N928WN",2008,"Fixed wing multi engine","BOEING","737-7H4",2,143,0,"Turbo-fan"
"N928XJ",2008,"Fixed wing multi engine","BOMBARDIER INC","CL-600-2D24",2,95,0,"Turbo-fan"
"N929AA",2017,"Fixed wing multi engine","AIRBUS","A321-231",2,379,0,"Turbo-fan"
"N929AN",2000,"Fixed wing multi engine","BOEING","737-823",2,162,0,"Turbo-fan"
"N929AT",2000,"Fixed wing multi engine","BOEING","717-200",2,100,0,"Turbo-fan"
"N929DN",1996,"Fixed wing multi engine","MCDONNELL DOUGLAS","MD-90-30",2,142,0,"Turbo-jet"
"N929DZ",2019,"Fixed wing multi engine","BOEING","737-900ER",2,222,0,"Turbo-fan"
"N929EV",2004,"Fixed wing multi engine","BOMBARDIER INC","CL-600-2B19",2,55,0,"Turbo-fan"
"N929NN",2013,"Fixed wing multi engine","BOEING","737-823",2,162,0,"Turbo-fan"
"N929SW",2002,"Fixed wing multi engine","BOMBARDIER INC","CL-600-2B19",2,55,0,"Turbo-fan"
"N929WN",2008,"Fixed wing multi engine","BOEING","737-7H4",2,143,0,"Turbo-fan"
"N929XJ",2008,"Fixed wing multi engine","BOMBARDIER INC","CL-600-2D24",2,95,0,"Turbo-fan"
"N93003",2013,"Fixed wing multi engine","AIRBUS","A319-115",2,147,0,"Turbo-fan"
"N930AN",2000,"Fixed wing multi engine","BOEING","737-823",2,162,0,"Turbo-fan"
"N930AT",2000,"Fixed wing multi engine","BOEING","717-200",2,100,0,"Turbo-fan"
"N930AU",2017,"Fixed wing multi engine","AIRBUS","A321-231",2,379,0,"Turbo-fan"
"N930DN",1996,"Fixed wing multi engine","MCDONNELL DOUGLAS","MD-90-30",2,142,0,"Turbo-jet"
"N930DZ",2019,"Fixed wing multi engine","BOEING","737-900ER",2,222,0,"Turbo-fan"
"N930EV",NA,"Fixed wing multi engine","BOMBARDIER INC","CL-600-2B19",2,55,0,"Turbo-fan"
"N930NN",2013,"Fixed wing multi engine","BOEING","737-823",2,162,0,"Turbo-fan"
"N930SW",2002,"Fixed wing multi engine","BOMBARDIER INC","CL-600-2B19",2,55,0,"Turbo-fan"
"N930WN",2009,"Fixed wing multi engine","BOEING","737-7H4",2,143,0,"Turbo-fan"
"N930XJ",2008,"Fixed wing multi engine","BOMBARDIER INC","CL-600-2D24",2,95,0,"Turbo-fan"
"N931AE",2005,"Fixed wing multi engine","EMBRAER","EMB-145LR",2,55,0,"Turbo-fan"
"N931AM",2017,"Fixed wing multi engine","AIRBUS","A321-231",2,379,0,"Turbo-fan"
"N931AN",2000,"Fixed wing multi engine","BOEING","737-823",2,162,0,"Turbo-fan"
"N931EV",2005,"Fixed wing multi engine","BOMBARDIER INC","CL-600-2B19",2,55,0,"Turbo-fan"
"N931NN",2013,"Fixed wing multi engine","BOEING","737-823",2,162,0,"Turbo-fan"
"N931WN",2009,"Fixed wing multi engine","BOEING","737-7H4",2,143,0,"Turbo-fan"
"N931XJ",2008,"Fixed wing multi engine","BOMBARDIER INC","CL-600-2D24",2,95,0,"Turbo-fan"
"N932AE",2005,"Fixed wing multi engine","EMBRAER","EMB-145LR",2,55,0,"Turbo-fan"
"N932AM",2017,"Fixed wing multi engine","AIRBUS","A321-231",2,379,0,"Turbo-fan"
"N932AN",2000,"Fixed wing multi engine","BOEING","737-823",2,162,0,"Turbo-fan"
"N932AT",2000,"Fixed wing multi engine","BOEING","717-200",2,100,0,"Turbo-fan"
"N932EV",2005,"Fixed wing multi engine","BOMBARDIER INC","CL-600-2B19",2,55,0,"Turbo-fan"
"N932NN",2013,"Fixed wing multi engine","BOEING","737-823",2,162,0,"Turbo-fan"
"N932SW",2002,"Fixed wing multi engine","BOMBARDIER INC","CL-600-2B19",2,55,0,"Turbo-fan"
"N932WN",2009,"Fixed wing multi engine","BOEING","737-7H4",2,143,0,"Turbo-fan"
"N932XJ",2008,"Fixed wing multi engine","BOMBARDIER INC","CL-600-2D24",2,95,0,"Turbo-fan"
"N93305",2014,"Fixed wing multi engine","EMBRAER S A","ERJ 170-200 LL",2,88,0,"Turbo-fan"
"N933AM",2017,"Fixed wing multi engine","AIRBUS","A321-231",2,379,0,"Turbo-fan"
"N933AN",2000,"Fixed wing multi engine","BOEING","737-823",2,162,0,"Turbo-fan"
"N933AT",2000,"Fixed wing multi engine","BOEING","717-200",2,100,0,"Turbo-fan"
"N933EV",2005,"Fixed wing multi engine","BOMBARDIER INC","CL-600-2B19",2,55,0,"Turbo-fan"
"N933JN",2005,"Fixed wing multi engine","EMBRAER","EMB-145LR",2,55,0,"Turbo-fan"
"N933NN",2013,"Fixed wing multi engine","BOEING","737-823",2,162,0,"Turbo-fan"
"N933XJ",2008,"Fixed wing multi engine","BOMBARDIER INC","CL-600-2D24",2,95,0,"Turbo-fan"
"N934AA",2017,"Fixed wing multi engine","AIRBUS","A321-231",2,379,0,"Turbo-fan"
"N934AN",2000,"Fixed wing multi engine","BOEING","737-823",2,162,0,"Turbo-fan"
"N934AT",2000,"Fixed wing multi engine","BOEING","717-200",2,100,0,"Turbo-fan"
"N934NN",2013,"Fixed wing multi engine","BOEING","737-823",2,162,0,"Turbo-fan"
"N934SW",2002,"Fixed wing multi engine","BOMBARDIER INC","CL-600-2B19",2,55,0,"Turbo-fan"
"N934XJ",2008,"Fixed wing multi engine","BOMBARDIER INC","CL-600-2D24",2,95,0,"Turbo-fan"
"N935AE",2005,"Fixed wing multi engine","EMBRAER","EMB-145LR",2,55,0,"Turbo-fan"
"N935AN",2000,"Fixed wing multi engine","BOEING","737-823",2,162,0,"Turbo-fan"
"N935AT",2000,"Fixed wing multi engine","BOEING","717-200",2,100,0,"Turbo-fan"
"N935NN",2013,"Fixed wing multi engine","BOEING","737-823",2,162,0,"Turbo-fan"
"N935SW",2002,"Fixed wing multi engine","BOMBARDIER INC","CL-600-2B19",2,55,0,"Turbo-fan"
"N935XJ",2008,"Fixed wing multi engine","BOMBARDIER INC","CL-600-2D24",2,95,0,"Turbo-fan"
"N936AN",2000,"Fixed wing multi engine","BOEING","737-823",2,162,0,"Turbo-fan"
"N936AT",1999,"Fixed wing multi engine","BOEING","717-200",2,100,0,"Turbo-fan"
"N936EV",2005,"Fixed wing multi engine","BOMBARDIER INC","CL-600-2B19",2,55,0,"Turbo-fan"
"N936NN",2013,"Fixed wing multi engine","BOEING","737-823",2,162,0,"Turbo-fan"
"N936SW",2002,"Fixed wing multi engine","BOMBARDIER INC","CL-600-2B19",2,55,0,"Turbo-fan"
"N936WN",2009,"Fixed wing multi engine","BOEING","737-7H4",2,143,0,"Turbo-fan"
"N936XJ",2008,"Fixed wing multi engine","BOMBARDIER INC","CL-600-2D24",2,95,0,"Turbo-fan"
"N937AN",2000,"Fixed wing multi engine","BOEING","737-823",2,162,0,"Turbo-fan"
"N937AT",2001,"Fixed wing multi engine","BOEING","717-200",2,100,0,"Turbo-fan"
"N937EV",2005,"Fixed wing multi engine","BOMBARDIER INC","CL-600-2B19",2,55,0,"Turbo-fan"
"N937NN",2013,"Fixed wing multi engine","BOEING","737-823",2,162,0,"Turbo-fan"
"N937SW",2003,"Fixed wing multi engine","BOMBARDIER INC","CL-600-2B19",2,55,0,"Turbo-fan"
"N937WN",2009,"Fixed wing multi engine","BOEING","737-7H4",2,143,0,"Turbo-fan"
"N937XJ",2008,"Fixed wing multi engine","BOMBARDIER INC","CL-600-2D24",2,95,0,"Turbo-fan"
"N938AN",2000,"Fixed wing multi engine","BOEING","737-823",2,162,0,"Turbo-fan"
"N938AT",2006,"Fixed wing multi engine","BOEING","717-200",2,100,0,"Turbo-fan"
"N938NN",2013,"Fixed wing multi engine","BOEING","737-823",2,162,0,"Turbo-fan"
"N938SW",2003,"Fixed wing multi engine","BOMBARDIER INC","CL-600-2B19",2,55,0,"Turbo-fan"
"N938WN",2009,"Fixed wing multi engine","BOEING","737-7H4",2,143,0,"Turbo-fan"
"N939AE",2005,"Fixed wing multi engine","EMBRAER","EMB-145LR",2,55,0,"Turbo-fan"
"N939AN",2000,"Fixed wing multi engine","BOEING","737-823",2,162,0,"Turbo-fan"
"N939AT",2006,"Fixed wing multi engine","BOEING","717-200",2,100,0,"Turbo-fan"
"N939NN",2013,"Fixed wing multi engine","BOEING","737-823",2,162,0,"Turbo-fan"
"N939SW",2003,"Fixed wing multi engine","BOMBARDIER INC","CL-600-2B19",2,55,0,"Turbo-fan"
"N939UW",1994,"Fixed wing multi engine","BOEING","757-2B7",2,178,0,"Turbo-fan"
"N939WN",2009,"Fixed wing multi engine","BOEING","737-7H4",2,143,0,"Turbo-fan"
"N940AN",2000,"Fixed wing multi engine","BOEING","737-823",2,162,0,"Turbo-fan"
"N940AT",1999,"Fixed wing multi engine","BOEING","717-200",2,100,0,"Turbo-fan"
"N940NN",2013,"Fixed wing multi engine","BOEING","737-823",2,162,0,"Turbo-fan"
"N940WN",2009,"Fixed wing multi engine","BOEING","737-7H4",2,143,0,"Turbo-fan"
"N941AN",2000,"Fixed wing multi engine","BOEING","737-823",2,162,0,"Turbo-fan"
"N941FR",2005,"Fixed wing multi engine","AIRBUS","A319-112",2,100,0,"Turbo-fan"
"N941LT",2005,"Fixed wing multi engine","EMBRAER","EMB-145LR",2,55,0,"Turbo-fan"
"N941NN",2013,"Fixed wing multi engine","BOEING","737-823",2,162,0,"Turbo-fan"
"N941SW",2003,"Fixed wing multi engine","BOMBARDIER INC","CL-600-2B19",2,55,0,"Turbo-fan"
"N941WN",2009,"Fixed wing multi engine","BOEING","737-7H4",2,143,0,"Turbo-fan"
"N942AN",2000,"Fixed wing multi engine","BOEING","737-823",2,162,0,"Turbo-fan"
"N942AT",1999,"Fixed wing multi engine","BOEING","717-200",2,100,0,"Turbo-fan"
"N942LL",2005,"Fixed wing multi engine","EMBRAER","EMB-145LR",2,55,0,"Turbo-fan"
"N942NN",2013,"Fixed wing multi engine","BOEING","737-823",2,162,0,"Turbo-fan"
"N942WN",2009,"Fixed wing multi engine","BOEING","737-7H4",2,143,0,"Turbo-fan"
"N943AN",2000,"Fixed wing multi engine","BOEING","737-823",2,162,0,"Turbo-fan"
"N943AT",1999,"Fixed wing multi engine","BOEING","717-200",2,100,0,"Turbo-fan"
"N943FR",2005,"Fixed wing multi engine","AIRBUS","A319-112",2,100,0,"Turbo-fan"
"N943NN",2013,"Fixed wing multi engine","BOEING","737-823",2,162,0,"Turbo-fan"
"N943SW",2003,"Fixed wing multi engine","BOMBARDIER INC","CL-600-2B19",2,55,0,"Turbo-fan"
"N943WN",2010,"Fixed wing multi engine","BOEING","737-7H4",2,143,0,"Turbo-fan"
"N944AN",2000,"Fixed wing multi engine","BOEING","737-823",2,162,0,"Turbo-fan"
"N944AT",1999,"Fixed wing multi engine","BOEING","717-200",2,100,0,"Turbo-fan"
"N944NN",2014,"Fixed wing multi engine","BOEING","737-823",2,162,0,"Turbo-fan"
"N944SW",2003,"Fixed wing multi engine","BOMBARDIER INC","CL-600-2B19",2,55,0,"Turbo-fan"
"N944WN",2010,"Fixed wing multi engine","BOEING","737-7H4",2,143,0,"Turbo-fan"
"N945AN",2000,"Fixed wing multi engine","BOEING","737-823",2,162,0,"Turbo-fan"
"N945AT",1999,"Fixed wing multi engine","BOEING","717-200",2,100,0,"Turbo-fan"
"N945NN",2014,"Fixed wing multi engine","BOEING","737-823",2,162,0,"Turbo-fan"
"N945SW",2003,"Fixed wing multi engine","BOMBARDIER INC","CL-600-2B19",2,55,0,"Turbo-fan"
"N945WN",2010,"Fixed wing multi engine","BOEING","737-7H4",2,143,0,"Turbo-fan"
"N946AN",2000,"Fixed wing multi engine","BOEING","737-823",2,162,0,"Turbo-fan"
"N946AT",1999,"Fixed wing multi engine","BOEING","717-200",2,100,0,"Turbo-fan"
"N946NN",2014,"Fixed wing multi engine","BOEING","737-823",2,162,0,"Turbo-fan"
"N946SW",2003,"Fixed wing multi engine","BOMBARDIER INC","CL-600-2B19",2,55,0,"Turbo-fan"
"N946WN",2010,"Fixed wing multi engine","BOEING","737-7H4",2,143,0,"Turbo-fan"
"N947AN",2000,"Fixed wing multi engine","BOEING","737-823",2,162,0,"Turbo-fan"
"N947AT",1999,"Fixed wing multi engine","BOEING","717-200",2,100,0,"Turbo-fan"
"N947NN",2014,"Fixed wing multi engine","BOEING","737-823",2,162,0,"Turbo-fan"
"N947SW",2003,"Fixed wing multi engine","BOMBARDIER INC","CL-600-2B19",2,55,0,"Turbo-fan"
"N947WN",2010,"Fixed wing multi engine","BOEING","737-7H4",2,143,0,"Turbo-fan"
"N948AN",2000,"Fixed wing multi engine","BOEING","737-823",2,162,0,"Turbo-fan"
"N948AT",1999,"Fixed wing multi engine","BOEING","717-200",2,100,0,"Turbo-fan"
"N948NN",2014,"Fixed wing multi engine","BOEING","737-823",2,162,0,"Turbo-fan"
"N948WN",2010,"Fixed wing multi engine","BOEING","737-7H4",2,143,0,"Turbo-fan"
"N949AN",2000,"Fixed wing multi engine","BOEING","737-823",2,162,0,"Turbo-fan"
"N949AT",1999,"Fixed wing multi engine","BOEING","717-200",2,100,0,"Turbo-fan"
"N949FR",2006,"Fixed wing multi engine","AIRBUS","A319-112",2,100,0,"Turbo-fan"
"N949NN",2014,"Fixed wing multi engine","BOEING","737-823",2,162,0,"Turbo-fan"
"N949WN",2010,"Fixed wing multi engine","BOEING","737-7H4",2,143,0,"Turbo-fan"
"N950AN",2000,"Fixed wing multi engine","BOEING","737-823",2,162,0,"Turbo-fan"
"N950AT",2000,"Fixed wing multi engine","BOEING","717-200",2,100,0,"Turbo-fan"
"N950NN",2014,"Fixed wing multi engine","BOEING","737-823",2,162,0,"Turbo-fan"
"N950WN",2010,"Fixed wing multi engine","BOEING","737-7H4",2,143,0,"Turbo-fan"
"N951AA",2000,"Fixed wing multi engine","BOEING","737-823",2,162,0,"Turbo-fan"
"N951AT",2000,"Fixed wing multi engine","BOEING","717-200",2,100,0,"Turbo-fan"
"N951NN",2014,"Fixed wing multi engine","BOEING","737-823",2,162,0,"Turbo-fan"
"N951SW",2003,"Fixed wing multi engine","BOMBARDIER INC","CL-600-2B19",2,55,0,"Turbo-fan"
"N951WN",2010,"Fixed wing multi engine","BOEING","737-7H4",2,143,0,"Turbo-fan"
"N952AA",2000,"Fixed wing multi engine","BOEING","737-823",2,162,0,"Turbo-fan"
"N952AT",2000,"Fixed wing multi engine","BOEING","717-200",2,100,0,"Turbo-fan"
"N952NN",2014,"Fixed wing multi engine","BOEING","737-823",2,162,0,"Turbo-fan"
"N952SW",2003,"Fixed wing multi engine","BOMBARDIER INC","CL-600-2B19",2,55,0,"Turbo-fan"
"N952WN",2010,"Fixed wing multi engine","BOEING","737-7H4",2,143,0,"Turbo-fan"
"N953AN",2001,"Fixed wing multi engine","BOEING","737-823",2,162,0,"Turbo-fan"
"N953AT",2000,"Fixed wing multi engine","BOEING","717-200",2,100,0,"Turbo-fan"
"N953NN",2014,"Fixed wing multi engine","BOEING","737-823",2,162,0,"Turbo-fan"
"N953SW",2003,"Fixed wing multi engine","BOMBARDIER INC","CL-600-2B19",2,55,0,"Turbo-fan"
"N953WN",2010,"Fixed wing multi engine","BOEING","737-7H4",2,143,0,"Turbo-fan"
"N954AN",2001,"Fixed wing multi engine","BOEING","737-823",2,162,0,"Turbo-fan"
"N954AT",2000,"Fixed wing multi engine","BOEING","717-200",2,100,0,"Turbo-fan"
"N954NN",2014,"Fixed wing multi engine","BOEING","737-823",2,162,0,"Turbo-fan"
"N954SW",2003,"Fixed wing multi engine","BOMBARDIER INC","CL-600-2B19",2,55,0,"Turbo-fan"
"N954WN",2011,"Fixed wing multi engine","BOEING","737-7H4",2,143,0,"Turbo-fan"
"N955AN",2001,"Fixed wing multi engine","BOEING","737-823",2,162,0,"Turbo-fan"
"N955AT",2000,"Fixed wing multi engine","BOEING","717-200",2,100,0,"Turbo-fan"
"N955NN",2014,"Fixed wing multi engine","BOEING","737-823",2,162,0,"Turbo-fan"
"N955SW",2003,"Fixed wing multi engine","BOMBARDIER INC","CL-600-2B19",2,55,0,"Turbo-fan"
"N955WN",2011,"Fixed wing multi engine","BOEING","737-7H4",2,143,0,"Turbo-fan"
"N956AN",2001,"Fixed wing multi engine","BOEING","737-823",2,162,0,"Turbo-fan"
"N956NN",2014,"Fixed wing multi engine","BOEING","737-823",2,162,0,"Turbo-fan"
"N956SW",2003,"Fixed wing multi engine","BOMBARDIER INC","CL-600-2B19",2,55,0,"Turbo-fan"
"N956UW",2008,"Fixed wing multi engine","EMBRAER","ERJ 190-100 IGW",2,20,0,"Turbo-fan"
"N956WN",2011,"Fixed wing multi engine","BOEING","737-7H4",2,143,0,"Turbo-fan"
"N957AN",2001,"Fixed wing multi engine","BOEING","737-823",2,162,0,"Turbo-fan"
"N957AT",2000,"Fixed wing multi engine","BOEING","717-200",2,100,0,"Turbo-fan"
"N957NN",2014,"Fixed wing multi engine","BOEING","737-823",2,162,0,"Turbo-fan"
"N957SW",2003,"Fixed wing multi engine","BOMBARDIER INC","CL-600-2B19",2,55,0,"Turbo-fan"
"N957UW",2008,"Fixed wing multi engine","EMBRAER","ERJ 190-100 IGW",2,20,0,"Turbo-fan"
"N957WN",2011,"Fixed wing multi engine","BOEING","737-7H4",2,143,0,"Turbo-fan"
"N958AN",2001,"Fixed wing multi engine","BOEING","737-823",2,162,0,"Turbo-fan"
"N958NN",2014,"Fixed wing multi engine","BOEING","737-823",2,162,0,"Turbo-fan"
"N958SW",2003,"Fixed wing multi engine","BOMBARDIER INC","CL-600-2B19",2,55,0,"Turbo-fan"
"N958UW",2008,"Fixed wing multi engine","EMBRAER","ERJ 190-100 IGW",2,20,0,"Turbo-fan"
"N958WN",2011,"Fixed wing multi engine","BOEING","737-7H4",2,143,0,"Turbo-fan"
"N959AN",2001,"Fixed wing multi engine","BOEING","737-823",2,162,0,"Turbo-fan"
"N959AT",2001,"Fixed wing multi engine","BOEING","717-200",2,100,0,"Turbo-fan"
"N959NN",2014,"Fixed wing multi engine","BOEING","737-823",2,162,0,"Turbo-fan"
"N959SW",2003,"Fixed wing multi engine","BOMBARDIER INC","CL-600-2B19",2,55,0,"Turbo-fan"
"N959WN",2011,"Fixed wing multi engine","BOEING","737-7H4",2,143,0,"Turbo-fan"
"N960AN",2001,"Fixed wing multi engine","BOEING","737-823",2,162,0,"Turbo-fan"
"N960AT",2001,"Fixed wing multi engine","BOEING","717-200",2,100,0,"Turbo-fan"
"N960NN",2014,"Fixed wing multi engine","BOEING","737-823",2,162,0,"Turbo-fan"
"N960SW",2003,"Fixed wing multi engine","BOMBARDIER INC","CL-600-2B19",2,55,0,"Turbo-fan"
"N960WN",2011,"Fixed wing multi engine","BOEING","737-7H4",2,143,0,"Turbo-fan"
"N9616G",1997,"Fixed wing multi engine","MCDONNELL DOUGLAS","DC-9-83(MD-83)",2,172,0,"Turbo-fan"
"N9617R",1997,"Fixed wing multi engine","MCDONNELL DOUGLAS","DC-9-83(MD-83)",2,172,0,"Turbo-fan"
"N9618A",1997,"Fixed wing multi engine","MCDONNELL DOUGLAS","DC-9-83(MD-83)",2,172,0,"Turbo-fan"
"N9619V",1997,"Fixed wing multi engine","MCDONNELL DOUGLAS","DC-9-83(MD-83)",2,172,0,"Turbo-fan"
"N961AN",2001,"Fixed wing multi engine","BOEING","737-823",2,162,0,"Turbo-fan"
"N961AT",2001,"Fixed wing multi engine","BOEING","717-200",2,100,0,"Turbo-fan"
"N961NN",2014,"Fixed wing multi engine","BOEING","737-823",2,162,0,"Turbo-fan"
"N961SW",2003,"Fixed wing multi engine","BOMBARDIER INC","CL-600-2B19",2,55,0,"Turbo-fan"
"N961TW",1999,"Fixed wing multi engine","MCDONNELL DOUGLAS","DC-9-83(MD-83)",2,172,0,"Turbo-fan"
"N961WN",2011,"Fixed wing multi engine","BOEING","737-7H4",2,143,0,"Turbo-fan"
"N9620D",1997,"Fixed wing multi engine","MCDONNELL DOUGLAS","DC-9-83(MD-83)",2,172,0,"Turbo-fan"
"N9624T",1998,"Fixed wing multi engine","MCDONNELL DOUGLAS","DC-9-83(MD-83)",2,172,0,"Turbo-fan"
"N9626F",1998,"Fixed wing multi engine","MCDONNELL DOUGLAS","DC-9-83(MD-83)",2,172,0,"Turbo-fan"
"N9628W",1998,"Fixed wing multi engine","MCDONNELL DOUGLAS","DC-9-83(MD-83)",2,172,0,"Turbo-fan"
"N9629H",1998,"Fixed wing multi engine","MCDONNELL DOUGLAS","DC-9-83(MD-83)",2,172,0,"Turbo-fan"
"N962AN",2001,"Fixed wing multi engine","BOEING","737-823",2,162,0,"Turbo-fan"
"N962NN",2014,"Fixed wing multi engine","BOEING","737-823",2,162,0,"Turbo-fan"
"N962SW",2003,"Fixed wing multi engine","BOMBARDIER INC","CL-600-2B19",2,55,0,"Turbo-fan"
"N962WN",2011,"Fixed wing multi engine","BOEING","737-7H4",2,143,0,"Turbo-fan"
"N9630A",1997,"Fixed wing multi engine","MCDONNELL DOUGLAS AIRCRAFT CO","MD 83",2,155,0,"Turbo-fan"
"N963AN",2001,"Fixed wing multi engine","BOEING","737-823",2,162,0,"Turbo-fan"
"N963AT",2001,"Fixed wing multi engine","BOEING","717-200",2,100,0,"Turbo-fan"
"N963DN",1999,"Fixed wing multi engine","BOEING","MD-90-30",2,142,0,"Turbo-fan"
"N963NN",2014,"Fixed wing multi engine","BOEING","737-823",2,162,0,"Turbo-fan"
"N963SW",2003,"Fixed wing multi engine","BOMBARDIER INC","CL-600-2B19",2,55,0,"Turbo-fan"
"N963TW",1999,"Fixed wing multi engine","MCDONNELL DOUGLAS","DC-9-83(MD-83)",2,172,0,"Turbo-fan"
"N963WN",2011,"Fixed wing multi engine","BOEING","737-7H4",2,143,0,"Turbo-fan"
"N964AN",2001,"Fixed wing multi engine","BOEING","737-823",2,162,0,"Turbo-fan"
"N964AT",2001,"Fixed wing multi engine","BOEING","717-200",2,100,0,"Turbo-fan"
"N964NN",2015,"Fixed wing multi engine","BOEING","737-823",2,162,0,"Turbo-fan"
"N964SW",2003,"Fixed wing multi engine","BOMBARDIER INC","CL-600-2B19",2,55,0,"Turbo-fan"
"N964TW",1999,"Fixed wing multi engine","MCDONNELL DOUGLAS","DC-9-83(MD-83)",2,172,0,"Turbo-fan"
"N964WN",2011,"Fixed wing multi engine","BOEING","737-7H4",2,143,0,"Turbo-fan"
"N965AN",2001,"Fixed wing multi engine","BOEING","737-823",2,162,0,"Turbo-fan"
"N965AT",2001,"Fixed wing multi engine","BOEING","717-200",2,100,0,"Turbo-fan"
"N965NN",2015,"Fixed wing multi engine","BOEING","737-823",2,162,0,"Turbo-fan"
"N965SW",2003,"Fixed wing multi engine","BOMBARDIER INC","CL-600-2B19",2,55,0,"Turbo-fan"
"N965TW",1999,"Fixed wing multi engine","MCDONNELL DOUGLAS","DC-9-83(MD-83)",2,172,0,"Turbo-fan"
"N965WN",2011,"Fixed wing multi engine","BOEING","737-7H4",2,143,0,"Turbo-fan"
"N966AN",2001,"Fixed wing multi engine","BOEING","737-823",2,162,0,"Turbo-fan"
"N966AT",2001,"Fixed wing multi engine","BOEING","717-200",2,100,0,"Turbo-fan"
"N966NN",2015,"Fixed wing multi engine","BOEING","737-823",2,162,0,"Turbo-fan"
"N966WN",2011,"Fixed wing multi engine","BOEING","737-7H4",2,143,0,"Turbo-fan"
"N967AN",2001,"Fixed wing multi engine","BOEING","737-823",2,162,0,"Turbo-fan"
"N967AT",2001,"Fixed wing multi engine","BOEING","717-200",2,100,0,"Turbo-fan"
"N967NN",2015,"Fixed wing multi engine","BOEING","737-823",2,162,0,"Turbo-fan"
"N967SW",2003,"Fixed wing multi engine","BOMBARDIER INC","CL-600-2B19",2,55,0,"Turbo-fan"
"N967WN",2011,"Fixed wing multi engine","BOEING","737-7H4",2,143,0,"Turbo-fan"
"N968AN",2001,"Fixed wing multi engine","BOEING","737-823",2,162,0,"Turbo-fan"
"N968NN",2015,"Fixed wing multi engine","BOEING","737-823",2,162,0,"Turbo-fan"
"N968TW",1999,"Fixed wing multi engine","MCDONNELL DOUGLAS","DC-9-83(MD-83)",2,172,0,"Turbo-fan"
"N968WN",2011,"Fixed wing multi engine","BOEING","737-7H4",2,143,0,"Turbo-fan"
"N969AN",2001,"Fixed wing multi engine","BOEING","737-823",2,162,0,"Turbo-fan"
"N969DL",2024,"Rotorcraft","BELL TEXTRON CANADA LTD","505",1,5,0,"Turbo-shaft"
"N969NN",2015,"Fixed wing multi engine","BOEING","737-823",2,162,0,"Turbo-fan"
"N969SW",2003,"Fixed wing multi engine","BOMBARDIER INC","CL-600-2B19",2,55,0,"Turbo-fan"
"N969TW",1999,"Fixed wing multi engine","MCDONNELL DOUGLAS","DC-9-83(MD-83)",2,172,0,"Turbo-fan"
"N969WN",2011,"Fixed wing multi engine","BOEING","737-7H4",2,143,0,"Turbo-fan"
"N970AN",2001,"Fixed wing multi engine","BOEING","737-823",2,162,0,"Turbo-fan"
"N970AT",2001,"Fixed wing multi engine","BOEING","717-200",2,100,0,"Turbo-fan"
"N970NN",2015,"Fixed wing multi engine","BOEING","737-823",2,162,0,"Turbo-fan"
"N970SW",2003,"Fixed wing multi engine","BOMBARDIER INC","CL-600-2B19",2,55,0,"Turbo-fan"
"N970TW",1999,"Fixed wing multi engine","MCDONNELL DOUGLAS","DC-9-83(MD-83)",2,172,0,"Turbo-fan"
"N970UY",2009,"Fixed wing multi engine","AIRBUS","A321-231",2,379,0,"Turbo-fan"
"N971AN",2001,"Fixed wing multi engine","BOEING","737-823",2,162,0,"Turbo-fan"
"N971AT",2001,"Fixed wing multi engine","BOEING","717-200",2,100,0,"Turbo-fan"
"N971NN",2015,"Fixed wing multi engine","BOEING","737-823",2,162,0,"Turbo-fan"
"N971SW",2004,"Fixed wing multi engine","BOMBARDIER INC","CL-600-2B19",2,55,0,"Turbo-fan"
"N971UY",NA,"Fixed wing multi engine","AIRBUS","A321-231",2,379,0,"Turbo-fan"
"N972AN",2001,"Fixed wing multi engine","BOEING","737-823",2,162,0,"Turbo-fan"
"N972NN",2015,"Fixed wing multi engine","BOEING","737-823",2,162,0,"Turbo-fan"
"N972UY",2009,"Fixed wing multi engine","AIRBUS","A321-231",2,379,0,"Turbo-fan"
"N973AN",2001,"Fixed wing multi engine","BOEING","737-823",2,162,0,"Turbo-fan"
"N973NN",2015,"Fixed wing multi engine","BOEING","737-823",2,162,0,"Turbo-fan"
"N973SW",2004,"Fixed wing multi engine","BOMBARDIER INC","CL-600-2B19",2,55,0,"Turbo-fan"
"N973UY",2011,"Fixed wing multi engine","AIRBUS","A321-231",2,379,0,"Turbo-fan"
"N974AN",2001,"Fixed wing multi engine","BOEING","737-823",2,162,0,"Turbo-fan"
"N974AT",2002,"Fixed wing multi engine","BOEING","717-200",2,100,0,"Turbo-fan"
"N974UY",2011,"Fixed wing multi engine","AIRBUS","A321-231",2,379,0,"Turbo-fan"
"N975AN",2001,"Fixed wing multi engine","BOEING","737-823",2,162,0,"Turbo-fan"
"N975SW",2004,"Fixed wing multi engine","BOMBARDIER INC","CL-600-2B19",2,55,0,"Turbo-fan"
"N975UY",2011,"Fixed wing multi engine","AIRBUS","A321-231",2,379,0,"Turbo-fan"
"N976AN",2001,"Fixed wing multi engine","BOEING","737-823",2,162,0,"Turbo-fan"
"N976NN",2015,"Fixed wing multi engine","BOEING","737-823",2,162,0,"Turbo-fan"
"N976SW",2004,"Fixed wing multi engine","BOMBARDIER INC","CL-600-2B19",2,55,0,"Turbo-fan"
"N976UY",2012,"Fixed wing multi engine","AIRBUS","A321-231",2,379,0,"Turbo-fan"
"N977AT",2002,"Fixed wing multi engine","BOEING","717-200",2,100,0,"Turbo-fan"
"N977NN",2015,"Fixed wing multi engine","BOEING","737-823",2,162,0,"Turbo-fan"
"N977UY",2012,"Fixed wing multi engine","AIRBUS","A321-231",2,379,0,"Turbo-fan"
"N978AN",2001,"Fixed wing multi engine","BOEING","737-823",2,162,0,"Turbo-fan"
"N978AT",2002,"Fixed wing multi engine","BOEING","717-200",2,100,0,"Turbo-fan"
"N978JB",2017,"Fixed wing multi engine","AIRBUS","A321-231",2,379,0,"Turbo-fan"
"N978NN",2015,"Fixed wing multi engine","BOEING","737-823",2,162,0,"Turbo-fan"
"N978SW",2004,"Fixed wing multi engine","BOMBARDIER INC","CL-600-2B19",2,55,0,"Turbo-fan"
"N978UY",2012,"Fixed wing multi engine","AIRBUS","A321-231",2,379,0,"Turbo-fan"
"N979AN",2009,"Fixed wing multi engine","BOEING","737-823",2,162,0,"Turbo-fan"
"N979AT",2002,"Fixed wing multi engine","BOEING","717-200",2,100,0,"Turbo-fan"
"N979DL",NA,"Fixed wing single engine","THIESSEN DUANE D","CH 750 STOL",1,2,0,"4 Cycle"
"N979EV",2003,"Fixed wing multi engine","BOMBARDIER INC","CL-600-2B19",2,55,0,"Turbo-fan"
"N979NN",2015,"Fixed wing multi engine","BOEING","737-823",2,162,0,"Turbo-fan"
"N979RP",2005,"Fixed wing multi engine","EMBRAER","ERJ 170-100 SE",2,70,0,"Turbo-fan"
"N979SW",2004,"Fixed wing multi engine","BOMBARDIER INC","CL-600-2B19",2,55,0,"Turbo-fan"
"N979TW",1999,"Fixed wing multi engine","MCDONNELL DOUGLAS","DC-9-83(MD-83)",2,172,0,"Turbo-fan"
"N979UY",2013,"Fixed wing multi engine","AIRBUS","A321-231",2,379,0,"Turbo-fan"
"N980AN",2009,"Fixed wing multi engine","BOEING","737-823",2,162,0,"Turbo-fan"
"N980AT",2002,"Fixed wing multi engine","BOEING","717-200",2,100,0,"Turbo-fan"
"N980EV",2003,"Fixed wing multi engine","BOMBARDIER INC","CL-600-2B19",2,55,0,"Turbo-fan"
"N980NN",2015,"Fixed wing multi engine","BOEING","737-823",2,162,0,"Turbo-fan"
"N980SW",2004,"Fixed wing multi engine","BOMBARDIER INC","CL-600-2B19",2,55,0,"Turbo-fan"
"N980TW",1999,"Fixed wing multi engine","MCDONNELL DOUGLAS","DC-9-83(MD-83)",2,172,0,"Turbo-fan"
"N980UY",2013,"Fixed wing multi engine","AIRBUS","A321-231",2,379,0,"Turbo-fan"
"N981AN",2009,"Fixed wing multi engine","BOEING","737-823",2,162,0,"Turbo-fan"
"N981AT",2002,"Fixed wing multi engine","BOEING","717-200",2,100,0,"Turbo-fan"
"N981EV",2003,"Fixed wing multi engine","BOMBARDIER INC","CL-600-2B19",2,55,0,"Turbo-fan"
"N981NN",2015,"Fixed wing multi engine","BOEING","737-823",2,162,0,"Turbo-fan"
"N981UY",2013,"Fixed wing multi engine","AIRBUS","A321-231",2,379,0,"Turbo-fan"
"N982AN",2009,"Fixed wing multi engine","BOEING","737-823",2,162,0,"Turbo-fan"
"N982AT",2002,"Fixed wing multi engine","BOEING","717-200",2,100,0,"Turbo-fan"
"N982NN",2015,"Fixed wing multi engine","BOEING","737-823",2,162,0,"Turbo-fan"
"N982SW",2004,"Fixed wing multi engine","BOMBARDIER INC","CL-600-2B19",2,55,0,"Turbo-fan"
"N982TW",1999,"Fixed wing multi engine","MCDONNELL DOUGLAS","DC-9-83(MD-83)",2,172,0,"Turbo-fan"
"N982VJ",2012,"Fixed wing multi engine","AIRBUS","A321-231",2,379,0,"Turbo-fan"
"N983AN",2009,"Fixed wing multi engine","BOEING","737-823",2,162,0,"Turbo-fan"
"N983AT",NA,"Fixed wing multi engine","BOEING","717-200",2,100,0,"Turbo-fan"
"N983NN",2015,"Fixed wing multi engine","BOEING","737-823",2,162,0,"Turbo-fan"
"N983SW",2004,"Fixed wing multi engine","BOMBARDIER INC","CL-600-2B19",2,55,0,"Turbo-fan"
"N983TW",1999,"Fixed wing multi engine","MCDONNELL DOUGLAS","DC-9-83(MD-83)",2,172,0,"Turbo-fan"
"N984NN",2016,"Fixed wing multi engine","BOEING","737-823",2,162,0,"Turbo-fan"
"N985AT",2001,"Fixed wing multi engine","BOEING","717-200",2,100,0,"Turbo-fan"
"N985NN",2016,"Fixed wing multi engine","BOEING","737-823",2,162,0,"Turbo-fan"
"N986AN",2016,"Fixed wing multi engine","AIRBUS","A321-231",2,379,0,"Turbo-fan"
"N986AT",2001,"Fixed wing multi engine","BOEING","717-200",2,100,0,"Turbo-fan"
"N986NN",2016,"Fixed wing multi engine","BOEING","737-823",2,162,0,"Turbo-fan"
"N986SW",2004,"Fixed wing multi engine","BOMBARDIER INC","CL-600-2B19",2,55,0,"Turbo-fan"
"N987AM",2016,"Fixed wing multi engine","AIRBUS","A321-231",2,379,0,"Turbo-fan"
"N987AN",2009,"Fixed wing multi engine","BOEING","737-823",2,162,0,"Turbo-fan"
"N987NN",2016,"Fixed wing multi engine","BOEING","737-823",2,162,0,"Turbo-fan"
"N988AL",2016,"Fixed wing multi engine","AIRBUS","A321-231",2,379,0,"Turbo-fan"
"N988AT",2001,"Fixed wing multi engine","BOEING","717-200",2,100,0,"Turbo-fan"
"N988NN",2016,"Fixed wing multi engine","BOEING","737-823",2,162,0,"Turbo-fan"
"N989AN",2009,"Fixed wing multi engine","BOEING","737-823",2,162,0,"Turbo-fan"
"N989AT",2001,"Fixed wing multi engine","BOEING","717-200",2,100,0,"Turbo-fan"
"N989AU",2016,"Fixed wing multi engine","AIRBUS","A321-231",2,379,0,"Turbo-fan"
"N989NN",2016,"Fixed wing multi engine","BOEING","737-823",2,162,0,"Turbo-fan"
"N990AN",2009,"Fixed wing multi engine","BOEING","737-823",2,162,0,"Turbo-fan"
"N990AT",2001,"Fixed wing multi engine","BOEING","717-200",2,100,0,"Turbo-fan"
"N990AU",2016,"Fixed wing multi engine","AIRBUS","A321-231",2,379,0,"Turbo-fan"
"N990DL",1991,"Fixed wing multi engine","MCDONNELL DOUGLAS AIRCRAFT CO","MD-88",2,142,0,"Turbo-fan"
"N990NN",2016,"Fixed wing multi engine","BOEING","737-823",2,162,0,"Turbo-fan"
"N991AN",2009,"Fixed wing multi engine","BOEING","737-823",2,162,0,"Turbo-fan"
"N991AT",NA,"Fixed wing multi engine","BOEING","717-200",2,100,0,"Turbo-fan"
"N991AU",2016,"Fixed wing multi engine","AIRBUS","A321-231",2,379,0,"Turbo-fan"
"N991NN",2016,"Fixed wing multi engine","BOEING","737-823",2,162,0,"Turbo-fan"
"N992AN",2009,"Fixed wing multi engine","BOEING","737-823",2,162,0,"Turbo-fan"
"N992AT",2002,"Fixed wing multi engine","BOEING","717-200",2,100,0,"Turbo-fan"
"N992AU",2016,"Fixed wing multi engine","AIRBUS","A321-231",2,379,0,"Turbo-fan"
"N992NN",2016,"Fixed wing multi engine","BOEING","737-823",2,162,0,"Turbo-fan"
"N993AN",2016,"Fixed wing multi engine","AIRBUS","A321-231",2,379,0,"Turbo-fan"
"N993AT",2002,"Fixed wing multi engine","BOEING","717-200",2,100,0,"Turbo-fan"
"N993NN",2016,"Fixed wing multi engine","BOEING","737-823",2,162,0,"Turbo-fan"
"N994AN",2016,"Fixed wing multi engine","AIRBUS","A321-231",2,379,0,"Turbo-fan"
"N994AT",2002,"Fixed wing multi engine","BOEING","717-200",2,100,0,"Turbo-fan"
"N994DL",NA,"Fixed wing multi engine","MCDONNELL DOUGLAS CORPORATION","MD-88",2,142,0,"Turbo-jet"
"N994NN",2016,"Fixed wing multi engine","BOEING","737-823",2,162,0,"Turbo-fan"
"N995AN",2016,"Fixed wing multi engine","AIRBUS","A321-231",2,379,0,"Turbo-fan"
"N995AT",2002,"Fixed wing multi engine","BOEING","717-200",2,100,0,"Turbo-fan"
"N995NN",2016,"Fixed wing multi engine","BOEING","737-823",2,162,0,"Turbo-fan"
"N996AN",2016,"Fixed wing multi engine","AIRBUS","A321-231",2,379,0,"Turbo-fan"
"N996AT",2002,"Fixed wing multi engine","BOEING","717-200",2,100,0,"Turbo-fan"
"N996NN",2016,"Fixed wing multi engine","BOEING","737-823",2,162,0,"Turbo-fan"
"N997AA",2017,"Fixed wing multi engine","AIRBUS","A321-231",2,379,0,"Turbo-fan"
"N997AT",2002,"Fixed wing multi engine","BOEING","717-200",2,100,0,"Turbo-fan"
"N997DL",1992,"Fixed wing multi engine","MCDONNELL DOUGLAS AIRCRAFT CO","MD-88",2,142,0,"Turbo-fan"
"N997NN",2016,"Fixed wing multi engine","BOEING","737-823",2,162,0,"Turbo-fan"
"N998AN",2017,"Fixed wing multi engine","AIRBUS","A321-231",2,379,0,"Turbo-fan"
"N998AT",2002,"Fixed wing multi engine","BOEING","717-200",2,100,0,"Turbo-fan"
"N998NN",2016,"Fixed wing multi engine","BOEING","737-800",2,175,0,"Turbo-fan"
